method,level,day,hits,hours,width
cqr_rolling,0.8,2022-04-01,8,24,4807.36
cqr_rolling,0.8,2022-04-02,13,24,6384.39
cqr_rolling,0.8,2022-04-03,24,24,8159.19
cqr_rolling,0.8,2022-04-04,24,24,6482.91
cqr_rolling,0.8,2022-04-05,22,24,5749.36
cqr_rolling,0.8,2022-04-06,17,24,5542.6
cqr_rolling,0.8,2022-04-07,24,24,5471.05
cqr_rolling,0.8,2022-04-08,11,24,6472.11
cqr_rolling,0.8,2022-04-09,20,24,5806.33
cqr_rolling,0.8,2022-04-10,22,24,6346.05
cqr_rolling,0.8,2022-04-11,23,24,5619.35
cqr_rolling,0.8,2022-04-12,24,24,5755.6
cqr_rolling,0.8,2022-04-13,24,24,5962.3
cqr_rolling,0.8,2022-04-14,17,24,5677.39
cqr_rolling,0.8,2022-04-15,11,24,5543.16
cqr_rolling,0.8,2022-04-16,4,24,4297.83
cqr_rolling,0.8,2022-04-17,22,24,5321.41
cqr_rolling,0.8,2022-04-18,24,24,6730.1
cqr_rolling,0.8,2022-04-19,8,24,6378.75
cqr_rolling,0.8,2022-04-20,24,24,5316.48
cqr_rolling,0.8,2022-04-21,24,24,4591.59
cqr_rolling,0.8,2022-04-22,24,24,4227
cqr_rolling,0.8,2022-04-23,20,24,4331.37
cqr_rolling,0.8,2022-04-24,16,24,5004.78
cqr_rolling,0.8,2022-04-25,17,24,6888.91
cqr_rolling,0.8,2022-04-26,21,24,4751.23
cqr_rolling,0.8,2022-04-27,11,24,4089.82
cqr_rolling,0.8,2022-04-28,24,24,4107.87
cqr_rolling,0.8,2022-04-29,24,24,4372.28
cqr_rolling,0.8,2022-04-30,24,24,4650.19
cqr_rolling,0.8,2022-05-01,23,24,4814.57
cqr_rolling,0.8,2022-05-02,24,24,4692.31
cqr_rolling,0.8,2022-05-03,20,24,3799.86
cqr_rolling,0.8,2022-05-04,14,24,3737.2
cqr_rolling,0.8,2022-05-05,12,24,3469.37
cqr_rolling,0.8,2022-05-06,15,24,3703.46
cqr_rolling,0.8,2022-05-07,24,24,4441.9
cqr_rolling,0.8,2022-05-08,19,24,4267.37
cqr_rolling,0.8,2022-05-09,23,24,4125.37
cqr_rolling,0.8,2022-05-10,24,24,4230.98
cqr_rolling,0.8,2022-05-11,24,24,4301.22
cqr_rolling,0.8,2022-05-12,24,24,3980.95
cqr_rolling,0.8,2022-05-13,24,24,3531.42
cqr_rolling,0.8,2022-05-14,24,24,3721.02
cqr_rolling,0.8,2022-05-15,24,24,3795.49
cqr_rolling,0.8,2022-05-16,24,24,3869.58
cqr_rolling,0.8,2022-05-17,24,24,3883.86
cqr_rolling,0.8,2022-05-18,20,24,3446.94
cqr_rolling,0.8,2022-05-19,24,24,3687.73
cqr_rolling,0.8,2022-05-20,24,24,3681.31
cqr_rolling,0.8,2022-05-21,24,24,3247.95
cqr_rolling,0.8,2022-05-22,24,24,3653.36
cqr_rolling,0.8,2022-05-23,24,24,3000.79
cqr_rolling,0.8,2022-05-24,22,24,3175.12
cqr_rolling,0.8,2022-05-25,24,24,3118.96
cqr_rolling,0.8,2022-05-26,24,24,4749.58
cqr_rolling,0.8,2022-05-27,19,24,4086.9
cqr_rolling,0.8,2022-05-28,18,24,2958
cqr_rolling,0.8,2022-05-29,17,24,3415.79
cqr_rolling,0.8,2022-05-30,22,24,2953.68
cqr_rolling,0.8,2022-05-31,23,24,3373.81
cqr_rolling,0.8,2022-06-01,24,24,2816.74
cqr_rolling,0.8,2022-06-02,24,24,3133.73
cqr_rolling,0.8,2022-06-03,24,24,3281.84
cqr_rolling,0.8,2022-06-04,24,24,2986.63
cqr_rolling,0.8,2022-06-05,24,24,3489.83
cqr_rolling,0.8,2022-06-06,24,24,3822.28
cqr_rolling,0.8,2022-06-07,24,24,3257.38
cqr_rolling,0.8,2022-06-08,24,24,3207.16
cqr_rolling,0.8,2022-06-09,24,24,2427.2
cqr_rolling,0.8,2022-06-10,24,24,2517.53
cqr_rolling,0.8,2022-06-11,24,24,2530.02
cqr_rolling,0.8,2022-06-12,23,24,2701.53
cqr_rolling,0.8,2022-06-13,23,24,3177.16
cqr_rolling,0.8,2022-06-14,21,24,2931.42
cqr_rolling,0.8,2022-06-15,24,24,3032.15
cqr_rolling,0.8,2022-06-16,24,24,2880.24
cqr_rolling,0.8,2022-06-17,24,24,2860.46
cqr_rolling,0.8,2022-06-18,24,24,3176.88
cqr_rolling,0.8,2022-06-19,24,24,2634.37
cqr_rolling,0.8,2022-06-20,24,24,2728.02
cqr_rolling,0.8,2022-06-21,19,24,2407.36
cqr_rolling,0.8,2022-06-22,19,24,2577.13
cqr_rolling,0.8,2022-06-23,11,24,2646.13
cqr_rolling,0.8,2022-06-24,12,24,2677.85
cqr_rolling,0.8,2022-06-25,7,24,2241.38
cqr_rolling,0.8,2022-06-26,24,24,2935.44
cqr_rolling,0.8,2022-06-27,24,24,2677.1
cqr_rolling,0.8,2022-06-28,24,24,2724.46
cqr_rolling,0.8,2022-06-29,24,24,2525.8
cqr_rolling,0.8,2022-06-30,24,24,2501.65
cqr_rolling,0.8,2022-07-01,24,24,2372.18
cqr_rolling,0.8,2022-07-02,24,24,2328.24
cqr_rolling,0.8,2022-07-03,18,24,2480.31
cqr_rolling,0.8,2022-07-04,17,24,2725.71
cqr_rolling,0.8,2022-07-05,24,24,2359.72
cqr_rolling,0.8,2022-07-06,24,24,2311.9
cqr_rolling,0.8,2022-07-07,24,24,2353.81
cqr_rolling,0.8,2022-07-08,22,24,2407.93
cqr_rolling,0.8,2022-07-09,24,24,2215.21
cqr_rolling,0.8,2022-07-10,22,24,2086.15
cqr_rolling,0.8,2022-07-11,20,24,2708.19
cqr_rolling,0.8,2022-07-12,24,24,2385.25
cqr_rolling,0.8,2022-07-13,24,24,2417.33
cqr_rolling,0.8,2022-07-14,24,24,5206.21
cqr_rolling,0.8,2022-07-15,24,24,3117.99
cqr_rolling,0.8,2022-07-16,23,24,2617.62
cqr_rolling,0.8,2022-07-17,24,24,2487.86
cqr_rolling,0.8,2022-07-18,17,24,2412.12
cqr_rolling,0.8,2022-07-19,24,24,2524.48
cqr_rolling,0.8,2022-07-20,24,24,2533.67
cqr_rolling,0.8,2022-07-21,24,24,2901.75
cqr_rolling,0.8,2022-07-22,22,24,2072.57
cqr_rolling,0.8,2022-07-23,24,24,2604.49
cqr_rolling,0.8,2022-07-24,17,24,2041.71
cqr_rolling,0.8,2022-07-25,15,24,2152.77
cqr_rolling,0.8,2022-07-26,12,24,1535.2
cqr_rolling,0.8,2022-07-27,24,24,2028.65
cqr_rolling,0.8,2022-07-28,24,24,2190
cqr_rolling,0.8,2022-07-29,15,24,1986.73
cqr_rolling,0.8,2022-07-30,20,24,1982
cqr_rolling,0.8,2022-07-31,24,24,2001.03
cqr_rolling,0.8,2022-08-01,23,24,2401.95
cqr_rolling,0.8,2022-08-02,22,24,2454.99
cqr_rolling,0.8,2022-08-03,15,24,2365.48
cqr_rolling,0.8,2022-08-04,24,24,2234.93
cqr_rolling,0.8,2022-08-05,24,24,2156.99
cqr_rolling,0.8,2022-08-06,14,24,1813.63
cqr_rolling,0.8,2022-08-07,24,24,1887.75
cqr_rolling,0.8,2022-08-08,24,24,2194.74
cqr_rolling,0.8,2022-08-09,24,24,2096.22
cqr_rolling,0.8,2022-08-10,21,24,1716.57
cqr_rolling,0.8,2022-08-11,22,24,1794.04
cqr_rolling,0.8,2022-08-12,23,24,2262.18
cqr_rolling,0.8,2022-08-13,24,24,2039.69
cqr_rolling,0.8,2022-08-14,13,24,2264.48
cqr_rolling,0.8,2022-08-15,21,24,2624.8
cqr_rolling,0.8,2022-08-16,23,24,2120.24
cqr_rolling,0.8,2022-08-17,18,24,1634.09
cqr_rolling,0.8,2022-08-18,22,24,1828.65
cqr_rolling,0.8,2022-08-19,24,24,1871.22
cqr_rolling,0.8,2022-08-20,24,24,1951.07
cqr_rolling,0.8,2022-08-21,19,24,2355.56
cqr_rolling,0.8,2022-08-22,19,24,2854.37
cqr_rolling,0.8,2022-08-23,16,24,2903.59
cqr_rolling,0.8,2022-08-24,20,24,2193.38
cqr_rolling,0.8,2022-08-25,24,24,2247.8
cqr_rolling,0.8,2022-08-26,24,24,2051.68
cqr_rolling,0.8,2022-08-27,24,24,1921.82
cqr_rolling,0.8,2022-08-28,24,24,1632.67
cqr_rolling,0.8,2022-08-29,24,24,2277.43
cqr_rolling,0.8,2022-08-30,17,24,1820.76
cqr_rolling,0.8,2022-08-31,24,24,1935.15
cqr_rolling,0.8,2022-09-01,24,24,1700.96
cqr_rolling,0.8,2022-09-02,24,24,1716.41
cqr_rolling,0.8,2022-09-03,24,24,1659.49
cqr_rolling,0.8,2022-09-04,23,24,1912.35
cqr_rolling,0.8,2022-09-05,20,24,1958.34
cqr_rolling,0.8,2022-09-06,19,24,2061.26
cqr_rolling,0.8,2022-09-07,24,24,1909.83
cqr_rolling,0.8,2022-09-08,24,24,1494.64
cqr_rolling,0.8,2022-09-09,18,24,1411.5
cqr_rolling,0.8,2022-09-10,22,24,1540.62
cqr_rolling,0.8,2022-09-11,24,24,1521
cqr_rolling,0.8,2022-09-12,24,24,1953.73
cqr_rolling,0.8,2022-09-13,22,24,2107.06
cqr_rolling,0.8,2022-09-14,21,24,1397.67
cqr_rolling,0.8,2022-09-15,23,24,1268.84
cqr_rolling,0.8,2022-09-16,24,24,1855.94
cqr_rolling,0.8,2022-09-17,14,24,1877.44
cqr_rolling,0.8,2022-09-18,19,24,1875.51
cqr_rolling,0.8,2022-09-19,20,24,1897.28
cqr_rolling,0.8,2022-09-20,22,24,2110.48
cqr_rolling,0.8,2022-09-21,23,24,1740.32
cqr_rolling,0.8,2022-09-22,20,24,1442.05
cqr_rolling,0.8,2022-09-23,24,24,1675.39
cqr_rolling,0.8,2022-09-24,24,24,2010.96
cqr_rolling,0.8,2022-09-25,23,24,2046.26
cqr_rolling,0.8,2022-09-26,21,24,1949.13
cqr_rolling,0.8,2022-09-27,18,24,1728.38
cqr_rolling,0.8,2022-09-28,24,24,1688.28
cqr_rolling,0.8,2022-09-29,19,24,1742.4
cqr_rolling,0.8,2022-09-30,21,24,1766.19
cqr_rolling,0.8,2022-10-01,24,24,2222.62
cqr_rolling,0.8,2022-10-02,16,24,1970.78
cqr_rolling,0.8,2022-10-03,18,24,1572.9
cqr_rolling,0.8,2022-10-04,10,24,1185.97
cqr_rolling,0.8,2022-10-05,14,24,1187.36
cqr_rolling,0.8,2022-10-06,16,24,1208.19
cqr_rolling,0.8,2022-10-07,19,24,1093.81
cqr_rolling,0.8,2022-10-08,15,24,1726.7
cqr_rolling,0.8,2022-10-09,15,24,1920.16
cqr_rolling,0.8,2022-10-10,19,24,1344.32
cqr_rolling,0.8,2022-10-11,23,24,1922.61
cqr_rolling,0.8,2022-10-12,16,24,1353.01
cqr_rolling,0.8,2022-10-13,16,24,1364.77
cqr_rolling,0.8,2022-10-14,11,24,1454.91
cqr_rolling,0.8,2022-10-15,12,24,1314.94
cqr_rolling,0.8,2022-10-16,15,24,1585.2
cqr_rolling,0.8,2022-10-17,14,24,1590.29
cqr_rolling,0.8,2022-10-18,19,24,1383.54
cqr_rolling,0.8,2022-10-19,23,24,1307.7
cqr_rolling,0.8,2022-10-20,20,24,1263.74
cqr_rolling,0.8,2022-10-21,22,24,1595.59
cqr_rolling,0.8,2022-10-22,23,24,1997.53
cqr_rolling,0.8,2022-10-23,18,24,1793.59
cqr_rolling,0.8,2022-10-24,11,24,1643.77
cqr_rolling,0.8,2022-10-25,24,24,1815.29
cqr_rolling,0.8,2022-10-26,23,24,1717.04
cqr_rolling,0.8,2022-10-27,21,24,1756.61
cqr_rolling,0.8,2022-10-28,20,24,1748.9
cqr_rolling,0.8,2022-10-29,19,24,1854.37
cqr_rolling,0.8,2022-10-30,17,24,2103.62
cqr_rolling,0.8,2022-10-31,8,24,2730.52
cqr_rolling,0.8,2022-11-01,20,24,3404.41
cqr_rolling,0.8,2022-11-02,22,24,2728.83
cqr_rolling,0.8,2022-11-03,17,24,2855.29
cqr_rolling,0.8,2022-11-04,22,24,2888.21
cqr_rolling,0.8,2022-11-05,23,24,3044.94
cqr_rolling,0.8,2022-11-06,23,24,3586.95
cqr_rolling,0.8,2022-11-07,20,24,4705.45
cqr_rolling,0.8,2022-11-08,7,24,3663.4
cqr_rolling,0.8,2022-11-09,4,24,3396.92
cqr_rolling,0.8,2022-11-10,15,24,2734.19
cqr_rolling,0.8,2022-11-11,17,24,2327.13
cqr_rolling,0.8,2022-11-12,22,24,3014.33
cqr_rolling,0.8,2022-11-13,24,24,3232.67
cqr_rolling,0.8,2022-11-14,20,24,2666.43
cqr_rolling,0.8,2022-11-15,17,24,2030.55
cqr_rolling,0.8,2022-11-16,24,24,2573.25
cqr_rolling,0.8,2022-11-17,24,24,2582.65
cqr_rolling,0.8,2022-11-18,20,24,3524.05
cqr_rolling,0.8,2022-11-19,9,24,2675.3
cqr_rolling,0.8,2022-11-20,24,24,3830.08
cqr_rolling,0.8,2022-11-21,22,24,4327.91
cqr_rolling,0.8,2022-11-22,17,24,4064.12
cqr_rolling,0.8,2022-11-23,9,24,3219.61
cqr_rolling,0.8,2022-11-24,10,24,3559.59
cqr_rolling,0.8,2022-11-25,6,24,2672.11
cqr_rolling,0.8,2022-11-26,23,24,2562.39
cqr_rolling,0.8,2022-11-27,21,24,2816.36
cqr_rolling,0.8,2022-11-28,1,24,3476.22
cqr_rolling,0.8,2022-11-29,1,24,3068.49
cqr_rolling,0.8,2022-11-30,8,24,3022.56
cqr_rolling,0.8,2022-12-01,15,24,2498.24
cqr_rolling,0.8,2022-12-02,24,24,3660.76
cqr_rolling,0.8,2022-12-03,14,24,3084.07
cqr_rolling,0.8,2022-12-04,19,24,3040.94
cqr_rolling,0.8,2022-12-05,19,24,2353.7
cqr_rolling,0.8,2022-12-06,7,24,2516.78
cqr_rolling,0.8,2022-12-07,19,24,3487.73
cqr_rolling,0.8,2022-12-08,18,24,2970.34
cqr_rolling,0.8,2022-12-09,2,24,3164.16
cqr_rolling,0.8,2022-12-10,17,24,2850.43
cqr_rolling,0.8,2022-12-11,10,24,2606.08
cqr_rolling,0.8,2022-12-12,7,24,2483.96
cqr_rolling,0.8,2022-12-13,16,24,3051.54
cqr_rolling,0.8,2022-12-14,3,24,3744.67
cqr_rolling,0.8,2022-12-15,4,24,3700.43
cqr_rolling,0.8,2022-12-16,7,24,2394.65
cqr_rolling,0.8,2022-12-17,20,24,2760.11
cqr_rolling,0.8,2022-12-18,15,24,3906.05
cqr_rolling,0.8,2022-12-19,0,24,3715.73
cqr_rolling,0.8,2022-12-20,0,24,3120.85
cqr_rolling,0.8,2022-12-21,21,24,3163.08
cqr_rolling,0.8,2022-12-22,23,24,3321.89
cqr_rolling,0.8,2022-12-23,11,24,4070.84
cqr_rolling,0.8,2022-12-24,21,24,5415.9
cqr_rolling,0.8,2022-12-25,24,24,8789.98
cqr_rolling,0.8,2022-12-26,18,24,7974.75
cqr_rolling,0.8,2022-12-27,20,24,7531.62
cqr_rolling,0.8,2022-12-28,23,24,4180.92
cqr_rolling,0.8,2022-12-29,10,24,2988.11
cqr_rolling,0.8,2022-12-30,22,24,4909.11
cqr_rolling,0.8,2022-12-31,23,24,3452.55
cqr_rolling,0.8,2023-01-01,20,24,3964.87
cqr_rolling,0.8,2023-01-02,17,24,3601.76
cqr_rolling,0.8,2023-01-03,18,24,4740.44
cqr_rolling,0.8,2023-01-04,15,24,3862.69
cqr_rolling,0.8,2023-01-05,22,24,3534.72
cqr_rolling,0.8,2023-01-06,21,24,4345.51
cqr_rolling,0.8,2023-01-07,12,24,3224.62
cqr_rolling,0.8,2023-01-08,6,24,3089.85
cqr_rolling,0.8,2023-01-09,17,24,6192.85
cqr_rolling,0.8,2023-01-10,19,24,5376.61
cqr_rolling,0.8,2023-01-11,19,24,4534.42
cqr_rolling,0.8,2023-01-12,24,24,4373.15
cqr_rolling,0.8,2023-01-13,24,24,4488.68
cqr_rolling,0.8,2023-01-14,19,24,3553.1
cqr_rolling,0.8,2023-01-15,20,24,3958.4
cqr_rolling,0.8,2023-01-16,24,24,4698.33
cqr_rolling,0.8,2023-01-17,22,24,4041.44
cqr_rolling,0.8,2023-01-18,14,24,4655.56
cqr_rolling,0.8,2023-01-19,23,24,3894.77
cqr_rolling,0.8,2023-01-20,18,24,4112.06
cqr_rolling,0.8,2023-01-21,17,24,3169.1
cqr_rolling,0.8,2023-01-22,11,24,3814.61
cqr_rolling,0.8,2023-01-23,21,24,4694.73
cqr_rolling,0.8,2023-01-24,17,24,4665.47
cqr_rolling,0.8,2023-01-25,18,24,4400.07
cqr_rolling,0.8,2023-01-26,24,24,4461.05
cqr_rolling,0.8,2023-01-27,12,24,3861.67
cqr_rolling,0.8,2023-01-28,19,24,3371.32
cqr_rolling,0.8,2023-01-29,15,24,3046.11
cqr_rolling,0.8,2023-01-30,13,24,3887.68
cqr_rolling,0.8,2023-01-31,6,24,3734.58
cqr_rolling,0.8,2023-02-01,11,24,4994.73
cqr_rolling,0.8,2023-02-02,21,24,5018.07
cqr_rolling,0.8,2023-02-03,20,24,4095.3
cqr_rolling,0.8,2023-02-04,20,24,3134.65
cqr_rolling,0.8,2023-02-05,24,24,5154.43
cqr_rolling,0.8,2023-02-06,23,24,5409.98
cqr_rolling,0.8,2023-02-07,23,24,5112.35
cqr_rolling,0.8,2023-02-08,19,24,4856.73
cqr_rolling,0.8,2023-02-09,20,24,4755.21
cqr_rolling,0.8,2023-02-10,24,24,4600.24
cqr_rolling,0.8,2023-02-11,17,24,4214.09
cqr_rolling,0.8,2023-02-12,24,24,4996.43
cqr_rolling,0.8,2023-02-13,23,24,5160.68
cqr_rolling,0.8,2023-02-14,24,24,5000.48
cqr_rolling,0.8,2023-02-15,24,24,5314.15
cqr_rolling,0.8,2023-02-16,20,24,4559.04
cqr_rolling,0.8,2023-02-17,19,24,4079.19
cqr_rolling,0.8,2023-02-18,20,24,4343.53
cqr_rolling,0.8,2023-02-19,24,24,6018.92
cqr_rolling,0.8,2023-02-20,7,24,5349.49
cqr_rolling,0.8,2023-02-21,10,24,5190.1
cqr_rolling,0.8,2023-02-22,14,24,5616.7
cqr_rolling,0.8,2023-02-23,10,24,4748.87
cqr_rolling,0.8,2023-02-24,24,24,5604.55
cqr_rolling,0.8,2023-02-25,17,24,3514.24
cqr_rolling,0.8,2023-02-26,10,24,4409.8
cqr_rolling,0.8,2023-02-27,6,24,4462.92
cqr_rolling,0.8,2023-02-28,17,24,4514.38
cqr_rolling,0.8,2023-03-01,14,24,4134.48
cqr_rolling,0.8,2023-03-02,14,24,4831.31
cqr_rolling,0.8,2023-03-03,24,24,5299.74
cqr_rolling,0.8,2023-03-04,23,24,5806.26
cqr_rolling,0.8,2023-03-05,21,24,5567.39
cqr_rolling,0.8,2023-03-06,15,24,5426.66
cqr_rolling,0.8,2023-03-07,14,24,5976.56
cqr_rolling,0.8,2023-03-08,19,24,5583.71
cqr_rolling,0.8,2023-03-09,21,24,5000.99
cqr_rolling,0.8,2023-03-10,22,24,6358.49
cqr_rolling,0.8,2023-03-11,24,24,5869.52
cqr_rolling,0.8,2023-03-12,24,24,5165.17
cqr_rolling,0.8,2023-03-13,24,24,5218.96
cqr_rolling,0.8,2023-03-14,24,24,6721.79
cqr_rolling,0.8,2023-03-15,24,24,6267.63
cqr_rolling,0.8,2023-03-16,20,24,4727
cqr_rolling,0.8,2023-03-17,11,24,5291.2
cqr_rolling,0.8,2023-03-18,24,24,5132.59
cqr_rolling,0.8,2023-03-19,21,24,5375.06
cqr_rolling,0.8,2023-03-20,16,24,5780.67
cqr_rolling,0.8,2023-03-21,16,24,5296.9
cqr_rolling,0.8,2023-03-22,24,24,6362.17
cqr_rolling,0.8,2023-03-23,23,24,6586.48
cqr_rolling,0.8,2023-03-24,22,24,5984.67
cqr_rolling,0.8,2023-03-25,7,24,3888.15
cqr_rolling,0.8,2023-03-26,21,23,4225.37
cqr_rolling,0.8,2023-03-27,24,24,6234.55
cqr_rolling,0.8,2023-03-28,24,24,5854.88
cqr_rolling,0.8,2023-03-29,24,24,4160.17
cqr_rolling,0.8,2023-03-30,24,24,5242.19
cqr_rolling,0.8,2023-03-31,16,24,3990.91
cqr_rolling,0.8,2023-04-01,19,24,3837.97
cqr_rolling,0.8,2023-04-02,24,24,4403.77
cqr_rolling,0.8,2023-04-03,24,24,5159.58
cqr_rolling,0.8,2023-04-04,24,24,5645.24
cqr_rolling,0.8,2023-04-05,21,24,4977.76
cqr_rolling,0.8,2023-04-06,19,24,3298.78
cqr_rolling,0.8,2023-04-07,8,24,3425.26
cqr_rolling,0.8,2023-04-08,23,24,4039.63
cqr_rolling,0.8,2023-04-09,14,24,4729.6
cqr_rolling,0.8,2023-04-10,15,24,4151.22
cqr_rolling,0.8,2023-04-11,17,24,6039.97
cqr_rolling,0.8,2023-04-12,12,24,5208.53
cqr_rolling,0.8,2023-04-13,12,24,4665.4
cqr_rolling,0.8,2023-04-14,13,24,3729.1
cqr_rolling,0.8,2023-04-15,21,24,4400.58
cqr_rolling,0.8,2023-04-16,12,24,4259.16
cqr_rolling,0.8,2023-04-17,22,24,6159.13
cqr_rolling,0.8,2023-04-18,24,24,4850.68
cqr_rolling,0.8,2023-04-19,19,24,4328.19
cqr_rolling,0.8,2023-04-20,11,24,4238.48
cqr_rolling,0.8,2023-04-21,23,24,4670.75
cqr_rolling,0.8,2023-04-22,24,24,4034.41
cqr_rolling,0.8,2023-04-23,24,24,5081.95
cqr_rolling,0.8,2023-04-24,24,24,5087.39
cqr_rolling,0.8,2023-04-25,24,24,4207.28
cqr_rolling,0.8,2023-04-26,18,24,3938.31
cqr_rolling,0.8,2023-04-27,24,24,3978.35
cqr_rolling,0.8,2023-04-28,24,24,4762.89
cqr_rolling,0.8,2023-04-29,24,24,3980.18
cqr_rolling,0.8,2023-04-30,24,24,4699.51
cqr_rolling,0.8,2023-05-01,21,24,4417.4
cqr_rolling,0.8,2023-05-02,24,24,5427.06
cqr_rolling,0.8,2023-05-03,24,24,4050.63
cqr_rolling,0.8,2023-05-04,22,24,3955.13
cqr_rolling,0.8,2023-05-05,12,24,3508.74
cqr_rolling,0.8,2023-05-06,22,24,3183.74
cqr_rolling,0.8,2023-05-07,24,24,3743.39
cqr_rolling,0.8,2023-05-08,6,24,3272.6
cqr_rolling,0.8,2023-05-09,21,24,3625.57
cqr_rolling,0.8,2023-05-10,20,24,3620.05
cqr_rolling,0.8,2023-05-11,24,24,3637.23
cqr_rolling,0.8,2023-05-12,24,24,3371.89
cqr_rolling,0.8,2023-05-13,23,24,3604.71
cqr_rolling,0.8,2023-05-14,18,24,3458.03
cqr_rolling,0.8,2023-05-15,17,24,5771.12
cqr_rolling,0.8,2023-05-16,21,24,4093.83
cqr_rolling,0.8,2023-05-17,19,24,3504.32
cqr_rolling,0.8,2023-05-18,24,24,4846.23
cqr_rolling,0.8,2023-05-19,21,24,4357.75
cqr_rolling,0.8,2023-05-20,23,24,4292.89
cqr_rolling,0.8,2023-05-21,24,24,3513.9
cqr_rolling,0.8,2023-05-22,24,24,3477.54
cqr_rolling,0.8,2023-05-23,24,24,3667.35
cqr_rolling,0.8,2023-05-24,24,24,3040.42
cqr_rolling,0.8,2023-05-25,17,24,3689.34
cqr_rolling,0.8,2023-05-26,24,24,3842.96
cqr_rolling,0.8,2023-05-27,24,24,3182.66
cqr_rolling,0.8,2023-05-28,23,24,2986.2
cqr_rolling,0.8,2023-05-29,22,24,3882.14
cqr_rolling,0.8,2023-05-30,24,24,3216.21
cqr_rolling,0.8,2023-05-31,16,24,3112.64
cqr_rolling,0.8,2023-06-01,22,24,2810.67
cqr_rolling,0.8,2023-06-02,22,24,2520.55
cqr_rolling,0.8,2023-06-03,24,24,2600.32
cqr_rolling,0.8,2023-06-04,24,24,2803.93
cqr_rolling,0.8,2023-06-05,24,24,3091.85
cqr_rolling,0.8,2023-06-06,22,24,2640.75
cqr_rolling,0.8,2023-06-07,23,24,2478
cqr_rolling,0.8,2023-06-08,24,24,2612.17
cqr_rolling,0.8,2023-06-09,24,24,2428.21
cqr_rolling,0.8,2023-06-10,24,24,2515.69
cqr_rolling,0.8,2023-06-11,24,24,2602.27
cqr_rolling,0.8,2023-06-12,23,24,2511.35
cqr_rolling,0.8,2023-06-13,24,24,2718.03
cqr_rolling,0.8,2023-06-14,24,24,2385.69
cqr_rolling,0.8,2023-06-15,24,24,2301.06
cqr_rolling,0.8,2023-06-16,24,24,2246.53
cqr_rolling,0.8,2023-06-17,24,24,2019.02
cqr_rolling,0.8,2023-06-18,24,24,2665.7
cqr_rolling,0.8,2023-06-19,23,24,2122.02
cqr_rolling,0.8,2023-06-20,24,24,2421.66
cqr_rolling,0.8,2023-06-21,24,24,2253.95
cqr_rolling,0.8,2023-06-22,24,24,2358.48
cqr_rolling,0.8,2023-06-23,24,24,2342.23
cqr_rolling,0.8,2023-06-24,24,24,2127.08
cqr_rolling,0.8,2023-06-25,23,24,2146.08
cqr_rolling,0.8,2023-06-26,20,24,1964.71
cqr_rolling,0.8,2023-06-27,24,24,2351.97
cqr_rolling,0.8,2023-06-28,24,24,1960.69
cqr_rolling,0.8,2023-06-29,24,24,2104.48
cqr_rolling,0.8,2023-06-30,17,24,1864.84
cqr_rolling,0.8,2023-07-01,24,24,2493.91
cqr_rolling,0.8,2023-07-02,24,24,2711.62
cqr_rolling,0.8,2023-07-03,24,24,2180.73
cqr_rolling,0.8,2023-07-04,19,24,1954.09
cqr_rolling,0.8,2023-07-05,8,24,1710.83
cqr_rolling,0.8,2023-07-06,24,24,1923.76
cqr_rolling,0.8,2023-07-07,18,24,2440.72
cqr_rolling,0.8,2023-07-08,12,24,1892.42
cqr_rolling,0.8,2023-07-09,21,24,2174.62
cqr_rolling,0.8,2023-07-10,24,24,2569.94
cqr_rolling,0.8,2023-07-11,24,24,2101.93
cqr_rolling,0.8,2023-07-12,21,24,2115.39
cqr_rolling,0.8,2023-07-13,11,24,1812.32
cqr_rolling,0.8,2023-07-14,19,24,3664.12
cqr_rolling,0.8,2023-07-15,24,24,2811.28
cqr_rolling,0.8,2023-07-16,24,24,2401.14
cqr_rolling,0.8,2023-07-17,24,24,2347.52
cqr_rolling,0.8,2023-07-18,24,24,2092.68
cqr_rolling,0.8,2023-07-19,14,24,1663.98
cqr_rolling,0.8,2023-07-20,24,24,1899.43
cqr_rolling,0.8,2023-07-21,24,24,2575.19
cqr_rolling,0.8,2023-07-22,24,24,1994.33
cqr_rolling,0.8,2023-07-23,24,24,2045.07
cqr_rolling,0.8,2023-07-24,16,24,1595.38
cqr_rolling,0.8,2023-07-25,12,24,1907.81
cqr_rolling,0.8,2023-07-26,14,24,1633.58
cqr_rolling,0.8,2023-07-27,23,24,1735.68
cqr_rolling,0.8,2023-07-28,23,24,1802.98
cqr_rolling,0.8,2023-07-29,23,24,1764.66
cqr_rolling,0.8,2023-07-30,24,24,1812.17
cqr_rolling,0.8,2023-07-31,16,24,1847.98
cqr_rolling,0.8,2023-08-01,24,24,2120.37
cqr_rolling,0.8,2023-08-02,14,24,2232.36
cqr_rolling,0.8,2023-08-03,21,24,1719.22
cqr_rolling,0.8,2023-08-04,19,24,1925.13
cqr_rolling,0.8,2023-08-05,18,24,1747.58
cqr_rolling,0.8,2023-08-06,19,24,2106.52
cqr_rolling,0.8,2023-08-07,18,24,2183.5
cqr_rolling,0.8,2023-08-08,24,24,1901.55
cqr_rolling,0.8,2023-08-09,20,24,2114.81
cqr_rolling,0.8,2023-08-10,24,24,2448.22
cqr_rolling,0.8,2023-08-11,19,24,2161.08
cqr_rolling,0.8,2023-08-12,21,24,1980.66
cqr_rolling,0.8,2023-08-13,13,24,1837.28
cqr_rolling,0.8,2023-08-14,22,24,2280.6
cqr_rolling,0.8,2023-08-15,24,24,3300.75
cqr_rolling,0.8,2023-08-16,24,24,1921.21
cqr_rolling,0.8,2023-08-17,24,24,1633.6
cqr_rolling,0.8,2023-08-18,24,24,1800.09
cqr_rolling,0.8,2023-08-19,20,24,1790.66
cqr_rolling,0.8,2023-08-20,15,24,1599.54
cqr_rolling,0.8,2023-08-21,3,24,1668.48
cqr_rolling,0.8,2023-08-22,0,24,1984.28
cqr_rolling,0.8,2023-08-23,0,24,2398.25
cqr_rolling,0.8,2023-08-24,24,24,2703.28
cqr_rolling,0.8,2023-08-25,12,24,2507.23
cqr_rolling,0.8,2023-08-26,5,24,2482.97
cqr_rolling,0.8,2023-08-27,13,24,2184.06
cqr_rolling,0.8,2023-08-28,10,24,2664.91
cqr_rolling,0.8,2023-08-29,7,24,2754.39
cqr_rolling,0.8,2023-08-30,16,24,2540.9
cqr_rolling,0.8,2023-08-31,24,24,2503.78
cqr_rolling,0.8,2023-09-01,9,24,2194.01
cqr_rolling,0.8,2023-09-02,22,24,1928.7
cqr_rolling,0.8,2023-09-03,13,24,1907.33
cqr_rolling,0.8,2023-09-04,24,24,2339.67
cqr_rolling,0.8,2023-09-05,24,24,2384.66
cqr_rolling,0.8,2023-09-06,24,24,2111.16
cqr_rolling,0.8,2023-09-07,23,24,1700.49
cqr_rolling,0.8,2023-09-08,16,24,1621.96
cqr_rolling,0.8,2023-09-09,21,24,1783.91
cqr_rolling,0.8,2023-09-10,19,24,1932.28
cqr_rolling,0.8,2023-09-11,24,24,2088.39
cqr_rolling,0.8,2023-09-12,24,24,2538.45
cqr_rolling,0.8,2023-09-13,24,24,2038.2
cqr_rolling,0.8,2023-09-14,24,24,1797.21
cqr_rolling,0.8,2023-09-15,23,24,1977.12
cqr_rolling,0.8,2023-09-16,24,24,2175.67
cqr_rolling,0.8,2023-09-17,22,24,2061.97
cqr_rolling,0.8,2023-09-18,24,24,1919.24
cqr_rolling,0.8,2023-09-19,19,24,1660.05
cqr_rolling,0.8,2023-09-20,22,24,1510.52
cqr_rolling,0.8,2023-09-21,23,24,1636.48
cqr_rolling,0.8,2023-09-22,24,24,1720.57
cqr_rolling,0.8,2023-09-23,21,24,2104.99
cqr_rolling,0.8,2023-09-24,22,24,1940.18
cqr_rolling,0.8,2023-09-25,22,24,2010.49
cqr_rolling,0.8,2023-09-26,18,24,1930.44
cqr_rolling,0.8,2023-09-27,23,24,1725.16
cqr_rolling,0.8,2023-09-28,22,24,1534.23
cqr_rolling,0.8,2023-09-29,22,24,1898.02
cqr_rolling,0.8,2023-09-30,21,24,2041.45
cqr_rolling,0.8,2023-10-01,21,24,2253.62
cqr_rolling,0.8,2023-10-02,23,24,2054.73
cqr_rolling,0.8,2023-10-03,20,24,2149.05
cqr_rolling,0.8,2023-10-04,24,24,1855.69
cqr_rolling,0.8,2023-10-05,24,24,1661.9
cqr_rolling,0.8,2023-10-06,24,24,1736.12
cqr_rolling,0.8,2023-10-07,24,24,1808.52
cqr_rolling,0.8,2023-10-08,23,24,1935.12
cqr_rolling,0.8,2023-10-09,24,24,2031.52
cqr_rolling,0.8,2023-10-10,24,24,1934.19
cqr_rolling,0.8,2023-10-11,18,24,1473.14
cqr_rolling,0.8,2023-10-12,23,24,1360.37
cqr_rolling,0.8,2023-10-13,21,24,1516.03
cqr_rolling,0.8,2023-10-14,24,24,1868.32
cqr_rolling,0.8,2023-10-15,24,24,2085.76
cqr_rolling,0.8,2023-10-16,18,24,2488.32
cqr_rolling,0.8,2023-10-17,24,24,2086.98
cqr_rolling,0.8,2023-10-18,22,24,1823.13
cqr_rolling,0.8,2023-10-19,22,24,1819.22
cqr_rolling,0.8,2023-10-20,21,24,1485.45
cqr_rolling,0.8,2023-10-21,24,24,1926.17
cqr_rolling,0.8,2023-10-22,24,24,2613.6
cqr_rolling,0.8,2023-10-23,22,24,3312.37
cqr_rolling,0.8,2023-10-24,11,24,2527
cqr_rolling,0.8,2023-10-25,16,24,2329.73
cqr_rolling,0.8,2023-10-26,21,24,1894.16
cqr_rolling,0.8,2023-10-27,24,24,2039.85
cqr_rolling,0.8,2023-10-28,24,24,2399.8
cqr_rolling,0.8,2023-10-29,22,24,2819.59
cqr_rolling,0.8,2023-10-30,20,24,2689.7
cqr_rolling,0.8,2023-10-31,15,24,2859.04
cqr_rolling,0.8,2023-11-01,13,24,1879.11
cqr_rolling,0.8,2023-11-02,22,24,3487.46
cqr_rolling,0.8,2023-11-03,24,24,3755.34
cqr_rolling,0.8,2023-11-04,20,24,2071.61
cqr_rolling,0.8,2023-11-05,23,24,2735.56
cqr_rolling,0.8,2023-11-06,22,24,3378.97
cqr_rolling,0.8,2023-11-07,19,24,3049.43
cqr_rolling,0.8,2023-11-08,9,24,3316.2
cqr_rolling,0.8,2023-11-09,13,24,3728.51
cqr_rolling,0.8,2023-11-10,22,24,3707.45
cqr_rolling,0.8,2023-11-11,21,24,4526.94
cqr_rolling,0.8,2023-11-12,22,24,2822.05
cqr_rolling,0.8,2023-11-13,15,24,2834.46
cqr_rolling,0.8,2023-11-14,16,24,2452.9
cqr_rolling,0.8,2023-11-15,7,24,2402.08
cqr_rolling,0.8,2023-11-16,21,24,2845.41
cqr_rolling,0.8,2023-11-17,5,24,3252.09
cqr_rolling,0.8,2023-11-18,21,24,2370.17
cqr_rolling,0.8,2023-11-19,9,24,2266.61
cqr_rolling,0.8,2023-11-20,23,24,3429.06
cqr_rolling,0.8,2023-11-21,23,24,2870.57
cqr_rolling,0.8,2023-11-22,24,24,2731.64
cqr_rolling,0.8,2023-11-23,17,24,3635.98
cqr_rolling,0.8,2023-11-24,23,24,3321.2
cqr_rolling,0.8,2023-11-25,19,24,3419.62
cqr_rolling,0.8,2023-11-26,13,24,3012.73
cqr_rolling,0.8,2023-11-27,20,24,2795.47
cqr_rolling,0.8,2023-11-28,11,24,3026.9
cqr_rolling,0.8,2023-11-29,19,24,3288.8
cqr_rolling,0.8,2023-11-30,2,24,2790.48
cqr_rolling,0.8,2023-12-01,12,24,3173.91
cqr_rolling,0.8,2023-12-02,12,24,3066.38
cqr_rolling,0.8,2023-12-03,15,24,2998.19
cqr_rolling,0.8,2023-12-04,24,24,3614.75
cqr_rolling,0.8,2023-12-05,10,24,2809.21
cqr_rolling,0.8,2023-12-06,16,24,2566.14
cqr_rolling,0.8,2023-12-07,0,24,3397.75
cqr_rolling,0.8,2023-12-08,13,24,3053.29
cqr_rolling,0.8,2023-12-09,16,24,3288.3
cqr_rolling,0.8,2023-12-10,8,24,2056.84
cqr_rolling,0.8,2023-12-11,14,24,2481.37
cqr_rolling,0.8,2023-12-12,24,24,2479.43
cqr_rolling,0.8,2023-12-13,18,24,2887.14
cqr_rolling,0.8,2023-12-14,22,24,3013.33
cqr_rolling,0.8,2023-12-15,23,24,3188.44
cqr_rolling,0.8,2023-12-16,16,24,3278.13
cqr_rolling,0.8,2023-12-17,2,24,2813.66
cqr_rolling,0.8,2023-12-18,0,24,3668.95
cqr_rolling,0.8,2023-12-19,5,24,3122.69
cqr_rolling,0.8,2023-12-20,7,24,3856.61
cqr_rolling,0.8,2023-12-21,6,24,2557.97
cqr_rolling,0.8,2023-12-22,1,24,3013.46
cqr_rolling,0.8,2023-12-23,16,24,2985.14
cqr_rolling,0.8,2023-12-24,10,24,2184.92
cqr_rolling,0.8,2023-12-25,15,24,5079.89
cqr_rolling,0.8,2023-12-26,4,24,7781.3
cqr_rolling,0.8,2023-12-27,19,24,3667.19
cqr_rolling,0.8,2023-12-28,23,24,3485.51
cqr_rolling,0.8,2023-12-29,23,24,3225.15
cqr_rolling,0.8,2023-12-30,18,24,3169.79
cqr_rolling,0.8,2023-12-31,13,24,3139.4
cqr_rolling,0.8,2024-01-01,19,24,3688.86
cqr_rolling,0.8,2024-01-02,18,24,4036.47
cqr_rolling,0.8,2024-01-03,20,24,3765.88
cqr_rolling,0.8,2024-01-04,24,24,3773.34
cqr_rolling,0.8,2024-01-05,23,24,3800.92
cqr_rolling,0.8,2024-01-06,21,24,3866.58
cqr_rolling,0.8,2024-01-07,19,24,2554.45
cqr_rolling,0.8,2024-01-08,2,24,3472.5
cqr_rolling,0.8,2024-01-09,0,24,7097.55
cqr_rolling,0.8,2024-01-10,24,24,4585.43
cqr_rolling,0.8,2024-01-11,20,24,4739.02
cqr_rolling,0.8,2024-01-12,16,24,4671.7
cqr_rolling,0.8,2024-01-13,14,24,4168.68
cqr_rolling,0.8,2024-01-14,21,24,4154.18
cqr_rolling,0.8,2024-01-15,1,24,4974.52
cqr_rolling,0.8,2024-01-16,3,24,4888.71
cqr_rolling,0.8,2024-01-17,5,24,4670.76
cqr_rolling,0.8,2024-01-18,11,24,5432.05
cqr_rolling,0.8,2024-01-19,12,24,4247.23
cqr_rolling,0.8,2024-01-20,16,24,4428.97
cqr_rolling,0.8,2024-01-21,16,24,5103.01
cqr_rolling,0.8,2024-01-22,23,24,5460.96
cqr_rolling,0.8,2024-01-23,20,24,5738.48
cqr_rolling,0.8,2024-01-24,21,24,4268.84
cqr_rolling,0.8,2024-01-25,20,24,4177.12
cqr_rolling,0.8,2024-01-26,22,24,5613.24
cqr_rolling,0.8,2024-01-27,24,24,5473.92
cqr_rolling,0.8,2024-01-28,24,24,5775.5
cqr_rolling,0.8,2024-01-29,23,24,5668.25
cqr_rolling,0.8,2024-01-30,19,24,4416.48
cqr_rolling,0.8,2024-01-31,24,24,5295.35
cqr_rolling,0.8,2024-02-01,24,24,4879.56
cqr_rolling,0.8,2024-02-02,24,24,4723.31
cqr_rolling,0.8,2024-02-03,18,24,4907.81
cqr_rolling,0.8,2024-02-04,13,24,5065.9
cqr_rolling,0.8,2024-02-05,6,24,4879.19
cqr_rolling,0.8,2024-02-06,12,24,5502.38
cqr_rolling,0.8,2024-02-07,24,24,5075.09
cqr_rolling,0.8,2024-02-08,24,24,5832.96
cqr_rolling,0.8,2024-02-09,24,24,5265.92
cqr_rolling,0.8,2024-02-10,24,24,5125.29
cqr_rolling,0.8,2024-02-11,24,24,5619.4
cqr_rolling,0.8,2024-02-12,24,24,6094.54
cqr_rolling,0.8,2024-02-13,24,24,6375.04
cqr_rolling,0.8,2024-02-14,18,24,5835.81
cqr_rolling,0.8,2024-02-15,24,24,5314.41
cqr_rolling,0.8,2024-02-16,24,24,4885.5
cqr_rolling,0.8,2024-02-17,24,24,5603.47
cqr_rolling,0.8,2024-02-18,24,24,5792.47
cqr_rolling,0.8,2024-02-19,24,24,6013.72
cqr_rolling,0.8,2024-02-20,24,24,5471.94
cqr_rolling,0.8,2024-02-21,8,24,5835.7
cqr_rolling,0.8,2024-02-22,13,24,5512.35
cqr_rolling,0.8,2024-02-23,18,24,4805.66
cqr_rolling,0.8,2024-02-24,24,24,4361.4
cqr_rolling,0.8,2024-02-25,24,24,5112.54
cqr_rolling,0.8,2024-02-26,24,24,6213.71
cqr_rolling,0.8,2024-02-27,24,24,6499.67
cqr_rolling,0.8,2024-02-28,24,24,5564.96
cqr_rolling,0.8,2024-02-29,19,24,5698.68
cqr_rolling,0.8,2024-03-01,23,24,5861.82
cqr_rolling,0.8,2024-03-02,24,24,5816.48
cqr_rolling,0.8,2024-03-03,24,24,5584.84
cqr_rolling,0.8,2024-03-04,23,24,6718.2
cqr_rolling,0.8,2024-03-05,13,24,6153.62
cqr_rolling,0.8,2024-03-06,24,24,6431.63
cqr_rolling,0.8,2024-03-07,24,24,5932.6
cqr_rolling,0.8,2024-03-08,24,24,5485.73
cqr_rolling,0.8,2024-03-09,18,24,4232.51
cqr_rolling,0.8,2024-03-10,22,24,4921.41
cqr_rolling,0.8,2024-03-11,24,24,5691.22
cqr_rolling,0.8,2024-03-12,24,24,5114.05
cqr_rolling,0.8,2024-03-13,24,24,5416.16
cqr_rolling,0.8,2024-03-14,24,24,5940.47
cqr_rolling,0.8,2024-03-15,24,24,7004.73
cqr_rolling,0.8,2024-03-16,24,24,6014.12
cqr_rolling,0.8,2024-03-17,19,24,5948.5
cqr_rolling,0.8,2024-03-18,24,24,6334.67
cqr_rolling,0.8,2024-03-19,23,24,6639.31
cqr_rolling,0.8,2024-03-20,24,24,6018.15
cqr_rolling,0.8,2024-03-21,24,24,6041.48
cqr_rolling,0.8,2024-03-22,24,24,5149.1
cqr_rolling,0.8,2024-03-23,22,24,3895.42
cqr_rolling,0.8,2024-03-24,21,24,4269.22
cqr_rolling,0.8,2024-03-25,22,24,5184.13
cqr_rolling,0.8,2024-03-26,13,24,4827.64
cqr_rolling,0.8,2024-03-27,9,24,3989.95
cqr_rolling,0.8,2024-03-28,7,24,3858.37
cqr_rolling,0.8,2024-03-29,24,24,4840.89
cqr_rolling,0.8,2024-03-30,24,24,6321.25
cqr_rolling,0.8,2024-03-31,22,23,5485.17
cqr_rolling,0.8,2024-04-01,13,24,4506.2
cqr_rolling,0.8,2024-04-02,24,24,6002.32
cqr_rolling,0.8,2024-04-03,24,24,4371.2
cqr_rolling,0.8,2024-04-04,24,24,4761.16
cqr_rolling,0.8,2024-04-05,24,24,4518.65
cqr_rolling,0.8,2024-04-06,24,24,3762.49
cqr_rolling,0.8,2024-04-07,21,24,4295.88
cqr_rolling,0.8,2024-04-08,15,24,3808.75
cqr_rolling,0.8,2024-04-09,6,24,5739.39
cqr_rolling,0.8,2024-04-10,24,24,3787
cqr_rolling,0.8,2024-04-11,23,24,3501.93
cqr_rolling,0.8,2024-04-12,22,24,3444.58
cqr_rolling,0.8,2024-04-13,23,24,2998.69
cqr_rolling,0.8,2024-04-14,24,24,3208.26
cqr_rolling,0.8,2024-04-15,19,24,3929.01
cqr_rolling,0.8,2024-04-16,21,24,4150.8
cqr_rolling,0.8,2024-04-17,15,24,3941.43
cqr_rolling,0.8,2024-04-18,24,24,3044.98
cqr_rolling,0.8,2024-04-19,14,24,3254.52
cqr_rolling,0.8,2024-04-20,24,24,4835.49
cqr_rolling,0.8,2024-04-21,21,24,4501.28
cqr_rolling,0.8,2024-04-22,24,24,6601.67
cqr_rolling,0.8,2024-04-23,16,24,4404.75
cqr_rolling,0.8,2024-04-24,18,24,3954.5
cqr_rolling,0.8,2024-04-25,22,24,3146.17
cqr_rolling,0.8,2024-04-26,15,24,2981.43
cqr_rolling,0.8,2024-04-27,19,24,4288.12
cqr_rolling,0.8,2024-04-28,14,24,3787.96
cqr_rolling,0.8,2024-04-29,19,24,3129.96
cqr_rolling,0.8,2024-04-30,21,24,3292.82
cqr_rolling,0.8,2024-05-01,18,24,4229.51
cqr_rolling,0.8,2024-05-02,16,24,5001.42
cqr_rolling,0.8,2024-05-03,15,24,3883.51
cqr_rolling,0.8,2024-05-04,24,24,3508.28
cqr_rolling,0.8,2024-05-05,23,24,3201.13
cqr_rolling,0.8,2024-05-06,20,24,3224.09
cqr_rolling,0.8,2024-05-07,21,24,2897.78
cqr_rolling,0.8,2024-05-08,18,24,3147.34
cqr_rolling,0.8,2024-05-09,24,24,4505.71
cqr_rolling,0.8,2024-05-10,4,24,5015.05
cqr_rolling,0.8,2024-05-11,10,24,4085.99
cqr_rolling,0.8,2024-05-12,24,24,2631.42
cqr_rolling,0.8,2024-05-13,23,24,4161.71
cqr_rolling,0.8,2024-05-14,22,24,3041.78
cqr_rolling,0.8,2024-05-15,10,24,5103.92
cqr_rolling,0.8,2024-05-16,22,24,4190.21
cqr_rolling,0.8,2024-05-17,22,24,3665.88
cqr_rolling,0.8,2024-05-18,5,24,2308.4
cqr_rolling,0.8,2024-05-19,15,24,2837.99
cqr_rolling,0.8,2024-05-20,24,24,4008.63
cqr_rolling,0.8,2024-05-21,19,24,2771.7
cqr_rolling,0.8,2024-05-22,24,24,2330.39
cqr_rolling,0.8,2024-05-23,24,24,2720.07
cqr_rolling,0.8,2024-05-24,23,24,2189.35
cqr_rolling,0.8,2024-05-25,21,24,2200.11
cqr_rolling,0.8,2024-05-26,21,24,2291.36
cqr_rolling,0.8,2024-05-27,12,24,2735.72
cqr_rolling,0.8,2024-05-28,21,24,2858.75
cqr_rolling,0.8,2024-05-29,23,24,2559.29
cqr_rolling,0.8,2024-05-30,23,24,2099.24
cqr_rolling,0.8,2024-05-31,23,24,2644.17
cqr_rolling,0.8,2024-06-01,24,24,2443.76
cqr_rolling,0.8,2024-06-02,7,24,2396.29
cqr_rolling,0.8,2024-06-03,22,24,2065.51
cqr_rolling,0.8,2024-06-04,17,24,2347.9
cqr_rolling,0.8,2024-06-05,24,24,1856.55
cqr_rolling,0.8,2024-06-06,24,24,1736.78
cqr_rolling,0.8,2024-06-07,24,24,1773.93
cqr_rolling,0.8,2024-06-08,11,24,2036.62
cqr_rolling,0.8,2024-06-09,13,24,2142.49
cqr_rolling,0.8,2024-06-10,23,24,2616.22
cqr_rolling,0.8,2024-06-11,24,24,2661.58
cqr_rolling,0.8,2024-06-12,24,24,2091.43
cqr_rolling,0.8,2024-06-13,24,24,1775.13
cqr_rolling,0.8,2024-06-14,24,24,1959.83
cqr_rolling,0.8,2024-06-15,21,24,1993.54
cqr_rolling,0.8,2024-06-16,16,24,2309.49
cqr_rolling,0.8,2024-06-17,24,24,1663.55
cqr_rolling,0.8,2024-06-18,24,24,1994.87
cqr_rolling,0.8,2024-06-19,23,24,1929.8
cqr_rolling,0.8,2024-06-20,24,24,1954.25
cqr_rolling,0.8,2024-06-21,21,24,1941.72
cqr_rolling,0.8,2024-06-22,23,24,1965.1
cqr_rolling,0.8,2024-06-23,24,24,2151.85
cqr_rolling,0.8,2024-06-24,24,24,1979.9
cqr_rolling,0.8,2024-06-25,24,24,2107.42
cqr_rolling,0.8,2024-06-26,24,24,2324.6
cqr_rolling,0.8,2024-06-27,24,24,2055.61
cqr_rolling,0.8,2024-06-28,23,24,1993.52
cqr_rolling,0.8,2024-06-29,24,24,1926.83
cqr_rolling,0.8,2024-06-30,23,24,1948.17
cqr_rolling,0.8,2024-07-01,18,24,1583.42
cqr_rolling,0.8,2024-07-02,24,24,2491.56
cqr_rolling,0.8,2024-07-03,22,24,2146.72
cqr_rolling,0.8,2024-07-04,24,24,2075.85
cqr_rolling,0.8,2024-07-05,23,24,1815.64
cqr_rolling,0.8,2024-07-06,24,24,1915.73
cqr_rolling,0.8,2024-07-07,24,24,2240.74
cqr_rolling,0.8,2024-07-08,24,24,1721.53
cqr_rolling,0.8,2024-07-09,18,24,1741.21
cqr_rolling,0.8,2024-07-10,22,24,1640.91
cqr_rolling,0.8,2024-07-11,19,24,1678.63
cqr_rolling,0.8,2024-07-12,24,24,1689.16
cqr_rolling,0.8,2024-07-13,22,24,1823.69
cqr_rolling,0.8,2024-07-14,19,24,2287.3
cqr_rolling,0.8,2024-07-15,24,24,1881.84
cqr_rolling,0.8,2024-07-16,24,24,1755.27
cqr_rolling,0.8,2024-07-17,23,24,1872.16
cqr_rolling,0.8,2024-07-18,23,24,1607.34
cqr_rolling,0.8,2024-07-19,24,24,1692.81
cqr_rolling,0.8,2024-07-20,20,24,1676.73
cqr_rolling,0.8,2024-07-21,24,24,1905.26
cqr_rolling,0.8,2024-07-22,11,24,2051.38
cqr_rolling,0.8,2024-07-23,23,24,1796.35
cqr_rolling,0.8,2024-07-24,24,24,1618.9
cqr_rolling,0.8,2024-07-25,21,24,1616.48
cqr_rolling,0.8,2024-07-26,24,24,2053.35
cqr_rolling,0.8,2024-07-27,24,24,1766.17
cqr_rolling,0.8,2024-07-28,13,24,1400.85
cqr_rolling,0.8,2024-07-29,19,24,2270.49
cqr_rolling,0.8,2024-07-30,23,24,2160.77
cqr_rolling,0.8,2024-07-31,24,24,1680.76
cqr_rolling,0.8,2024-08-01,15,24,1497.3
cqr_rolling,0.8,2024-08-02,6,24,1496.5
cqr_rolling,0.8,2024-08-03,11,24,1592.67
cqr_rolling,0.8,2024-08-04,23,24,1809.67
cqr_rolling,0.8,2024-08-05,9,24,2144.97
cqr_rolling,0.8,2024-08-06,14,24,2021.31
cqr_rolling,0.8,2024-08-07,21,24,2023.59
cqr_rolling,0.8,2024-08-08,23,24,1564.43
cqr_rolling,0.8,2024-08-09,18,24,1984.99
cqr_rolling,0.8,2024-08-10,18,24,1972.05
cqr_rolling,0.8,2024-08-11,24,24,1948.63
cqr_rolling,0.8,2024-08-12,18,24,2268.83
cqr_rolling,0.8,2024-08-13,8,24,1210.37
cqr_rolling,0.8,2024-08-14,8,24,1725.89
cqr_rolling,0.8,2024-08-15,19,24,2602.14
cqr_rolling,0.8,2024-08-16,16,24,2667.48
cqr_rolling,0.8,2024-08-17,11,24,2046.3
cqr_rolling,0.8,2024-08-18,14,24,2196.23
cqr_rolling,0.8,2024-08-19,9,24,1976.16
cqr_rolling,0.8,2024-08-20,24,24,2037.62
cqr_rolling,0.8,2024-08-21,19,24,1897.4
cqr_rolling,0.8,2024-08-22,22,24,2425.93
cqr_rolling,0.8,2024-08-23,23,24,2560.14
cqr_rolling,0.8,2024-08-24,8,24,1718.01
cqr_rolling,0.8,2024-08-25,20,24,1681.92
cqr_rolling,0.8,2024-08-26,20,24,1868.97
cqr_rolling,0.8,2024-08-27,22,24,1906.5
cqr_rolling,0.8,2024-08-28,20,24,1960.63
cqr_rolling,0.8,2024-08-29,17,24,1828.1
cqr_rolling,0.8,2024-08-30,23,24,1624.43
cqr_rolling,0.8,2024-08-31,24,24,1460.57
cqr_rolling,0.8,2024-09-01,11,24,1746.01
cqr_rolling,0.8,2024-09-02,24,24,1691.75
cqr_rolling,0.8,2024-09-03,22,24,1735.38
cqr_rolling,0.8,2024-09-04,14,24,1671.21
cqr_rolling,0.8,2024-09-05,16,24,1754.24
cqr_rolling,0.8,2024-09-06,20,24,1520.85
cqr_rolling,0.8,2024-09-07,23,24,1393.62
cqr_rolling,0.8,2024-09-08,23,24,1982.82
cqr_rolling,0.8,2024-09-09,22,24,2041.66
cqr_rolling,0.8,2024-09-10,24,24,1693.94
cqr_rolling,0.8,2024-09-11,19,24,1533.53
cqr_rolling,0.8,2024-09-12,24,24,1965.53
cqr_rolling,0.8,2024-09-13,23,24,1557.53
cqr_rolling,0.8,2024-09-14,22,24,1716.03
cqr_rolling,0.8,2024-09-15,24,24,1796.37
cqr_rolling,0.8,2024-09-16,16,24,1569.08
cqr_rolling,0.8,2024-09-17,24,24,1546.96
cqr_rolling,0.8,2024-09-18,24,24,1337.22
cqr_rolling,0.8,2024-09-19,17,24,1397.86
cqr_rolling,0.8,2024-09-20,24,24,1467.81
cqr_rolling,0.8,2024-09-21,23,24,2190.52
cqr_rolling,0.8,2024-09-22,20,24,2109.69
cqr_rolling,0.8,2024-09-23,18,24,1972.5
cqr_rolling,0.8,2024-09-24,24,24,1933.35
cqr_rolling,0.8,2024-09-25,20,24,1808.66
cqr_rolling,0.8,2024-09-26,9,24,1255.64
cqr_rolling,0.8,2024-09-27,6,24,1388.05
cqr_rolling,0.8,2024-09-28,22,24,1623.06
cqr_rolling,0.8,2024-09-29,21,24,1871.62
cqr_rolling,0.8,2024-09-30,19,24,2230.21
cqr_rolling,0.8,2024-10-01,5,24,1817.96
cqr_rolling,0.8,2024-10-02,24,24,1655.53
cqr_rolling,0.8,2024-10-03,23,24,1815.74
cqr_rolling,0.8,2024-10-04,19,24,1776.59
cqr_rolling,0.8,2024-10-05,20,24,2078.33
cqr_rolling,0.8,2024-10-06,16,24,2794.83
cqr_rolling,0.8,2024-10-07,16,24,2011.12
cqr_rolling,0.8,2024-10-08,24,24,1846.59
cqr_rolling,0.8,2024-10-09,24,24,2179.16
cqr_rolling,0.8,2024-10-10,24,24,2075.91
cqr_rolling,0.8,2024-10-11,19,24,2269.44
cqr_rolling,0.8,2024-10-12,21,24,2452.93
cqr_rolling,0.8,2024-10-13,20,24,2476.04
cqr_rolling,0.8,2024-10-14,24,24,2123.73
cqr_rolling,0.8,2024-10-15,17,24,1635.42
cqr_rolling,0.8,2024-10-16,12,24,1777.29
cqr_rolling,0.8,2024-10-17,22,24,1697.58
cqr_rolling,0.8,2024-10-18,24,24,2309.67
cqr_rolling,0.8,2024-10-19,24,24,2419.65
cqr_rolling,0.8,2024-10-20,21,24,2464.95
cqr_rolling,0.8,2024-10-21,18,24,2420.66
cqr_rolling,0.8,2024-10-22,20,24,1718.79
cqr_rolling,0.8,2024-10-23,6,24,1799.33
cqr_rolling,0.8,2024-10-24,22,24,1830.73
cqr_rolling,0.8,2024-10-25,14,24,2136.65
cqr_rolling,0.8,2024-10-26,23,24,1936.94
cqr_rolling,0.8,2024-10-27,21,24,2776.61
cqr_rolling,0.8,2024-10-28,19,24,2418.46
cqr_rolling,0.8,2024-10-29,16,24,2372.46
cqr_rolling,0.8,2024-10-30,20,24,2345.28
cqr_rolling,0.8,2024-10-31,19,24,2338.92
cqr_rolling,0.8,2024-11-01,18,24,4035.45
cqr_rolling,0.8,2024-11-02,19,24,3562.39
cqr_rolling,0.8,2024-11-03,10,24,2653.74
cqr_rolling,0.8,2024-11-04,9,24,2525.59
cqr_rolling,0.8,2024-11-05,23,24,2541.93
cqr_rolling,0.8,2024-11-06,23,24,2627.44
cqr_rolling,0.8,2024-11-07,19,24,2775.95
cqr_rolling,0.8,2024-11-08,5,24,3325.95
cqr_rolling,0.8,2024-11-09,20,24,3608.19
cqr_rolling,0.8,2024-11-10,7,24,2723.79
cqr_rolling,0.8,2024-11-11,16,24,3552.8
cqr_rolling,0.8,2024-11-12,24,24,4205.44
cqr_rolling,0.8,2024-11-13,24,24,3649.29
cqr_rolling,0.8,2024-11-14,18,24,3122.74
cqr_rolling,0.8,2024-11-15,17,24,3701.13
cqr_rolling,0.8,2024-11-16,24,24,3270.05
cqr_rolling,0.8,2024-11-17,24,24,2914.62
cqr_rolling,0.8,2024-11-18,24,24,4269.01
cqr_rolling,0.8,2024-11-19,9,24,2664.6
cqr_rolling,0.8,2024-11-20,7,24,3172.88
cqr_rolling,0.8,2024-11-21,14,24,3207.03
cqr_rolling,0.8,2024-11-22,17,24,3690.5
cqr_rolling,0.8,2024-11-23,19,24,3909.05
cqr_rolling,0.8,2024-11-24,5,24,3941.25
cqr_rolling,0.8,2024-11-25,0,24,3007.74
cqr_rolling,0.8,2024-11-26,19,24,3541.21
cqr_rolling,0.8,2024-11-27,15,24,3278.5
cqr_rolling,0.8,2024-11-28,2,24,3576.42
cqr_rolling,0.8,2024-11-29,23,24,4050.43
cqr_rolling,0.8,2024-11-30,5,24,3340
cqr_rolling,0.8,2024-12-01,20,24,4707.42
cqr_rolling,0.8,2024-12-02,23,24,2708.1
cqr_rolling,0.8,2024-12-03,24,24,3709.04
cqr_rolling,0.8,2024-12-04,23,24,3716.26
cqr_rolling,0.8,2024-12-05,8,24,3795.88
cqr_rolling,0.8,2024-12-06,14,24,4562.01
cqr_rolling,0.8,2024-12-07,12,24,3212.15
cqr_rolling,0.8,2024-12-08,10,24,3559.95
cqr_rolling,0.8,2024-12-09,18,24,4257.01
cqr_rolling,0.8,2024-12-10,24,24,3395.38
cqr_rolling,0.8,2024-12-11,22,24,3896.95
cqr_rolling,0.8,2024-12-12,24,24,3999.78
cqr_rolling,0.8,2024-12-13,8,24,3123.08
cqr_rolling,0.8,2024-12-14,22,24,3317.15
cqr_rolling,0.8,2024-12-15,1,24,3168.51
cqr_rolling,0.8,2024-12-16,15,24,3430.7
cqr_rolling,0.8,2024-12-17,7,24,3237.51
cqr_rolling,0.8,2024-12-18,11,24,3750.07
cqr_rolling,0.8,2024-12-19,8,24,3545.07
cqr_rolling,0.8,2024-12-20,19,24,4408.92
cqr_rolling,0.8,2024-12-21,23,24,3811.45
cqr_rolling,0.8,2024-12-22,13,24,3774.51
cqr_rolling,0.8,2024-12-23,14,24,5163.66
cqr_rolling,0.8,2024-12-24,3,24,4961.96
cqr_rolling,0.8,2024-12-25,23,24,8120.74
cqr_rolling,0.8,2024-12-26,13,24,5656.8
cqr_rolling,0.8,2024-12-27,22,24,5405.7
cqr_rolling,0.8,2024-12-28,4,24,5076.01
cqr_rolling,0.8,2024-12-29,21,24,4816.86
cqr_rolling,0.8,2024-12-30,14,24,4881.66
cqr_rolling,0.8,2024-12-31,9,24,4454.87
cqr_rolling,0.8,2025-01-01,16,24,6473.23
cqr_rolling,0.8,2025-01-02,14,24,4719.51
cqr_rolling,0.8,2025-01-03,14,24,4917.79
cqr_rolling,0.8,2025-01-04,19,24,4052.74
cqr_rolling,0.8,2025-01-05,24,24,6131.79
cqr_rolling,0.8,2025-01-06,20,24,4954.7
cqr_rolling,0.8,2025-01-07,18,24,5603.02
cqr_rolling,0.8,2025-01-08,21,24,8506.7
cqr_rolling,0.8,2025-01-09,23,24,4782.4
cqr_rolling,0.8,2025-01-10,22,24,4727.98
cqr_rolling,0.8,2025-01-11,13,24,4028.31
cqr_rolling,0.8,2025-01-12,3,24,5749.65
cqr_rolling,0.8,2025-01-13,6,24,4371.12
cqr_rolling,0.8,2025-01-14,11,24,4437.23
cqr_rolling,0.8,2025-01-15,10,24,5306.4
cqr_rolling,0.8,2025-01-16,24,24,4812.29
cqr_rolling,0.8,2025-01-17,24,24,5166.72
cqr_rolling,0.8,2025-01-18,4,24,4524.57
cqr_rolling,0.8,2025-01-19,24,24,4984.14
cqr_rolling,0.8,2025-01-20,20,24,6548.89
cqr_rolling,0.8,2025-01-21,22,24,6882.41
cqr_rolling,0.8,2025-01-22,19,24,5859.33
cqr_rolling,0.8,2025-01-23,24,24,6061.73
cqr_rolling,0.8,2025-01-24,24,24,6262.6
cqr_rolling,0.8,2025-01-25,6,24,5241.28
cqr_rolling,0.8,2025-01-26,24,24,6596.29
cqr_rolling,0.8,2025-01-27,24,24,5022.97
cqr_rolling,0.8,2025-01-28,24,24,5494.47
cqr_rolling,0.8,2025-01-29,23,24,4408.62
cqr_rolling,0.8,2025-01-30,24,24,5333.84
cqr_rolling,0.8,2025-01-31,24,24,5069.53
cqr_rolling,0.8,2025-02-01,24,24,5715.04
cqr_rolling,0.8,2025-02-02,20,24,5123.73
cqr_rolling,0.8,2025-02-03,20,24,5488.8
cqr_rolling,0.8,2025-02-04,24,24,4985.26
cqr_rolling,0.8,2025-02-05,24,24,5667.88
cqr_rolling,0.8,2025-02-06,24,24,5855.81
cqr_rolling,0.8,2025-02-07,24,24,6203.33
cqr_rolling,0.8,2025-02-08,24,24,4857.86
cqr_rolling,0.8,2025-02-09,24,24,6263.56
cqr_rolling,0.8,2025-02-10,22,24,6657.59
cqr_rolling,0.8,2025-02-11,24,24,6841.93
cqr_rolling,0.8,2025-02-12,23,24,5486
cqr_rolling,0.8,2025-02-13,24,24,5453.66
cqr_rolling,0.8,2025-02-14,18,24,5779.55
cqr_rolling,0.8,2025-02-15,24,24,6117.77
cqr_rolling,0.8,2025-02-16,24,24,4996.89
cqr_rolling,0.8,2025-02-17,20,24,6066.73
cqr_rolling,0.8,2025-02-18,15,24,5748.11
cqr_rolling,0.8,2025-02-19,24,24,5669.83
cqr_rolling,0.8,2025-02-20,23,24,5609.17
cqr_rolling,0.8,2025-02-21,24,24,4671.38
cqr_rolling,0.8,2025-02-22,24,24,5448.98
cqr_rolling,0.8,2025-02-23,10,24,4659.6
cqr_rolling,0.8,2025-02-24,24,24,5894.8
cqr_rolling,0.8,2025-02-25,22,24,5662.09
cqr_rolling,0.8,2025-02-26,17,24,5001.08
cqr_rolling,0.8,2025-02-27,24,24,6480.42
cqr_rolling,0.8,2025-02-28,24,24,5692.72
cqr_rolling,0.8,2025-03-01,23,24,4015.44
cqr_rolling,0.8,2025-03-02,23,24,5141.96
cqr_rolling,0.8,2025-03-03,15,24,5250.5
cqr_rolling,0.8,2025-03-04,12,24,5954.82
cqr_rolling,0.8,2025-03-05,15,24,5876.31
cqr_rolling,0.8,2025-03-06,24,24,5579.92
cqr_rolling,0.8,2025-03-07,24,24,4756.73
cqr_rolling,0.8,2025-03-08,24,24,4667.17
cqr_rolling,0.8,2025-03-09,14,24,4032.91
cqr_rolling,0.8,2025-03-10,13,24,7271.17
cqr_rolling,0.8,2025-03-11,22,24,5243.31
cqr_rolling,0.8,2025-03-12,18,24,6688.79
cqr_rolling,0.8,2025-03-13,15,24,6243.65
cqr_rolling,0.8,2025-03-14,16,24,6110.87
cqr_rolling,0.8,2025-03-15,22,24,4408.27
cqr_rolling,0.8,2025-03-16,24,24,4304.31
cqr_rolling,0.8,2025-03-17,22,24,5165.36
cqr_rolling,0.8,2025-03-18,21,24,5667.71
cqr_rolling,0.8,2025-03-19,21,24,6899.32
cqr_rolling,0.8,2025-03-20,23,24,5517.43
cqr_rolling,0.8,2025-03-21,24,24,5101.17
cqr_rolling,0.8,2025-03-22,24,24,4743.57
cqr_rolling,0.8,2025-03-23,23,24,5686.67
cqr_rolling,0.8,2025-03-24,24,24,7275.5
cqr_rolling,0.8,2025-03-25,20,24,5911.78
cqr_rolling,0.8,2025-03-26,21,24,5500.26
cqr_rolling,0.8,2025-03-27,21,24,5036.44
cqr_rolling,0.8,2025-03-28,24,24,5015.23
cqr_rolling,0.8,2025-03-29,21,24,3861.51
cqr_rolling,0.8,2025-03-30,20,23,5139.84
cqr_rolling,0.8,2025-03-31,11,24,5377.19
cqr_rolling,0.8,2025-04-01,11,24,4157.93
cqr_rolling,0.8,2025-04-02,24,24,4076.84
cqr_rolling,0.8,2025-04-03,24,24,4721.53
cqr_rolling,0.8,2025-04-04,19,24,4116.43
cqr_rolling,0.8,2025-04-05,18,24,3381.23
cqr_rolling,0.8,2025-04-06,19,24,4548.27
cqr_rolling,0.8,2025-04-07,24,24,4790.56
cqr_rolling,0.8,2025-04-08,24,24,4280.02
cqr_rolling,0.8,2025-04-09,21,24,3563.84
cqr_rolling,0.8,2025-04-10,24,24,3869.75
cqr_rolling,0.8,2025-04-11,24,24,3549.34
cqr_rolling,0.8,2025-04-12,21,24,3678.94
cqr_rolling,0.8,2025-04-13,12,24,3748.01
cqr_rolling,0.8,2025-04-14,17,24,4406.94
cqr_rolling,0.8,2025-04-15,14,24,3754.79
cqr_rolling,0.8,2025-04-16,9,24,3457.71
cqr_rolling,0.8,2025-04-17,6,24,3619.41
cqr_rolling,0.8,2025-04-18,23,24,3923.62
cqr_rolling,0.8,2025-04-19,24,24,3838.26
cqr_rolling,0.8,2025-04-20,18,24,3594.47
cqr_rolling,0.8,2025-04-21,22,24,3739.88
cqr_rolling,0.8,2025-04-22,22,24,4173.4
cqr_rolling,0.8,2025-04-23,24,24,3998.6
cqr_rolling,0.8,2025-04-24,24,24,3230.9
cqr_rolling,0.8,2025-04-25,24,24,3415.68
cqr_rolling,0.8,2025-04-26,24,24,3627.05
cqr_rolling,0.8,2025-04-27,24,24,3633.13
cqr_rolling,0.8,2025-04-28,24,24,3690.71
cqr_rolling,0.8,2025-04-29,14,24,3615.34
cqr_rolling,0.8,2025-04-30,20,24,2997.25
cqr_rolling,0.8,2025-05-01,4,24,4509.14
cqr_rolling,0.8,2025-05-02,16,24,5953.11
cqr_rolling,0.8,2025-05-03,23,24,5720.63
cqr_rolling,0.8,2025-05-04,22,24,3601.07
cqr_rolling,0.8,2025-05-05,23,24,4780.05
cqr_rolling,0.8,2025-05-06,21,24,2794.77
cqr_rolling,0.8,2025-05-07,24,24,2521.37
cqr_rolling,0.8,2025-05-08,16,24,3915.41
cqr_rolling,0.8,2025-05-09,22,24,4009.23
cqr_rolling,0.8,2025-05-10,18,24,3213.73
cqr_rolling,0.8,2025-05-11,24,24,3322.06
cqr_rolling,0.8,2025-05-12,24,24,4443.44
cqr_rolling,0.8,2025-05-13,24,24,4145.06
cqr_rolling,0.8,2025-05-14,24,24,3012.66
cqr_rolling,0.8,2025-05-15,14,24,4832.58
cqr_rolling,0.8,2025-05-16,22,24,3461.72
cqr_rolling,0.8,2025-05-17,24,24,3333.23
cqr_rolling,0.8,2025-05-18,22,24,2932.86
cqr_rolling,0.8,2025-05-19,24,24,3111
cqr_rolling,0.8,2025-05-20,24,24,2624.59
cqr_rolling,0.8,2025-05-21,11,24,2244.65
cqr_rolling,0.8,2025-05-22,23,24,2565.52
cqr_rolling,0.8,2025-05-23,24,24,3056.21
cqr_rolling,0.8,2025-05-24,24,24,3158.26
cqr_rolling,0.8,2025-05-25,24,24,3061.66
cqr_rolling,0.8,2025-05-26,24,24,2634.29
cqr_rolling,0.8,2025-05-27,23,24,2370.33
cqr_rolling,0.8,2025-05-28,18,24,2753.29
cqr_rolling,0.8,2025-05-29,24,24,4346.46
cqr_rolling,0.8,2025-05-30,24,24,4009.37
cqr_rolling,0.8,2025-05-31,24,24,3337.34
cqr_rolling,0.8,2025-06-01,24,24,2795
cqr_rolling,0.8,2025-06-02,24,24,2889.32
cqr_rolling,0.8,2025-06-03,24,24,2840.27
cqr_rolling,0.8,2025-06-04,24,24,2574.16
cqr_rolling,0.8,2025-06-05,18,24,2492.78
cqr_rolling,0.8,2025-06-06,22,24,2440.12
cqr_rolling,0.8,2025-06-07,18,24,2366.09
cqr_rolling,0.8,2025-06-08,21,24,2453.36
cqr_rolling,0.8,2025-06-09,23,24,3224.18
cqr_rolling,0.8,2025-06-10,24,24,2558.06
cqr_rolling,0.8,2025-06-11,23,24,2334.23
cqr_rolling,0.8,2025-06-12,23,24,2217.48
cqr_rolling,0.8,2025-06-13,24,24,2225.84
cqr_rolling,0.8,2025-06-14,20,24,1899.51
cqr_rolling,0.8,2025-06-15,24,24,2040.94
cqr_rolling,0.8,2025-06-16,24,24,2039.36
cqr_rolling,0.8,2025-06-17,23,24,2299.13
cqr_rolling,0.8,2025-06-18,23,24,1949.77
cqr_rolling,0.8,2025-06-19,18,24,1724.64
cqr_rolling,0.8,2025-06-20,22,24,1672.18
cqr_rolling,0.8,2025-06-21,24,24,1772.15
cqr_rolling,0.8,2025-06-22,24,24,1825.22
cqr_rolling,0.8,2025-06-23,22,24,1718.95
cqr_rolling,0.8,2025-06-24,13,24,1638.01
cqr_rolling,0.8,2025-06-25,23,24,1737.4
cqr_rolling,0.8,2025-06-26,24,24,1747
cqr_rolling,0.8,2025-06-27,22,24,1725.04
cqr_rolling,0.8,2025-06-28,23,24,2308.41
cqr_rolling,0.8,2025-06-29,23,24,2095.93
cqr_rolling,0.8,2025-06-30,9,24,2338.1
cqr_rolling,0.8,2025-07-01,16,24,1961.61
cqr_rolling,0.8,2025-07-02,18,24,2166.61
cqr_rolling,0.8,2025-07-03,11,24,1813.19
cqr_rolling,0.8,2025-07-04,19,24,1728.97
cqr_rolling,0.8,2025-07-05,15,24,1631.49
cqr_rolling,0.8,2025-07-06,18,24,2930.29
cqr_rolling,0.8,2025-07-07,1,24,2440.57
cqr_rolling,0.8,2025-07-08,8,24,2213.47
cqr_rolling,0.8,2025-07-09,23,24,2274.11
cqr_rolling,0.8,2025-07-10,22,24,2382.32
cqr_rolling,0.8,2025-07-11,24,24,2263.16
cqr_rolling,0.8,2025-07-12,15,24,1847.13
cqr_rolling,0.8,2025-07-13,22,24,2348.86
cqr_rolling,0.8,2025-07-14,20,24,3690.01
cqr_rolling,0.8,2025-07-15,19,24,2304.5
cqr_rolling,0.8,2025-07-16,16,24,1655.12
cqr_rolling,0.8,2025-07-17,22,24,1607.89
cqr_rolling,0.8,2025-07-18,18,24,1345.27
cqr_rolling,0.8,2025-07-19,17,24,1521.43
cqr_rolling,0.8,2025-07-20,24,24,2017.1
cqr_rolling,0.8,2025-07-21,24,24,2441.71
cqr_rolling,0.8,2025-07-22,8,24,1739.78
cqr_rolling,0.8,2025-07-23,8,24,1587.65
cqr_rolling,0.8,2025-07-24,24,24,1800.58
cqr_rolling,0.8,2025-07-25,23,24,1740.93
cqr_rolling,0.8,2025-07-26,19,24,1716.66
cqr_rolling,0.8,2025-07-27,21,24,1998.88
cqr_rolling,0.8,2025-07-28,24,24,1735.66
cqr_rolling,0.8,2025-07-29,23,24,1906.39
cqr_rolling,0.8,2025-07-30,21,24,1678.39
cqr_rolling,0.8,2025-07-31,23,24,1744.91
cqr_rolling,0.8,2025-08-01,24,24,1652.83
cqr_rolling,0.8,2025-08-02,24,24,1519.8
cqr_rolling,0.8,2025-08-03,22,24,1848.76
cqr_rolling,0.8,2025-08-04,20,24,2461
cqr_rolling,0.8,2025-08-05,22,24,1786.69
cqr_rolling,0.8,2025-08-06,7,24,1445.61
cqr_rolling,0.8,2025-08-07,12,24,1635.86
cqr_rolling,0.8,2025-08-08,23,24,2313.99
cqr_rolling,0.8,2025-08-09,14,24,2034.22
cqr_rolling,0.8,2025-08-10,16,24,2091.18
cqr_rolling,0.8,2025-08-11,24,24,2134.35
cqr_rolling,0.8,2025-08-12,15,24,1674.2
cqr_rolling,0.8,2025-08-13,23,24,1941.85
cqr_rolling,0.8,2025-08-14,21,24,1923.03
cqr_rolling,0.8,2025-08-15,23,24,3631.55
cqr_rolling,0.8,2025-08-16,14,24,1750.58
cqr_rolling,0.8,2025-08-17,18,24,1696.24
cqr_rolling,0.8,2025-08-18,15,24,1664.38
cqr_rolling,0.8,2025-08-19,10,24,1578.9
cqr_rolling,0.8,2025-08-20,19,24,2058.11
cqr_rolling,0.8,2025-08-21,23,24,2128.04
cqr_rolling,0.8,2025-08-22,12,24,2281.19
cqr_rolling,0.8,2025-08-23,8,24,1865.25
cqr_rolling,0.8,2025-08-24,22,24,2171.61
cqr_rolling,0.8,2025-08-25,22,24,2573.21
cqr_rolling,0.8,2025-08-26,24,24,2312.34
cqr_rolling,0.8,2025-08-27,12,24,1858.49
cqr_rolling,0.8,2025-08-28,16,24,1798.3
cqr_rolling,0.8,2025-08-29,23,24,2128.43
cqr_rolling,0.8,2025-08-30,22,24,1669.34
cqr_rolling,0.8,2025-08-31,22,24,1726.29
cqr_rolling,0.8,2025-09-01,18,24,1739.33
cqr_rolling,0.8,2025-09-02,23,24,2353.76
cqr_rolling,0.8,2025-09-03,11,24,1942.34
cqr_rolling,0.8,2025-09-04,24,24,1909.94
cqr_rolling,0.8,2025-09-05,22,24,1827.09
cqr_rolling,0.8,2025-09-06,21,24,1679.28
cqr_rolling,0.8,2025-09-07,23,24,1689.37
cqr_rolling,0.8,2025-09-08,22,24,1667.86
cqr_rolling,0.8,2025-09-09,21,24,1842.22
cqr_rolling,0.8,2025-09-10,11,24,1675.52
cqr_rolling,0.8,2025-09-11,18,24,1951.69
cqr_rolling,0.8,2025-09-12,19,24,1719.25
cqr_rolling,0.8,2025-09-13,23,24,2078.26
cqr_rolling,0.8,2025-09-14,18,24,1829.08
cqr_rolling,0.8,2025-09-15,10,24,1809.03
cqr_rolling,0.8,2025-09-16,24,24,1985.23
cqr_rolling,0.8,2025-09-17,24,24,1801.25
cqr_rolling,0.8,2025-09-18,6,24,1643.77
cqr_rolling,0.8,2025-09-19,24,24,1526.03
cqr_rolling,0.8,2025-09-20,19,24,1895.35
cqr_rolling,0.8,2025-09-21,21,24,2094.55
cqr_rolling,0.8,2025-09-22,12,24,2403.96
cqr_rolling,0.8,2025-09-23,16,24,2647.06
cqr_rolling,0.8,2025-09-24,23,24,2391.54
cqr_rolling,0.8,2025-09-25,22,24,2134.06
cqr_rolling,0.8,2025-09-26,8,24,2623.89
cqr_rolling,0.8,2025-09-27,9,24,1670.14
cqr_rolling,0.8,2025-09-28,24,24,2420.93
cqr_rolling,0.8,2025-09-29,22,24,2503.82
cqr_rolling,0.8,2025-09-30,20,24,2467.19
cqr_rolling,0.8,2025-10-01,23,24,2299.85
cqr_rolling,0.8,2025-10-02,23,24,2225.3
cqr_rolling,0.8,2025-10-03,24,24,2448.35
cqr_rolling,0.8,2025-10-04,17,24,1899.45
cqr_rolling,0.8,2025-10-05,23,24,2443.03
cqr_rolling,0.8,2025-10-06,22,24,2293.45
cqr_rolling,0.8,2025-10-07,24,24,1996.5
cqr_rolling,0.8,2025-10-08,24,24,2080.87
cqr_rolling,0.8,2025-10-09,20,24,1935.8
cqr_rolling,0.8,2025-10-10,21,24,1899.27
cqr_rolling,0.8,2025-10-11,19,24,1863.97
cqr_rolling,0.8,2025-10-12,21,24,1914.3
cqr_rolling,0.8,2025-10-13,24,24,2485.74
cqr_rolling,0.8,2025-10-14,18,24,2081.16
cqr_rolling,0.8,2025-10-15,13,24,2124.82
cqr_rolling,0.8,2025-10-16,13,24,1695.34
cqr_rolling,0.8,2025-10-17,22,24,2060.13
cqr_rolling,0.8,2025-10-18,21,24,2118.49
cqr_rolling,0.8,2025-10-19,20,24,2454.53
cqr_rolling,0.8,2025-10-20,20,24,2685.83
cqr_rolling,0.8,2025-10-21,21,24,2212.64
cqr_rolling,0.8,2025-10-22,20,24,2262.45
cqr_rolling,0.8,2025-10-23,11,24,2218.04
cqr_rolling,0.8,2025-10-24,18,24,2479.21
cqr_rolling,0.8,2025-10-25,16,24,1753.85
cqr_rolling,0.8,2025-10-26,11,24,2365.84
cqr_rolling,0.8,2025-10-27,20,24,2991.72
cqr_rolling,0.8,2025-10-28,10,24,2277.71
cqr_rolling,0.8,2025-10-29,24,24,2273.35
cqr_rolling,0.8,2025-10-30,18,24,2683.71
cqr_rolling,0.8,2025-10-31,22,24,2867.74
cqr_rolling,0.8,2025-11-01,23,24,3741.38
cqr_rolling,0.8,2025-11-02,21,24,3517.81
cqr_rolling,0.8,2025-11-03,23,24,3118.26
cqr_rolling,0.8,2025-11-04,17,24,2371.61
cqr_rolling,0.8,2025-11-05,18,24,2574.05
cqr_rolling,0.8,2025-11-06,24,24,2806.39
cqr_rolling,0.8,2025-11-07,24,24,3052.58
cqr_rolling,0.8,2025-11-08,20,24,2843.86
cqr_rolling,0.8,2025-11-09,23,24,2490.23
cqr_rolling,0.8,2025-11-10,24,24,4866.55
cqr_rolling,0.8,2025-11-11,18,24,3686.84
cqr_rolling,0.8,2025-11-12,24,24,2305.93
cqr_rolling,0.8,2025-11-13,20,24,2555.6
cqr_rolling,0.8,2025-11-14,23,24,2544.41
cqr_rolling,0.8,2025-11-15,24,24,3222.71
cqr_rolling,0.8,2025-11-16,19,24,3151.38
cqr_rolling,0.8,2025-11-17,22,24,5263.17
cqr_rolling,0.8,2025-11-18,14,24,4861.35
cqr_rolling,0.8,2025-11-19,8,24,4861.07
cqr_rolling,0.8,2025-11-20,23,24,4675.94
cqr_rolling,0.8,2025-11-21,15,24,4873.23
cqr_rolling,0.8,2025-11-22,7,24,4528.76
cqr_rolling,0.8,2025-11-23,20,24,4125.3
cqr_rolling,0.8,2025-11-24,0,24,4931.64
cqr_rolling,0.8,2025-11-25,10,24,4432.97
cqr_rolling,0.8,2025-11-26,23,24,3853.43
cqr_rolling,0.8,2025-11-27,22,24,3753.97
cqr_rolling,0.8,2025-11-28,17,24,4202.44
cqr_rolling,0.8,2025-11-29,6,24,3832.45
cqr_rolling,0.8,2025-11-30,8,24,3150.44
cqr_rolling,0.8,2025-12-01,4,24,5330.8
cqr_rolling,0.8,2025-12-02,12,24,3286.73
cqr_rolling,0.8,2025-12-03,4,24,3513.89
cqr_rolling,0.8,2025-12-04,13,24,3317.55
cqr_rolling,0.8,2025-12-05,21,24,3842.02
cqr_rolling,0.8,2025-12-06,20,24,2944.66
cqr_rolling,0.8,2025-12-07,22,24,3216.27
cqr_rolling,0.8,2025-12-08,1,24,3044.95
cqr_rolling,0.8,2025-12-09,24,24,3909.6
cqr_rolling,0.8,2025-12-10,24,24,3664.81
cqr_rolling,0.8,2025-12-11,23,24,3323.04
cqr_rolling,0.8,2025-12-12,24,24,3435.29
cqr_rolling,0.8,2025-12-13,22,24,3657.28
cqr_rolling,0.8,2025-12-14,7,24,4009.15
cqr_rolling,0.8,2025-12-15,14,24,3634.22
cqr_rolling,0.8,2025-12-16,24,24,3137.98
cqr_rolling,0.8,2025-12-17,20,24,3022.71
cqr_rolling,0.8,2025-12-18,18,24,4197.42
cqr_rolling,0.8,2025-12-19,22,24,3701.29
cqr_rolling,0.8,2025-12-20,22,24,3231.13
cqr_rolling,0.8,2025-12-21,16,24,3075.53
cqr_rolling,0.8,2025-12-22,19,24,4197.09
cqr_rolling,0.8,2025-12-23,16,24,3951.17
cqr_rolling,0.8,2025-12-24,15,24,4057.24
cqr_rolling,0.8,2025-12-25,18,24,6106.26
cqr_rolling,0.8,2025-12-26,16,24,5209.7
cqr_rolling,0.8,2025-12-27,1,24,4034.49
cqr_rolling,0.8,2025-12-28,17,24,2940.75
cqr_rolling,0.8,2025-12-29,24,24,4902.87
cqr_rolling,0.8,2025-12-30,23,24,5199.28
cqr_rolling,0.8,2025-12-31,15,24,4882.93
cqr_rolling,0.8,2026-01-01,9,24,7227.45
cqr_rolling,0.8,2026-01-02,20,24,2697.64
cqr_rolling,0.8,2026-01-03,24,24,4124.75
cqr_rolling,0.8,2026-01-04,23,24,4495.12
cqr_rolling,0.8,2026-01-05,7,24,4684.05
cqr_rolling,0.8,2026-01-06,16,24,4742.73
cqr_rolling,0.8,2026-01-07,21,24,5246.58
cqr_rolling,0.8,2026-01-08,14,24,5970.26
cqr_rolling,0.8,2026-01-09,24,24,5688.74
cqr_rolling,0.8,2026-01-10,24,24,5122.79
cqr_rolling,0.8,2026-01-11,24,24,5522.46
cqr_rolling,0.8,2026-01-12,21,24,5272.3
cqr_rolling,0.8,2026-01-13,5,24,5588.68
cqr_rolling,0.8,2026-01-14,0,24,3520.6
cqr_rolling,0.8,2026-01-15,22,24,4142.26
cqr_rolling,0.8,2026-01-16,15,24,3962.03
cqr_rolling,0.8,2026-01-17,7,24,3488.29
cqr_rolling,0.8,2026-01-18,16,24,3727.43
cqr_rolling,0.8,2026-01-19,19,24,4697.36
cqr_rolling,0.8,2026-01-20,8,24,4780.52
cqr_rolling,0.8,2026-01-21,21,24,5169.61
cqr_rolling,0.8,2026-01-22,20,24,4513.14
cqr_rolling,0.8,2026-01-23,21,24,4314.75
cqr_rolling,0.8,2026-01-24,24,24,4206.61
cqr_rolling,0.8,2026-01-25,24,24,4598
cqr_rolling,0.8,2026-01-26,23,24,4334.02
cqr_rolling,0.8,2026-01-27,20,24,4168.21
cqr_rolling,0.8,2026-01-28,15,24,4503.67
cqr_rolling,0.8,2026-01-29,24,24,5215.01
cqr_rolling,0.8,2026-01-30,24,24,4255.77
cqr_rolling,0.8,2026-01-31,19,24,3696.52
cqr_rolling,0.8,2026-02-01,24,24,4752.13
cqr_rolling,0.8,2026-02-02,24,24,4861.24
cqr_rolling,0.8,2026-02-03,18,24,4237.29
cqr_rolling,0.8,2026-02-04,21,24,4407.49
cqr_rolling,0.8,2026-02-05,24,24,5412.65
cqr_rolling,0.8,2026-02-06,24,24,3685.14
cqr_rolling,0.8,2026-02-07,24,24,4281.57
cqr_rolling,0.8,2026-02-08,24,24,4688.46
cqr_rolling,0.8,2026-02-09,24,24,5098.78
cqr_rolling,0.8,2026-02-10,23,24,4018.75
cqr_rolling,0.8,2026-02-11,24,24,4541.92
cqr_rolling,0.8,2026-02-12,24,24,4698.64
cqr_rolling,0.8,2026-02-13,18,24,4711.17
cqr_rolling,0.8,2026-02-14,12,24,5221.89
cqr_rolling,0.8,2026-02-15,3,24,5363.48
cqr_rolling,0.8,2026-02-16,24,24,5047.22
cqr_rolling,0.8,2026-02-17,17,24,5364.21
cqr_rolling,0.8,2026-02-18,24,24,4840.79
cqr_rolling,0.8,2026-02-19,22,24,4121.78
cqr_rolling,0.8,2026-02-20,24,24,4601.59
cqr_rolling,0.8,2026-02-21,10,24,4851.64
cqr_rolling,0.8,2026-02-22,13,24,4842.96
cqr_rolling,0.8,2026-02-23,22,24,5457.74
cqr_rolling,0.8,2026-02-24,24,24,4400.48
cqr_rolling,0.8,2026-02-25,24,24,4451.43
cqr_rolling,0.8,2026-02-26,24,24,4577.6
cqr_rolling,0.8,2026-02-27,24,24,4803.09
cqr_rolling,0.8,2026-02-28,24,24,5797.98
cqr_rolling,0.8,2026-03-01,15,24,4220.29
cqr_rolling,0.8,2026-03-02,22,24,5742.46
cqr_rolling,0.8,2026-03-03,23,24,4417.29
cqr_rolling,0.8,2026-03-04,24,24,4419.37
cqr_rolling,0.8,2026-03-05,19,24,4311.27
cqr_rolling,0.8,2026-03-06,14,24,3960.01
cqr_rolling,0.8,2026-03-07,21,24,4288.33
cqr_rolling,0.8,2026-03-08,15,24,3894.61
cqr_rolling,0.8,2026-03-09,23,24,4040.89
cqr_rolling,0.8,2026-03-10,14,24,3661.79
cqr_rolling,0.8,2026-03-11,13,24,4252.77
cqr_rolling,0.8,2026-03-12,16,24,3381.91
cqr_rolling,0.8,2026-03-13,24,24,3721.36
cqr_rolling,0.8,2026-03-14,17,24,3214.14
cqr_rolling,0.8,2026-03-15,8,24,3606.01
cqr_rolling,0.8,2026-03-16,22,24,3607.22
cqr_rolling,0.8,2026-03-17,18,24,3711.04
cqr_rolling,0.8,2026-03-18,15,24,4814.38
cqr_rolling,0.8,2026-03-19,24,24,5610.9
cqr_rolling,0.8,2026-03-20,21,24,5247.58
cqr_rolling,0.8,2026-03-21,24,24,4982.32
cqr_rolling,0.8,2026-03-22,16,24,4570.79
cqr_rolling,0.8,2026-03-23,19,24,4759.83
cqr_rolling,0.8,2026-03-24,24,24,4654.79
cqr_rolling,0.8,2026-03-25,14,24,4781.66
cqr_rolling,0.8,2026-03-26,17,24,5402.71
cqr_rolling,0.8,2026-03-27,21,24,4703.23
cqr_rolling,0.8,2026-03-28,21,24,4643.39
cqr_rolling,0.8,2026-03-29,21,23,5640.42
cqr_rolling,0.8,2026-03-30,18,24,4741.59
cqr_rolling,0.8,2026-03-31,19,24,4322.03
cqr_rolling,0.8,2026-04-01,23,24,4619.24
cqr_rolling,0.8,2026-04-02,23,24,6069.73
cqr_rolling,0.8,2026-04-03,24,24,4579.56
cqr_rolling,0.8,2026-04-04,11,24,4086.95
cqr_rolling,0.8,2026-04-05,2,24,4002.41
cqr_rolling,0.8,2026-04-06,14,24,3862.97
cqr_rolling,0.8,2026-04-07,9,24,7134.54
cqr_rolling,0.8,2026-04-08,18,24,4445.15
cqr_rolling,0.8,2026-04-09,24,24,4844.39
cqr_rolling,0.8,2026-04-10,23,24,4974.84
cqr_rolling,0.8,2026-04-11,19,24,4032.37
cqr_rolling,0.8,2026-04-12,13,24,4065.57
cqr_rolling,0.8,2026-04-13,18,24,7211.33
cqr_rolling,0.8,2026-04-14,20,24,4112.83
cqr_rolling,0.8,2026-04-15,24,24,4414.91
cqr_rolling,0.8,2026-04-16,21,24,3768.21
cqr_rolling,0.8,2026-04-17,24,24,4057.33
cqr_rolling,0.8,2026-04-18,20,24,3211.96
cqr_rolling,0.8,2026-04-19,22,24,4471.03
cqr_rolling,0.8,2026-04-20,9,24,3740.39
cqr_rolling,0.8,2026-04-21,20,24,3843.85
cqr_rolling,0.8,2026-04-22,24,24,3839.95
cqr_rolling,0.8,2026-04-23,24,24,3183.68
cqr_rolling,0.8,2026-04-24,24,24,2996.93
cqr_rolling,0.8,2026-04-25,24,24,2992.97
cqr_rolling,0.8,2026-04-26,24,24,3300.38
cqr_rolling,0.8,2026-04-27,24,24,3106.08
cqr_rolling,0.8,2026-04-28,24,24,2859.58
cqr_rolling,0.8,2026-04-29,23,24,2680.78
cqr_rolling,0.8,2026-04-30,23,24,2701.8
cqr_rolling,0.8,2026-05-01,14,24,4447.73
cqr_rolling,0.8,2026-05-02,15,24,3190.99
cqr_rolling,0.8,2026-05-03,7,24,3382.17
cqr_rolling,0.8,2026-05-04,14,24,3359.65
cqr_rolling,0.8,2026-05-05,24,24,3565.52
cqr_rolling,0.8,2026-05-06,24,24,3225.44
cqr_rolling,0.8,2026-05-07,24,24,2691.6
cqr_rolling,0.8,2026-05-08,22,24,3796.11
cqr_rolling,0.8,2026-05-09,24,24,3277.4
cqr_rolling,0.8,2026-05-10,24,24,3181.35
cqr_rolling,0.8,2026-05-11,24,24,3437.93
cqr_rolling,0.8,2026-05-12,16,24,3460.51
cqr_rolling,0.8,2026-05-13,24,24,3534.1
cqr_rolling,0.8,2026-05-14,24,24,4979.43
cqr_rolling,0.8,2026-05-15,24,24,6663.61
cqr_rolling,0.8,2026-05-16,24,24,3415.62
cqr_rolling,0.8,2026-05-17,23,24,3815.98
cqr_rolling,0.8,2026-05-18,18,24,3495.95
cqr_rolling,0.8,2026-05-19,24,24,2974.63
cqr_rolling,0.8,2026-05-20,24,24,3069.5
cqr_rolling,0.8,2026-05-21,23,24,2979.85
cqr_rolling,0.8,2026-05-22,18,24,3546.35
cqr_rolling,0.8,2026-05-23,16,24,3562.51
cqr_rolling,0.8,2026-05-24,24,24,2756.43
cqr_rolling,0.8,2026-05-25,22,24,4688.83
cqr_rolling,0.8,2026-05-26,23,24,4850.46
cqr_rolling,0.8,2026-05-27,13,24,3603.64
cqr_rolling,0.8,2026-05-28,9,24,2907.25
cqr_rolling,0.8,2026-05-29,17,24,2813.86
cqr_rolling,0.8,2026-05-30,23,24,2758.9
cqr_rolling,0.8,2026-05-31,22,24,3533.32
cqr_rolling,0.8,2026-06-01,17,24,3720.93
cqr_rolling,0.8,2026-06-02,18,24,3021.21
cqr_rolling,0.8,2026-06-03,24,24,2719.21
cqr_rolling,0.8,2026-06-04,14,24,2935.52
cqr_rolling,0.8,2026-06-05,24,24,2759.36
cqr_rolling,0.8,2026-06-06,24,24,3199.89
cqr_rolling,0.8,2026-06-07,23,24,3019.43
cqr_rolling,0.8,2026-06-08,24,24,2699.82
cqr_rolling,0.8,2026-06-09,23,24,2576.34
cqr_rolling,0.8,2026-06-10,22,24,2209.01
cqr_rolling,0.8,2026-06-11,24,24,2288.11
cqr_rolling,0.8,2026-06-12,12,24,2232.5
cqr_rolling,0.8,2026-06-13,24,24,2453.34
cqr_rolling,0.8,2026-06-14,24,24,2514.07
cqr_rolling,0.8,2026-06-15,24,24,2221.67
cqr_rolling,0.8,2026-06-16,24,24,2215.38
cqr_rolling,0.8,2026-06-17,19,24,1802.55
cqr_rolling,0.8,2026-06-18,18,24,1931.12
cqr_rolling,0.8,2026-06-19,20,24,2082.35
cqr_rolling,0.8,2026-06-20,23,24,2333.4
cqr_rolling,0.8,2026-06-21,16,24,2673.72
cqr_rolling,0.8,2026-06-22,23,24,3308.89
cqr_rolling,0.8,2026-06-23,24,24,3374.63
cqr_rolling,0.8,2026-06-24,24,24,2581.2
cqr_rolling,0.8,2026-06-25,24,24,2824.08
cqr_rolling,0.8,2026-06-26,24,24,2382.48
cqr_rolling,0.8,2026-06-27,23,24,2722.65
cqr_rolling,0.8,2026-06-28,10,24,2860.34
cqr_rolling,0.8,2026-06-29,5,24,3095.99
cqr_rolling,0.8,2026-06-30,14,24,2875.78
cqr_rolling,0.8,2026-07-01,12,24,2789.88
cqr_rolling,0.8,2026-07-02,11,24,3315.71
cqr_rolling,0.8,2026-07-03,19,24,2938.29
cqr_rolling,0.8,2026-07-04,14,24,2763.03
cqr_rolling,0.8,2026-07-05,18,24,3033.22
cqr_rolling,0.8,2026-07-06,21,24,3069.18
cqr_rolling,0.8,2026-07-07,21,24,2625.68
cqr_rolling,0.8,2026-07-08,18,24,2582.38
cqr_rolling,0.8,2026-07-09,15,24,2254.63
cqr_rolling,0.8,2026-07-10,22,24,2472.32
cqr_rolling,0.8,2026-07-11,24,24,2262.41
cqr_rolling,0.8,2026-07-12,23,24,2932.74
cqr_rolling,0.8,2026-07-13,17,24,3376.19
cqr_rolling,0.8,2026-07-14,21,24,5990.2
cqr_rolling,0.8,2026-07-15,19,24,2795.96
cqr_rolling,0.8,2026-07-16,24,24,2650.28
cqr_rolling,0.8,2026-07-17,20,24,2437.83
cqr_rolling,0.8,2026-07-18,18,24,2171.45
cqr_rolling,0.8,2026-07-19,22,24,2300.07
cqr_rolling,0.8,2026-07-20,23,24,2388.55
cqr_rolling,0.8,2026-07-21,17,24,2605.4
cqr_rolling,0.8,2026-07-22,5,24,2716.6
cqr_rolling,0.8,2026-07-23,24,24,2452.04
cqr_rolling,0.8,2026-07-24,23,24,2369.28
cqr_rolling,0.8,2026-07-25,13,24,2226.94
cqr_rolling,0.8,2026-07-26,19,24,2550.27
cqr_rolling,0.8,2026-07-27,20,24,2347.97
cqr_rolling,0.8,2026-07-28,23,24,2223.27
cqr_rolling,0.8,2026-07-29,9,24,2389.82
cqr_rolling,0.8,2026-07-30,15,24,2309.06
cqr_rolling,0.8,2026-07-31,18,24,2516.34
cqr_rolling,0.8,2026-08-01,16,24,2208.2
cqr_rolling,0.8,2026-08-02,18,24,2520
cqr_rolling,0.8,2026-08-03,24,24,3195.04
cqr_rolling,0.8,2026-08-04,21,24,2430.57
cqr_rolling,0.8,2026-08-05,22,24,2658.47
cqr_rolling,0.8,2026-08-06,23,24,2150.38
cqr_rolling,0.8,2026-08-07,22,24,2090.15
cqr_rolling,0.8,2026-08-08,18,24,2084.19
cqr_rolling,0.8,2026-08-09,21,24,2643.56
cqr_rolling,0.8,2026-08-10,24,24,2742.62
cqr_rolling,0.8,2026-08-11,23,24,2297.27
cqr_rolling,0.8,2026-08-12,23,24,2697.36
cqr_rolling,0.8,2026-08-13,18,24,2871.38
cqr_rolling,0.8,2026-08-14,13,24,2388.68
cqr_rolling,0.8,2026-08-15,18,24,3370.24
cqr_rolling,0.8,2026-08-16,24,24,2688.83
cqr_rolling,0.8,2026-08-17,23,24,2427.17
cqr_rolling,0.8,2026-08-18,23,24,2251.95
cqr_rolling,0.8,2026-08-19,18,24,2435.03
cqr_rolling,0.8,2026-08-20,14,24,2328.59
cqr_rolling,0.8,2026-08-21,15,24,2920.52
cqr_rolling,0.8,2026-08-22,12,24,2635.75
cqr_rolling,0.8,2026-08-23,18,24,2504.77
cqr_rolling,0.8,2026-08-24,14,24,3057.67
cqr_rolling,0.8,2026-08-25,23,24,2916.34
cqr_rolling,0.8,2026-08-26,24,24,2620.13
cqr_rolling,0.8,2026-08-27,14,24,2405.05
cqr_rolling,0.8,2026-08-28,10,24,2635.4
cqr_rolling,0.8,2026-08-29,17,24,1989.4
cqr_rolling,0.8,2026-08-30,19,24,2267.56
cqr_rolling,0.8,2026-08-31,20,24,2585.68
cqr_rolling,0.95,2022-04-01,10,24,9512.2
cqr_rolling,0.95,2022-04-02,21,24,9926.18
cqr_rolling,0.95,2022-04-03,24,24,12118.3
cqr_rolling,0.95,2022-04-04,24,24,11095
cqr_rolling,0.95,2022-04-05,24,24,10103.1
cqr_rolling,0.95,2022-04-06,24,24,9548.28
cqr_rolling,0.95,2022-04-07,24,24,9563.36
cqr_rolling,0.95,2022-04-08,23,24,10324.6
cqr_rolling,0.95,2022-04-09,23,24,9334.04
cqr_rolling,0.95,2022-04-10,24,24,9893.99
cqr_rolling,0.95,2022-04-11,24,24,8652.97
cqr_rolling,0.95,2022-04-12,24,24,8909.67
cqr_rolling,0.95,2022-04-13,24,24,9445.65
cqr_rolling,0.95,2022-04-14,24,24,9219.47
cqr_rolling,0.95,2022-04-15,21,24,8373.57
cqr_rolling,0.95,2022-04-16,23,24,8302.46
cqr_rolling,0.95,2022-04-17,24,24,9518.93
cqr_rolling,0.95,2022-04-18,24,24,10536.6
cqr_rolling,0.95,2022-04-19,24,24,9479.17
cqr_rolling,0.95,2022-04-20,24,24,8230.52
cqr_rolling,0.95,2022-04-21,24,24,7311.05
cqr_rolling,0.95,2022-04-22,24,24,6527.01
cqr_rolling,0.95,2022-04-23,24,24,6871.48
cqr_rolling,0.95,2022-04-24,24,24,6981.36
cqr_rolling,0.95,2022-04-25,24,24,10829.4
cqr_rolling,0.95,2022-04-26,24,24,7338.56
cqr_rolling,0.95,2022-04-27,23,24,7008.2
cqr_rolling,0.95,2022-04-28,24,24,6702.34
cqr_rolling,0.95,2022-04-29,24,24,6877.54
cqr_rolling,0.95,2022-04-30,24,24,6681.62
cqr_rolling,0.95,2022-05-01,24,24,7650.32
cqr_rolling,0.95,2022-05-02,24,24,7919.29
cqr_rolling,0.95,2022-05-03,24,24,7318.93
cqr_rolling,0.95,2022-05-04,24,24,6698.91
cqr_rolling,0.95,2022-05-05,24,24,6442.42
cqr_rolling,0.95,2022-05-06,24,24,6423.48
cqr_rolling,0.95,2022-05-07,24,24,6907.72
cqr_rolling,0.95,2022-05-08,24,24,6780.81
cqr_rolling,0.95,2022-05-09,24,24,6959.05
cqr_rolling,0.95,2022-05-10,24,24,6859.54
cqr_rolling,0.95,2022-05-11,24,24,6621.6
cqr_rolling,0.95,2022-05-12,24,24,6494.36
cqr_rolling,0.95,2022-05-13,24,24,6150.36
cqr_rolling,0.95,2022-05-14,24,24,5959.47
cqr_rolling,0.95,2022-05-15,24,24,6041.88
cqr_rolling,0.95,2022-05-16,24,24,6552.5
cqr_rolling,0.95,2022-05-17,24,24,6585.84
cqr_rolling,0.95,2022-05-18,24,24,5709.91
cqr_rolling,0.95,2022-05-19,24,24,5575.33
cqr_rolling,0.95,2022-05-20,24,24,5648.01
cqr_rolling,0.95,2022-05-21,24,24,4999.53
cqr_rolling,0.95,2022-05-22,24,24,5368.53
cqr_rolling,0.95,2022-05-23,24,24,5676.8
cqr_rolling,0.95,2022-05-24,24,24,5369.85
cqr_rolling,0.95,2022-05-25,24,24,5143.6
cqr_rolling,0.95,2022-05-26,24,24,8320.82
cqr_rolling,0.95,2022-05-27,22,24,7114.29
cqr_rolling,0.95,2022-05-28,24,24,5552.79
cqr_rolling,0.95,2022-05-29,24,24,5675.86
cqr_rolling,0.95,2022-05-30,24,24,5935.59
cqr_rolling,0.95,2022-05-31,24,24,5499.59
cqr_rolling,0.95,2022-06-01,24,24,4848.1
cqr_rolling,0.95,2022-06-02,24,24,6214.82
cqr_rolling,0.95,2022-06-03,24,24,5648.62
cqr_rolling,0.95,2022-06-04,24,24,4882.44
cqr_rolling,0.95,2022-06-05,24,24,5459.32
cqr_rolling,0.95,2022-06-06,24,24,7627.01
cqr_rolling,0.95,2022-06-07,24,24,5717.76
cqr_rolling,0.95,2022-06-08,24,24,5299.63
cqr_rolling,0.95,2022-06-09,24,24,4408.73
cqr_rolling,0.95,2022-06-10,24,24,4321.17
cqr_rolling,0.95,2022-06-11,24,24,4404.43
cqr_rolling,0.95,2022-06-12,24,24,4593.45
cqr_rolling,0.95,2022-06-13,24,24,5808.25
cqr_rolling,0.95,2022-06-14,24,24,4992.12
cqr_rolling,0.95,2022-06-15,24,24,5204.97
cqr_rolling,0.95,2022-06-16,24,24,5164.69
cqr_rolling,0.95,2022-06-17,24,24,4973.74
cqr_rolling,0.95,2022-06-18,24,24,5001.44
cqr_rolling,0.95,2022-06-19,24,24,4324.54
cqr_rolling,0.95,2022-06-20,24,24,4402.78
cqr_rolling,0.95,2022-06-21,24,24,4081.85
cqr_rolling,0.95,2022-06-22,24,24,3946.34
cqr_rolling,0.95,2022-06-23,18,24,4088.21
cqr_rolling,0.95,2022-06-24,16,24,4063.47
cqr_rolling,0.95,2022-06-25,17,24,4431.55
cqr_rolling,0.95,2022-06-26,24,24,4661.46
cqr_rolling,0.95,2022-06-27,24,24,4522.57
cqr_rolling,0.95,2022-06-28,24,24,4374.98
cqr_rolling,0.95,2022-06-29,24,24,4147.37
cqr_rolling,0.95,2022-06-30,24,24,4126.73
cqr_rolling,0.95,2022-07-01,24,24,3930.03
cqr_rolling,0.95,2022-07-02,24,24,3870.91
cqr_rolling,0.95,2022-07-03,24,24,3942.14
cqr_rolling,0.95,2022-07-04,24,24,4737.25
cqr_rolling,0.95,2022-07-05,24,24,3810.26
cqr_rolling,0.95,2022-07-06,24,24,3570.64
cqr_rolling,0.95,2022-07-07,24,24,3838.19
cqr_rolling,0.95,2022-07-08,24,24,3867.61
cqr_rolling,0.95,2022-07-09,24,24,3377.85
cqr_rolling,0.95,2022-07-10,24,24,3422.52
cqr_rolling,0.95,2022-07-11,24,24,4351.06
cqr_rolling,0.95,2022-07-12,24,24,4260.49
cqr_rolling,0.95,2022-07-13,24,24,4154.9
cqr_rolling,0.95,2022-07-14,24,24,8249.51
cqr_rolling,0.95,2022-07-15,24,24,5741.86
cqr_rolling,0.95,2022-07-16,24,24,4404.13
cqr_rolling,0.95,2022-07-17,24,24,4011.57
cqr_rolling,0.95,2022-07-18,24,24,4258.94
cqr_rolling,0.95,2022-07-19,24,24,4369.71
cqr_rolling,0.95,2022-07-20,24,24,3773.63
cqr_rolling,0.95,2022-07-21,24,24,4614.55
cqr_rolling,0.95,2022-07-22,24,24,3894.49
cqr_rolling,0.95,2022-07-23,24,24,3612.22
cqr_rolling,0.95,2022-07-24,24,24,3453.76
cqr_rolling,0.95,2022-07-25,24,24,4179.7
cqr_rolling,0.95,2022-07-26,23,24,3450.53
cqr_rolling,0.95,2022-07-27,24,24,2915.17
cqr_rolling,0.95,2022-07-28,24,24,3102.77
cqr_rolling,0.95,2022-07-29,22,24,3168.61
cqr_rolling,0.95,2022-07-30,24,24,3103.58
cqr_rolling,0.95,2022-07-31,24,24,3321.93
cqr_rolling,0.95,2022-08-01,24,24,3897
cqr_rolling,0.95,2022-08-02,24,24,3943.28
cqr_rolling,0.95,2022-08-03,22,24,3796.77
cqr_rolling,0.95,2022-08-04,24,24,3289.92
cqr_rolling,0.95,2022-08-05,24,24,3376.04
cqr_rolling,0.95,2022-08-06,23,24,2572.29
cqr_rolling,0.95,2022-08-07,24,24,3154.35
cqr_rolling,0.95,2022-08-08,24,24,3618.79
cqr_rolling,0.95,2022-08-09,24,24,3363.13
cqr_rolling,0.95,2022-08-10,24,24,2848.8
cqr_rolling,0.95,2022-08-11,24,24,3085.6
cqr_rolling,0.95,2022-08-12,24,24,3139.51
cqr_rolling,0.95,2022-08-13,24,24,3105.15
cqr_rolling,0.95,2022-08-14,16,24,3318.38
cqr_rolling,0.95,2022-08-15,24,24,5436.02
cqr_rolling,0.95,2022-08-16,24,24,3938.28
cqr_rolling,0.95,2022-08-17,24,24,3394.52
cqr_rolling,0.95,2022-08-18,24,24,2907
cqr_rolling,0.95,2022-08-19,24,24,2996.45
cqr_rolling,0.95,2022-08-20,24,24,3362.59
cqr_rolling,0.95,2022-08-21,24,24,3518.43
cqr_rolling,0.95,2022-08-22,23,24,5047.86
cqr_rolling,0.95,2022-08-23,21,24,4742.41
cqr_rolling,0.95,2022-08-24,24,24,3669.15
cqr_rolling,0.95,2022-08-25,24,24,3532.83
cqr_rolling,0.95,2022-08-26,24,24,3399.81
cqr_rolling,0.95,2022-08-27,24,24,3412.47
cqr_rolling,0.95,2022-08-28,24,24,2804.01
cqr_rolling,0.95,2022-08-29,24,24,3705.04
cqr_rolling,0.95,2022-08-30,23,24,3291.59
cqr_rolling,0.95,2022-08-31,24,24,3021.55
cqr_rolling,0.95,2022-09-01,24,24,3110.13
cqr_rolling,0.95,2022-09-02,24,24,2997.59
cqr_rolling,0.95,2022-09-03,24,24,2880.71
cqr_rolling,0.95,2022-09-04,24,24,3102.99
cqr_rolling,0.95,2022-09-05,24,24,3257.29
cqr_rolling,0.95,2022-09-06,24,24,3234.92
cqr_rolling,0.95,2022-09-07,24,24,3021.49
cqr_rolling,0.95,2022-09-08,24,24,2870.16
cqr_rolling,0.95,2022-09-09,24,24,2840.13
cqr_rolling,0.95,2022-09-10,24,24,2853.15
cqr_rolling,0.95,2022-09-11,24,24,2987.93
cqr_rolling,0.95,2022-09-12,24,24,3097.74
cqr_rolling,0.95,2022-09-13,24,24,3574.93
cqr_rolling,0.95,2022-09-14,24,24,2274.39
cqr_rolling,0.95,2022-09-15,24,24,2315.81
cqr_rolling,0.95,2022-09-16,24,24,2921.97
cqr_rolling,0.95,2022-09-17,24,24,3085.14
cqr_rolling,0.95,2022-09-18,24,24,2999.98
cqr_rolling,0.95,2022-09-19,23,24,3403.23
cqr_rolling,0.95,2022-09-20,24,24,3543.93
cqr_rolling,0.95,2022-09-21,24,24,3042.99
cqr_rolling,0.95,2022-09-22,24,24,2620.84
cqr_rolling,0.95,2022-09-23,24,24,2496.04
cqr_rolling,0.95,2022-09-24,24,24,2909.81
cqr_rolling,0.95,2022-09-25,24,24,3043.49
cqr_rolling,0.95,2022-09-26,24,24,2983.66
cqr_rolling,0.95,2022-09-27,24,24,3179.69
cqr_rolling,0.95,2022-09-28,24,24,3006.97
cqr_rolling,0.95,2022-09-29,20,24,2766.13
cqr_rolling,0.95,2022-09-30,24,24,3031.11
cqr_rolling,0.95,2022-10-01,24,24,2980.14
cqr_rolling,0.95,2022-10-02,19,24,2847.19
cqr_rolling,0.95,2022-10-03,22,24,2772.83
cqr_rolling,0.95,2022-10-04,19,24,2355.81
cqr_rolling,0.95,2022-10-05,22,24,2186.57
cqr_rolling,0.95,2022-10-06,24,24,2352.01
cqr_rolling,0.95,2022-10-07,24,24,2227.17
cqr_rolling,0.95,2022-10-08,23,24,2306.16
cqr_rolling,0.95,2022-10-09,21,24,2939.1
cqr_rolling,0.95,2022-10-10,24,24,2502.68
cqr_rolling,0.95,2022-10-11,24,24,2722.9
cqr_rolling,0.95,2022-10-12,23,24,2250.75
cqr_rolling,0.95,2022-10-13,18,24,2283.85
cqr_rolling,0.95,2022-10-14,18,24,2393.2
cqr_rolling,0.95,2022-10-15,24,24,2183.37
cqr_rolling,0.95,2022-10-16,24,24,2702.56
cqr_rolling,0.95,2022-10-17,22,24,2697.2
cqr_rolling,0.95,2022-10-18,24,24,2715.15
cqr_rolling,0.95,2022-10-19,24,24,2602.15
cqr_rolling,0.95,2022-10-20,24,24,2572.71
cqr_rolling,0.95,2022-10-21,24,24,2515.08
cqr_rolling,0.95,2022-10-22,24,24,2679.76
cqr_rolling,0.95,2022-10-23,21,24,2568.25
cqr_rolling,0.95,2022-10-24,22,24,2960.5
cqr_rolling,0.95,2022-10-25,24,24,2890.02
cqr_rolling,0.95,2022-10-26,24,24,2426.14
cqr_rolling,0.95,2022-10-27,24,24,2515.52
cqr_rolling,0.95,2022-10-28,24,24,2563.08
cqr_rolling,0.95,2022-10-29,23,24,2603
cqr_rolling,0.95,2022-10-30,21,24,3068.47
cqr_rolling,0.95,2022-10-31,19,24,4655.04
cqr_rolling,0.95,2022-11-01,24,24,6148.6
cqr_rolling,0.95,2022-11-02,24,24,4673.28
cqr_rolling,0.95,2022-11-03,23,24,5120.2
cqr_rolling,0.95,2022-11-04,23,24,4268.69
cqr_rolling,0.95,2022-11-05,23,24,5126.65
cqr_rolling,0.95,2022-11-06,23,24,5921.47
cqr_rolling,0.95,2022-11-07,24,24,7181.44
cqr_rolling,0.95,2022-11-08,15,24,6780.63
cqr_rolling,0.95,2022-11-09,12,24,5223.1
cqr_rolling,0.95,2022-11-10,19,24,4158.08
cqr_rolling,0.95,2022-11-11,24,24,7145.67
cqr_rolling,0.95,2022-11-12,24,24,5267.45
cqr_rolling,0.95,2022-11-13,24,24,5181.35
cqr_rolling,0.95,2022-11-14,24,24,5011.44
cqr_rolling,0.95,2022-11-15,24,24,4141.5
cqr_rolling,0.95,2022-11-16,24,24,4056.35
cqr_rolling,0.95,2022-11-17,24,24,4307.08
cqr_rolling,0.95,2022-11-18,24,24,6167.82
cqr_rolling,0.95,2022-11-19,20,24,4746.4
cqr_rolling,0.95,2022-11-20,24,24,5191.54
cqr_rolling,0.95,2022-11-21,24,24,6209.56
cqr_rolling,0.95,2022-11-22,24,24,6117.67
cqr_rolling,0.95,2022-11-23,24,24,5075.27
cqr_rolling,0.95,2022-11-24,24,24,5595.66
cqr_rolling,0.95,2022-11-25,16,24,5153.48
cqr_rolling,0.95,2022-11-26,24,24,4112.63
cqr_rolling,0.95,2022-11-27,24,24,4275
cqr_rolling,0.95,2022-11-28,8,24,5197.23
cqr_rolling,0.95,2022-11-29,23,24,6006.82
cqr_rolling,0.95,2022-11-30,24,24,6124.86
cqr_rolling,0.95,2022-12-01,23,24,5578.37
cqr_rolling,0.95,2022-12-02,24,24,6187.72
cqr_rolling,0.95,2022-12-03,17,24,4590.96
cqr_rolling,0.95,2022-12-04,21,24,5280.78
cqr_rolling,0.95,2022-12-05,24,24,6310.37
cqr_rolling,0.95,2022-12-06,22,24,5995.45
cqr_rolling,0.95,2022-12-07,23,24,6224.6
cqr_rolling,0.95,2022-12-08,23,24,5304.1
cqr_rolling,0.95,2022-12-09,11,24,5812.03
cqr_rolling,0.95,2022-12-10,23,24,4934.95
cqr_rolling,0.95,2022-12-11,23,24,5438.83
cqr_rolling,0.95,2022-12-12,21,24,5950.45
cqr_rolling,0.95,2022-12-13,24,24,5864.41
cqr_rolling,0.95,2022-12-14,13,24,6050.18
cqr_rolling,0.95,2022-12-15,14,24,6213.77
cqr_rolling,0.95,2022-12-16,18,24,5400.15
cqr_rolling,0.95,2022-12-17,24,24,6873.84
cqr_rolling,0.95,2022-12-18,17,24,6120.62
cqr_rolling,0.95,2022-12-19,0,24,6019.7
cqr_rolling,0.95,2022-12-20,7,24,5692.91
cqr_rolling,0.95,2022-12-21,24,24,5729.99
cqr_rolling,0.95,2022-12-22,24,24,6055.36
cqr_rolling,0.95,2022-12-23,20,24,7897.78
cqr_rolling,0.95,2022-12-24,24,24,9686.3
cqr_rolling,0.95,2022-12-25,24,24,12299.7
cqr_rolling,0.95,2022-12-26,24,24,12136.7
cqr_rolling,0.95,2022-12-27,24,24,11382.7
cqr_rolling,0.95,2022-12-28,24,24,7304.5
cqr_rolling,0.95,2022-12-29,24,24,7022.13
cqr_rolling,0.95,2022-12-30,24,24,7092
cqr_rolling,0.95,2022-12-31,24,24,7099.14
cqr_rolling,0.95,2023-01-01,24,24,7584.86
cqr_rolling,0.95,2023-01-02,24,24,7690.66
cqr_rolling,0.95,2023-01-03,24,24,8849.98
cqr_rolling,0.95,2023-01-04,23,24,7279.17
cqr_rolling,0.95,2023-01-05,24,24,6505.96
cqr_rolling,0.95,2023-01-06,24,24,7104.57
cqr_rolling,0.95,2023-01-07,24,24,6191.9
cqr_rolling,0.95,2023-01-08,24,24,6892.45
cqr_rolling,0.95,2023-01-09,24,24,9607.66
cqr_rolling,0.95,2023-01-10,24,24,8858.72
cqr_rolling,0.95,2023-01-11,24,24,6440.33
cqr_rolling,0.95,2023-01-12,24,24,6445.03
cqr_rolling,0.95,2023-01-13,24,24,6563.55
cqr_rolling,0.95,2023-01-14,24,24,5800.56
cqr_rolling,0.95,2023-01-15,24,24,6422.95
cqr_rolling,0.95,2023-01-16,24,24,8249.89
cqr_rolling,0.95,2023-01-17,24,24,7753.44
cqr_rolling,0.95,2023-01-18,21,24,6776.1
cqr_rolling,0.95,2023-01-19,24,24,6485.71
cqr_rolling,0.95,2023-01-20,24,24,6172.86
cqr_rolling,0.95,2023-01-21,24,24,5270.67
cqr_rolling,0.95,2023-01-22,22,24,6174.76
cqr_rolling,0.95,2023-01-23,24,24,8032.55
cqr_rolling,0.95,2023-01-24,24,24,7694.51
cqr_rolling,0.95,2023-01-25,24,24,7142.79
cqr_rolling,0.95,2023-01-26,24,24,6247.6
cqr_rolling,0.95,2023-01-27,23,24,5945.74
cqr_rolling,0.95,2023-01-28,24,24,5428.1
cqr_rolling,0.95,2023-01-29,24,24,8109.31
cqr_rolling,0.95,2023-01-30,22,24,6515.01
cqr_rolling,0.95,2023-01-31,12,24,6989.69
cqr_rolling,0.95,2023-02-01,14,24,6469.42
cqr_rolling,0.95,2023-02-02,24,24,6741.82
cqr_rolling,0.95,2023-02-03,24,24,5843.6
cqr_rolling,0.95,2023-02-04,24,24,5416.13
cqr_rolling,0.95,2023-02-05,24,24,7205.95
cqr_rolling,0.95,2023-02-06,24,24,9328.79
cqr_rolling,0.95,2023-02-07,24,24,8603
cqr_rolling,0.95,2023-02-08,20,24,7203.42
cqr_rolling,0.95,2023-02-09,20,24,6880.61
cqr_rolling,0.95,2023-02-10,24,24,6465.5
cqr_rolling,0.95,2023-02-11,23,24,5816.02
cqr_rolling,0.95,2023-02-12,24,24,6855.35
cqr_rolling,0.95,2023-02-13,24,24,8193.15
cqr_rolling,0.95,2023-02-14,24,24,7408.01
cqr_rolling,0.95,2023-02-15,24,24,7508.09
cqr_rolling,0.95,2023-02-16,23,24,6808.83
cqr_rolling,0.95,2023-02-17,24,24,6339.49
cqr_rolling,0.95,2023-02-18,24,24,7344.83
cqr_rolling,0.95,2023-02-19,24,24,8781.42
cqr_rolling,0.95,2023-02-20,18,24,8062.97
cqr_rolling,0.95,2023-02-21,16,24,7169.88
cqr_rolling,0.95,2023-02-22,18,24,7750.32
cqr_rolling,0.95,2023-02-23,12,24,7436.17
cqr_rolling,0.95,2023-02-24,24,24,8386.54
cqr_rolling,0.95,2023-02-25,24,24,7236.57
cqr_rolling,0.95,2023-02-26,21,24,7132.04
cqr_rolling,0.95,2023-02-27,21,24,8235.46
cqr_rolling,0.95,2023-02-28,23,24,8031.84
cqr_rolling,0.95,2023-03-01,24,24,8093.1
cqr_rolling,0.95,2023-03-02,21,24,8726.64
cqr_rolling,0.95,2023-03-03,24,24,8797.26
cqr_rolling,0.95,2023-03-04,24,24,8622.31
cqr_rolling,0.95,2023-03-05,24,24,9365.13
cqr_rolling,0.95,2023-03-06,24,24,8942.07
cqr_rolling,0.95,2023-03-07,22,24,8817.98
cqr_rolling,0.95,2023-03-08,24,24,8109.8
cqr_rolling,0.95,2023-03-09,24,24,7837.96
cqr_rolling,0.95,2023-03-10,24,24,8833.83
cqr_rolling,0.95,2023-03-11,24,24,9386.14
cqr_rolling,0.95,2023-03-12,24,24,8500.37
cqr_rolling,0.95,2023-03-13,24,24,10684.5
cqr_rolling,0.95,2023-03-14,24,24,9788.73
cqr_rolling,0.95,2023-03-15,24,24,10047.6
cqr_rolling,0.95,2023-03-16,24,24,7969.45
cqr_rolling,0.95,2023-03-17,24,24,8614.99
cqr_rolling,0.95,2023-03-18,24,24,8489.01
cqr_rolling,0.95,2023-03-19,24,24,8453.99
cqr_rolling,0.95,2023-03-20,23,24,8943.38
cqr_rolling,0.95,2023-03-21,24,24,7322.95
cqr_rolling,0.95,2023-03-22,24,24,8567.84
cqr_rolling,0.95,2023-03-23,24,24,7801.92
cqr_rolling,0.95,2023-03-24,24,24,7660.92
cqr_rolling,0.95,2023-03-25,22,24,6206.96
cqr_rolling,0.95,2023-03-26,23,23,6134.94
cqr_rolling,0.95,2023-03-27,24,24,8058.28
cqr_rolling,0.95,2023-03-28,24,24,8379.69
cqr_rolling,0.95,2023-03-29,24,24,5368.67
cqr_rolling,0.95,2023-03-30,24,24,6730.23
cqr_rolling,0.95,2023-03-31,24,24,6550
cqr_rolling,0.95,2023-04-01,22,24,5950.03
cqr_rolling,0.95,2023-04-02,24,24,5580.1
cqr_rolling,0.95,2023-04-03,24,24,7735.29
cqr_rolling,0.95,2023-04-04,24,24,7886.6
cqr_rolling,0.95,2023-04-05,23,24,6921.68
cqr_rolling,0.95,2023-04-06,24,24,5883.26
cqr_rolling,0.95,2023-04-07,24,24,6300.3
cqr_rolling,0.95,2023-04-08,24,24,6503.6
cqr_rolling,0.95,2023-04-09,15,24,6814.73
cqr_rolling,0.95,2023-04-10,20,24,8840.42
cqr_rolling,0.95,2023-04-11,22,24,9255.37
cqr_rolling,0.95,2023-04-12,12,24,8033.27
cqr_rolling,0.95,2023-04-13,20,24,7548.47
cqr_rolling,0.95,2023-04-14,18,24,6865.62
cqr_rolling,0.95,2023-04-15,23,24,6207.72
cqr_rolling,0.95,2023-04-16,20,24,5997.43
cqr_rolling,0.95,2023-04-17,24,24,8355.35
cqr_rolling,0.95,2023-04-18,24,24,7092.07
cqr_rolling,0.95,2023-04-19,23,24,6837.95
cqr_rolling,0.95,2023-04-20,17,24,6831.31
cqr_rolling,0.95,2023-04-21,24,24,7229.31
cqr_rolling,0.95,2023-04-22,24,24,6693.68
cqr_rolling,0.95,2023-04-23,24,24,6956.5
cqr_rolling,0.95,2023-04-24,24,24,7467.91
cqr_rolling,0.95,2023-04-25,24,24,6798.73
cqr_rolling,0.95,2023-04-26,24,24,6331.6
cqr_rolling,0.95,2023-04-27,24,24,5981.89
cqr_rolling,0.95,2023-04-28,24,24,7209.28
cqr_rolling,0.95,2023-04-29,24,24,6187.02
cqr_rolling,0.95,2023-04-30,24,24,6326.74
cqr_rolling,0.95,2023-05-01,24,24,8741.45
cqr_rolling,0.95,2023-05-02,24,24,8542.96
cqr_rolling,0.95,2023-05-03,24,24,6497.07
cqr_rolling,0.95,2023-05-04,24,24,5764.29
cqr_rolling,0.95,2023-05-05,21,24,5138.65
cqr_rolling,0.95,2023-05-06,24,24,4962.62
cqr_rolling,0.95,2023-05-07,24,24,5361.45
cqr_rolling,0.95,2023-05-08,17,24,5716.86
cqr_rolling,0.95,2023-05-09,24,24,6062.09
cqr_rolling,0.95,2023-05-10,24,24,6002.55
cqr_rolling,0.95,2023-05-11,24,24,5425.18
cqr_rolling,0.95,2023-05-12,24,24,5324.16
cqr_rolling,0.95,2023-05-13,24,24,5015.79
cqr_rolling,0.95,2023-05-14,24,24,5041.3
cqr_rolling,0.95,2023-05-15,20,24,8188.78
cqr_rolling,0.95,2023-05-16,24,24,6491.29
cqr_rolling,0.95,2023-05-17,24,24,5905.24
cqr_rolling,0.95,2023-05-18,24,24,8815.5
cqr_rolling,0.95,2023-05-19,24,24,7438.35
cqr_rolling,0.95,2023-05-20,24,24,6121.27
cqr_rolling,0.95,2023-05-21,24,24,5514.93
cqr_rolling,0.95,2023-05-22,24,24,5794.87
cqr_rolling,0.95,2023-05-23,24,24,5851.62
cqr_rolling,0.95,2023-05-24,24,24,5099.53
cqr_rolling,0.95,2023-05-25,24,24,5974.66
cqr_rolling,0.95,2023-05-26,24,24,5583.2
cqr_rolling,0.95,2023-05-27,24,24,4745.83
cqr_rolling,0.95,2023-05-28,24,24,4563.94
cqr_rolling,0.95,2023-05-29,24,24,7217.85
cqr_rolling,0.95,2023-05-30,24,24,5281.88
cqr_rolling,0.95,2023-05-31,24,24,4714.47
cqr_rolling,0.95,2023-06-01,24,24,4389.17
cqr_rolling,0.95,2023-06-02,24,24,4089.23
cqr_rolling,0.95,2023-06-03,24,24,3865.52
cqr_rolling,0.95,2023-06-04,24,24,4164.12
cqr_rolling,0.95,2023-06-05,24,24,5128.41
cqr_rolling,0.95,2023-06-06,24,24,4443.02
cqr_rolling,0.95,2023-06-07,24,24,4144.6
cqr_rolling,0.95,2023-06-08,24,24,3989.22
cqr_rolling,0.95,2023-06-09,24,24,3682.65
cqr_rolling,0.95,2023-06-10,24,24,3719.56
cqr_rolling,0.95,2023-06-11,24,24,3783.83
cqr_rolling,0.95,2023-06-12,24,24,4249.11
cqr_rolling,0.95,2023-06-13,24,24,4133.48
cqr_rolling,0.95,2023-06-14,24,24,3698.21
cqr_rolling,0.95,2023-06-15,24,24,3463.8
cqr_rolling,0.95,2023-06-16,24,24,3479.26
cqr_rolling,0.95,2023-06-17,24,24,3388.97
cqr_rolling,0.95,2023-06-18,24,24,4000.91
cqr_rolling,0.95,2023-06-19,24,24,3805.93
cqr_rolling,0.95,2023-06-20,24,24,3738.41
cqr_rolling,0.95,2023-06-21,24,24,3413.16
cqr_rolling,0.95,2023-06-22,24,24,3462.05
cqr_rolling,0.95,2023-06-23,24,24,3469.94
cqr_rolling,0.95,2023-06-24,24,24,3202.21
cqr_rolling,0.95,2023-06-25,24,24,3452.19
cqr_rolling,0.95,2023-06-26,23,24,3522.08
cqr_rolling,0.95,2023-06-27,24,24,3587.16
cqr_rolling,0.95,2023-06-28,24,24,3449.08
cqr_rolling,0.95,2023-06-29,24,24,3187.81
cqr_rolling,0.95,2023-06-30,24,24,3245.23
cqr_rolling,0.95,2023-07-01,24,24,3500.8
cqr_rolling,0.95,2023-07-02,24,24,3898.99
cqr_rolling,0.95,2023-07-03,24,24,3809.15
cqr_rolling,0.95,2023-07-04,24,24,3433.38
cqr_rolling,0.95,2023-07-05,24,24,3068.53
cqr_rolling,0.95,2023-07-06,24,24,3005.79
cqr_rolling,0.95,2023-07-07,23,24,3462.79
cqr_rolling,0.95,2023-07-08,18,24,3071.11
cqr_rolling,0.95,2023-07-09,24,24,3302.89
cqr_rolling,0.95,2023-07-10,24,24,3824.16
cqr_rolling,0.95,2023-07-11,24,24,3887.18
cqr_rolling,0.95,2023-07-12,24,24,3451.95
cqr_rolling,0.95,2023-07-13,18,24,2947.41
cqr_rolling,0.95,2023-07-14,24,24,5943.69
cqr_rolling,0.95,2023-07-15,24,24,3909.39
cqr_rolling,0.95,2023-07-16,24,24,3714.2
cqr_rolling,0.95,2023-07-17,24,24,3552.88
cqr_rolling,0.95,2023-07-18,24,24,3190.31
cqr_rolling,0.95,2023-07-19,23,24,2699.61
cqr_rolling,0.95,2023-07-20,24,24,2708.17
cqr_rolling,0.95,2023-07-21,24,24,3575.08
cqr_rolling,0.95,2023-07-22,24,24,3174.76
cqr_rolling,0.95,2023-07-23,24,24,3019.33
cqr_rolling,0.95,2023-07-24,23,24,2906
cqr_rolling,0.95,2023-07-25,13,24,3553.57
cqr_rolling,0.95,2023-07-26,23,24,2988.79
cqr_rolling,0.95,2023-07-27,24,24,2947.36
cqr_rolling,0.95,2023-07-28,24,24,2804.36
cqr_rolling,0.95,2023-07-29,24,24,2612.33
cqr_rolling,0.95,2023-07-30,24,24,3062.4
cqr_rolling,0.95,2023-07-31,23,24,3431.55
cqr_rolling,0.95,2023-08-01,24,24,3448.25
cqr_rolling,0.95,2023-08-02,24,24,3197.07
cqr_rolling,0.95,2023-08-03,24,24,3111.01
cqr_rolling,0.95,2023-08-04,23,24,3260.87
cqr_rolling,0.95,2023-08-05,24,24,2994.49
cqr_rolling,0.95,2023-08-06,24,24,3300.41
cqr_rolling,0.95,2023-08-07,22,24,3542.72
cqr_rolling,0.95,2023-08-08,24,24,3199.1
cqr_rolling,0.95,2023-08-09,22,24,3100.04
cqr_rolling,0.95,2023-08-10,24,24,3257.6
cqr_rolling,0.95,2023-08-11,22,24,2985.71
cqr_rolling,0.95,2023-08-12,24,24,2877.31
cqr_rolling,0.95,2023-08-13,21,24,2585.11
cqr_rolling,0.95,2023-08-14,22,24,3969.81
cqr_rolling,0.95,2023-08-15,24,24,5653.75
cqr_rolling,0.95,2023-08-16,24,24,2975.35
cqr_rolling,0.95,2023-08-17,24,24,2736.22
cqr_rolling,0.95,2023-08-18,24,24,2574.4
cqr_rolling,0.95,2023-08-19,22,24,2525.22
cqr_rolling,0.95,2023-08-20,20,24,2475.35
cqr_rolling,0.95,2023-08-21,9,24,3509.6
cqr_rolling,0.95,2023-08-22,0,24,4161.01
cqr_rolling,0.95,2023-08-23,0,24,4099.53
cqr_rolling,0.95,2023-08-24,24,24,4288.82
cqr_rolling,0.95,2023-08-25,17,24,4511.01
cqr_rolling,0.95,2023-08-26,12,24,4339.01
cqr_rolling,0.95,2023-08-27,17,24,3876.19
cqr_rolling,0.95,2023-08-28,18,24,4383.6
cqr_rolling,0.95,2023-08-29,20,24,4539.89
cqr_rolling,0.95,2023-08-30,23,24,4565.53
cqr_rolling,0.95,2023-08-31,24,24,4617.11
cqr_rolling,0.95,2023-09-01,24,24,4008.27
cqr_rolling,0.95,2023-09-02,24,24,3581.99
cqr_rolling,0.95,2023-09-03,23,24,3452.02
cqr_rolling,0.95,2023-09-04,24,24,4829.33
cqr_rolling,0.95,2023-09-05,24,24,5443.74
cqr_rolling,0.95,2023-09-06,24,24,5022.78
cqr_rolling,0.95,2023-09-07,24,24,4740.7
cqr_rolling,0.95,2023-09-08,24,24,4001.8
cqr_rolling,0.95,2023-09-09,24,24,4366.15
cqr_rolling,0.95,2023-09-10,24,24,4456.19
cqr_rolling,0.95,2023-09-11,24,24,4126.75
cqr_rolling,0.95,2023-09-12,24,24,4182.49
cqr_rolling,0.95,2023-09-13,24,24,3994.78
cqr_rolling,0.95,2023-09-14,24,24,3715.24
cqr_rolling,0.95,2023-09-15,24,24,3663.2
cqr_rolling,0.95,2023-09-16,24,24,3615.74
cqr_rolling,0.95,2023-09-17,24,24,3632.78
cqr_rolling,0.95,2023-09-18,24,24,3741.25
cqr_rolling,0.95,2023-09-19,23,24,3547.9
cqr_rolling,0.95,2023-09-20,24,24,3335.95
cqr_rolling,0.95,2023-09-21,24,24,3438.88
cqr_rolling,0.95,2023-09-22,24,24,3572.73
cqr_rolling,0.95,2023-09-23,24,24,3655.45
cqr_rolling,0.95,2023-09-24,24,24,3808.27
cqr_rolling,0.95,2023-09-25,24,24,3897.32
cqr_rolling,0.95,2023-09-26,24,24,3779.2
cqr_rolling,0.95,2023-09-27,24,24,3539.55
cqr_rolling,0.95,2023-09-28,24,24,3506.75
cqr_rolling,0.95,2023-09-29,24,24,3821.55
cqr_rolling,0.95,2023-09-30,24,24,3573.12
cqr_rolling,0.95,2023-10-01,24,24,3654.8
cqr_rolling,0.95,2023-10-02,24,24,4154.75
cqr_rolling,0.95,2023-10-03,24,24,3730.62
cqr_rolling,0.95,2023-10-04,24,24,3356.1
cqr_rolling,0.95,2023-10-05,24,24,3298.5
cqr_rolling,0.95,2023-10-06,24,24,3313.12
cqr_rolling,0.95,2023-10-07,24,24,3398.22
cqr_rolling,0.95,2023-10-08,24,24,3372.61
cqr_rolling,0.95,2023-10-09,24,24,3639.97
cqr_rolling,0.95,2023-10-10,24,24,3542.82
cqr_rolling,0.95,2023-10-11,24,24,3430.34
cqr_rolling,0.95,2023-10-12,24,24,3309.81
cqr_rolling,0.95,2023-10-13,24,24,3317.95
cqr_rolling,0.95,2023-10-14,24,24,3389.96
cqr_rolling,0.95,2023-10-15,24,24,4072.31
cqr_rolling,0.95,2023-10-16,24,24,4982.87
cqr_rolling,0.95,2023-10-17,24,24,3938.57
cqr_rolling,0.95,2023-10-18,24,24,3260.26
cqr_rolling,0.95,2023-10-19,24,24,3156.57
cqr_rolling,0.95,2023-10-20,24,24,3312.16
cqr_rolling,0.95,2023-10-21,24,24,3373.73
cqr_rolling,0.95,2023-10-22,24,24,4819.47
cqr_rolling,0.95,2023-10-23,24,24,5366.12
cqr_rolling,0.95,2023-10-24,20,24,4261.68
cqr_rolling,0.95,2023-10-25,24,24,3905.64
cqr_rolling,0.95,2023-10-26,24,24,3754.28
cqr_rolling,0.95,2023-10-27,24,24,3691.95
cqr_rolling,0.95,2023-10-28,24,24,4225.86
cqr_rolling,0.95,2023-10-29,24,24,5120.56
cqr_rolling,0.95,2023-10-30,24,24,5315.35
cqr_rolling,0.95,2023-10-31,22,24,4373.24
cqr_rolling,0.95,2023-11-01,24,24,6446.67
cqr_rolling,0.95,2023-11-02,24,24,6055.66
cqr_rolling,0.95,2023-11-03,24,24,6155.62
cqr_rolling,0.95,2023-11-04,24,24,4601.26
cqr_rolling,0.95,2023-11-05,24,24,4879.49
cqr_rolling,0.95,2023-11-06,24,24,6245.01
cqr_rolling,0.95,2023-11-07,24,24,6688.38
cqr_rolling,0.95,2023-11-08,24,24,7031.68
cqr_rolling,0.95,2023-11-09,22,24,6731.58
cqr_rolling,0.95,2023-11-10,24,24,6779.38
cqr_rolling,0.95,2023-11-11,24,24,7511.07
cqr_rolling,0.95,2023-11-12,24,24,5017.95
cqr_rolling,0.95,2023-11-13,23,24,5402.52
cqr_rolling,0.95,2023-11-14,24,24,5824.54
cqr_rolling,0.95,2023-11-15,24,24,5756.86
cqr_rolling,0.95,2023-11-16,24,24,6022.22
cqr_rolling,0.95,2023-11-17,22,24,5941
cqr_rolling,0.95,2023-11-18,24,24,4644.12
cqr_rolling,0.95,2023-11-19,19,24,4918.01
cqr_rolling,0.95,2023-11-20,24,24,6810.79
cqr_rolling,0.95,2023-11-21,24,24,6314.69
cqr_rolling,0.95,2023-11-22,24,24,5152.1
cqr_rolling,0.95,2023-11-23,20,24,5438.84
cqr_rolling,0.95,2023-11-24,24,24,5502.78
cqr_rolling,0.95,2023-11-25,24,24,6009.38
cqr_rolling,0.95,2023-11-26,22,24,5554.57
cqr_rolling,0.95,2023-11-27,22,24,5995.37
cqr_rolling,0.95,2023-11-28,19,24,5594.94
cqr_rolling,0.95,2023-11-29,24,24,6287.61
cqr_rolling,0.95,2023-11-30,7,24,5740.99
cqr_rolling,0.95,2023-12-01,17,24,5408.93
cqr_rolling,0.95,2023-12-02,24,24,5208.51
cqr_rolling,0.95,2023-12-03,24,24,6271.48
cqr_rolling,0.95,2023-12-04,24,24,5865.2
cqr_rolling,0.95,2023-12-05,20,24,4798.6
cqr_rolling,0.95,2023-12-06,21,24,4228.65
cqr_rolling,0.95,2023-12-07,9,24,5198.68
cqr_rolling,0.95,2023-12-08,15,24,5764.27
cqr_rolling,0.95,2023-12-09,18,24,5653.99
cqr_rolling,0.95,2023-12-10,18,24,4635.48
cqr_rolling,0.95,2023-12-11,24,24,5417.08
cqr_rolling,0.95,2023-12-12,24,24,5111.64
cqr_rolling,0.95,2023-12-13,21,24,4968.13
cqr_rolling,0.95,2023-12-14,24,24,5234.96
cqr_rolling,0.95,2023-12-15,24,24,5506.53
cqr_rolling,0.95,2023-12-16,22,24,5700.27
cqr_rolling,0.95,2023-12-17,5,24,4766.23
cqr_rolling,0.95,2023-12-18,8,24,6167.01
cqr_rolling,0.95,2023-12-19,24,24,6577.44
cqr_rolling,0.95,2023-12-20,14,24,6871.21
cqr_rolling,0.95,2023-12-21,13,24,5227.68
cqr_rolling,0.95,2023-12-22,8,24,4637.39
cqr_rolling,0.95,2023-12-23,19,24,5558.29
cqr_rolling,0.95,2023-12-24,20,24,6112.75
cqr_rolling,0.95,2023-12-25,22,24,11330.6
cqr_rolling,0.95,2023-12-26,19,24,13065.9
cqr_rolling,0.95,2023-12-27,24,24,7325.26
cqr_rolling,0.95,2023-12-28,24,24,6145.71
cqr_rolling,0.95,2023-12-29,24,24,6721.37
cqr_rolling,0.95,2023-12-30,24,24,6425.76
cqr_rolling,0.95,2023-12-31,23,24,5914.21
cqr_rolling,0.95,2024-01-01,23,24,8160.64
cqr_rolling,0.95,2024-01-02,22,24,8225.64
cqr_rolling,0.95,2024-01-03,23,24,7769.12
cqr_rolling,0.95,2024-01-04,24,24,6935.48
cqr_rolling,0.95,2024-01-05,24,24,6725.05
cqr_rolling,0.95,2024-01-06,24,24,7491.81
cqr_rolling,0.95,2024-01-07,24,24,6788.38
cqr_rolling,0.95,2024-01-08,6,24,9629.46
cqr_rolling,0.95,2024-01-09,2,24,12601.7
cqr_rolling,0.95,2024-01-10,24,24,8853.47
cqr_rolling,0.95,2024-01-11,24,24,9066.19
cqr_rolling,0.95,2024-01-12,23,24,8584.83
cqr_rolling,0.95,2024-01-13,24,24,7122.15
cqr_rolling,0.95,2024-01-14,22,24,7337.79
cqr_rolling,0.95,2024-01-15,10,24,8142.6
cqr_rolling,0.95,2024-01-16,17,24,8849.06
cqr_rolling,0.95,2024-01-17,17,24,7813.72
cqr_rolling,0.95,2024-01-18,15,24,8744.47
cqr_rolling,0.95,2024-01-19,23,24,9306.42
cqr_rolling,0.95,2024-01-20,24,24,9223.35
cqr_rolling,0.95,2024-01-21,23,24,8654.99
cqr_rolling,0.95,2024-01-22,24,24,8629.52
cqr_rolling,0.95,2024-01-23,24,24,8710.89
cqr_rolling,0.95,2024-01-24,24,24,6297.73
cqr_rolling,0.95,2024-01-25,24,24,7221.13
cqr_rolling,0.95,2024-01-26,24,24,8491.49
cqr_rolling,0.95,2024-01-27,24,24,9720.54
cqr_rolling,0.95,2024-01-28,24,24,8302.67
cqr_rolling,0.95,2024-01-29,24,24,8564.48
cqr_rolling,0.95,2024-01-30,24,24,7395.94
cqr_rolling,0.95,2024-01-31,24,24,8555.04
cqr_rolling,0.95,2024-02-01,24,24,7287.57
cqr_rolling,0.95,2024-02-02,24,24,7697.3
cqr_rolling,0.95,2024-02-03,24,24,7502.6
cqr_rolling,0.95,2024-02-04,22,24,8682.35
cqr_rolling,0.95,2024-02-05,13,24,7869.66
cqr_rolling,0.95,2024-02-06,18,24,8454.53
cqr_rolling,0.95,2024-02-07,24,24,8097.92
cqr_rolling,0.95,2024-02-08,24,24,8386.28
cqr_rolling,0.95,2024-02-09,24,24,8127.45
cqr_rolling,0.95,2024-02-10,24,24,7651.6
cqr_rolling,0.95,2024-02-11,24,24,7883.54
cqr_rolling,0.95,2024-02-12,24,24,9639.97
cqr_rolling,0.95,2024-02-13,24,24,9646.54
cqr_rolling,0.95,2024-02-14,24,24,8803.55
cqr_rolling,0.95,2024-02-15,24,24,7896.05
cqr_rolling,0.95,2024-02-16,24,24,7305.86
cqr_rolling,0.95,2024-02-17,24,24,8375.97
cqr_rolling,0.95,2024-02-18,24,24,7749.18
cqr_rolling,0.95,2024-02-19,24,24,9558.79
cqr_rolling,0.95,2024-02-20,24,24,8599.61
cqr_rolling,0.95,2024-02-21,22,24,8696.22
cqr_rolling,0.95,2024-02-22,19,24,8158.28
cqr_rolling,0.95,2024-02-23,24,24,8175.39
cqr_rolling,0.95,2024-02-24,24,24,7668.35
cqr_rolling,0.95,2024-02-25,24,24,7906
cqr_rolling,0.95,2024-02-26,24,24,9250.14
cqr_rolling,0.95,2024-02-27,24,24,9834.04
cqr_rolling,0.95,2024-02-28,24,24,8937.72
cqr_rolling,0.95,2024-02-29,24,24,8170.08
cqr_rolling,0.95,2024-03-01,24,24,8785.18
cqr_rolling,0.95,2024-03-02,24,24,7656.02
cqr_rolling,0.95,2024-03-03,24,24,8425.29
cqr_rolling,0.95,2024-03-04,24,24,10564.4
cqr_rolling,0.95,2024-03-05,24,24,8959.61
cqr_rolling,0.95,2024-03-06,24,24,9053.46
cqr_rolling,0.95,2024-03-07,24,24,8904.65
cqr_rolling,0.95,2024-03-08,24,24,7923.02
cqr_rolling,0.95,2024-03-09,24,24,7028.96
cqr_rolling,0.95,2024-03-10,24,24,8307.82
cqr_rolling,0.95,2024-03-11,24,24,8859.25
cqr_rolling,0.95,2024-03-12,24,24,8331.41
cqr_rolling,0.95,2024-03-13,24,24,8085.36
cqr_rolling,0.95,2024-03-14,24,24,9038.66
cqr_rolling,0.95,2024-03-15,24,24,10168.7
cqr_rolling,0.95,2024-03-16,24,24,8927.61
cqr_rolling,0.95,2024-03-17,24,24,9195.3
cqr_rolling,0.95,2024-03-18,24,24,9946.64
cqr_rolling,0.95,2024-03-19,24,24,9997.58
cqr_rolling,0.95,2024-03-20,24,24,8951.74
cqr_rolling,0.95,2024-03-21,24,24,8548.21
cqr_rolling,0.95,2024-03-22,24,24,7406.16
cqr_rolling,0.95,2024-03-23,24,24,6863.13
cqr_rolling,0.95,2024-03-24,24,24,7095.11
cqr_rolling,0.95,2024-03-25,24,24,8582.97
cqr_rolling,0.95,2024-03-26,23,24,8183.98
cqr_rolling,0.95,2024-03-27,24,24,7357.9
cqr_rolling,0.95,2024-03-28,24,24,7534.96
cqr_rolling,0.95,2024-03-29,24,24,7948.34
cqr_rolling,0.95,2024-03-30,24,24,9127.16
cqr_rolling,0.95,2024-03-31,23,23,8677.67
cqr_rolling,0.95,2024-04-01,24,24,10521.8
cqr_rolling,0.95,2024-04-02,24,24,9154.63
cqr_rolling,0.95,2024-04-03,24,24,7760.31
cqr_rolling,0.95,2024-04-04,24,24,7261.58
cqr_rolling,0.95,2024-04-05,24,24,7300.57
cqr_rolling,0.95,2024-04-06,24,24,7856.7
cqr_rolling,0.95,2024-04-07,24,24,7686.45
cqr_rolling,0.95,2024-04-08,24,24,7940.93
cqr_rolling,0.95,2024-04-09,19,24,8801.19
cqr_rolling,0.95,2024-04-10,24,24,6642.4
cqr_rolling,0.95,2024-04-11,24,24,5587.52
cqr_rolling,0.95,2024-04-12,24,24,5718.75
cqr_rolling,0.95,2024-04-13,24,24,4914.76
cqr_rolling,0.95,2024-04-14,24,24,5082.93
cqr_rolling,0.95,2024-04-15,24,24,6038.89
cqr_rolling,0.95,2024-04-16,24,24,7267.01
cqr_rolling,0.95,2024-04-17,22,24,6077.26
cqr_rolling,0.95,2024-04-18,24,24,5459.42
cqr_rolling,0.95,2024-04-19,21,24,5569.47
cqr_rolling,0.95,2024-04-20,24,24,7852.96
cqr_rolling,0.95,2024-04-21,24,24,7334.3
cqr_rolling,0.95,2024-04-22,24,24,8886.23
cqr_rolling,0.95,2024-04-23,24,24,6872.82
cqr_rolling,0.95,2024-04-24,24,24,6497.64
cqr_rolling,0.95,2024-04-25,24,24,6024.52
cqr_rolling,0.95,2024-04-26,24,24,5761.77
cqr_rolling,0.95,2024-04-27,24,24,6984.25
cqr_rolling,0.95,2024-04-28,24,24,7778.43
cqr_rolling,0.95,2024-04-29,24,24,7057.36
cqr_rolling,0.95,2024-04-30,24,24,6288.04
cqr_rolling,0.95,2024-05-01,22,24,8913.77
cqr_rolling,0.95,2024-05-02,22,24,8831.02
cqr_rolling,0.95,2024-05-03,23,24,6824.97
cqr_rolling,0.95,2024-05-04,24,24,5415.8
cqr_rolling,0.95,2024-05-05,24,24,5672.4
cqr_rolling,0.95,2024-05-06,23,24,5737.99
cqr_rolling,0.95,2024-05-07,22,24,4642.08
cqr_rolling,0.95,2024-05-08,24,24,6780.31
cqr_rolling,0.95,2024-05-09,24,24,8538.43
cqr_rolling,0.95,2024-05-10,20,24,9220.42
cqr_rolling,0.95,2024-05-11,22,24,8286.43
cqr_rolling,0.95,2024-05-12,24,24,4929.94
cqr_rolling,0.95,2024-05-13,24,24,6085.78
cqr_rolling,0.95,2024-05-14,24,24,5979.45
cqr_rolling,0.95,2024-05-15,17,24,7400.04
cqr_rolling,0.95,2024-05-16,24,24,6293.02
cqr_rolling,0.95,2024-05-17,24,24,5610.31
cqr_rolling,0.95,2024-05-18,11,24,3674.4
cqr_rolling,0.95,2024-05-19,24,24,4089.34
cqr_rolling,0.95,2024-05-20,24,24,7022.19
cqr_rolling,0.95,2024-05-21,24,24,4547.76
cqr_rolling,0.95,2024-05-22,24,24,3970.46
cqr_rolling,0.95,2024-05-23,24,24,3994.37
cqr_rolling,0.95,2024-05-24,24,24,3589.27
cqr_rolling,0.95,2024-05-25,24,24,3422.36
cqr_rolling,0.95,2024-05-26,24,24,3728.54
cqr_rolling,0.95,2024-05-27,24,24,4847.81
cqr_rolling,0.95,2024-05-28,24,24,4612.37
cqr_rolling,0.95,2024-05-29,24,24,3786.92
cqr_rolling,0.95,2024-05-30,24,24,3549.42
cqr_rolling,0.95,2024-05-31,24,24,3823.14
cqr_rolling,0.95,2024-06-01,24,24,3578.69
cqr_rolling,0.95,2024-06-02,17,24,3497.23
cqr_rolling,0.95,2024-06-03,24,24,3860.11
cqr_rolling,0.95,2024-06-04,24,24,3780.24
cqr_rolling,0.95,2024-06-05,24,24,2987.92
cqr_rolling,0.95,2024-06-06,24,24,2994.84
cqr_rolling,0.95,2024-06-07,24,24,3220.85
cqr_rolling,0.95,2024-06-08,20,24,3168.5
cqr_rolling,0.95,2024-06-09,20,24,3241.72
cqr_rolling,0.95,2024-06-10,24,24,4054.61
cqr_rolling,0.95,2024-06-11,24,24,3895.2
cqr_rolling,0.95,2024-06-12,24,24,3285.64
cqr_rolling,0.95,2024-06-13,24,24,3061.12
cqr_rolling,0.95,2024-06-14,24,24,2982.39
cqr_rolling,0.95,2024-06-15,24,24,3020.9
cqr_rolling,0.95,2024-06-16,22,24,3419.31
cqr_rolling,0.95,2024-06-17,24,24,3477.16
cqr_rolling,0.95,2024-06-18,24,24,3800.12
cqr_rolling,0.95,2024-06-19,24,24,3316
cqr_rolling,0.95,2024-06-20,24,24,2969.61
cqr_rolling,0.95,2024-06-21,24,24,2963.52
cqr_rolling,0.95,2024-06-22,24,24,3091.5
cqr_rolling,0.95,2024-06-23,24,24,3265.79
cqr_rolling,0.95,2024-06-24,24,24,3422.19
cqr_rolling,0.95,2024-06-25,24,24,3390.43
cqr_rolling,0.95,2024-06-26,24,24,3338.73
cqr_rolling,0.95,2024-06-27,24,24,3143.19
cqr_rolling,0.95,2024-06-28,24,24,2732.57
cqr_rolling,0.95,2024-06-29,24,24,2712.91
cqr_rolling,0.95,2024-06-30,24,24,2866.33
cqr_rolling,0.95,2024-07-01,24,24,3009.35
cqr_rolling,0.95,2024-07-02,24,24,3498.11
cqr_rolling,0.95,2024-07-03,24,24,3059.56
cqr_rolling,0.95,2024-07-04,24,24,2884.98
cqr_rolling,0.95,2024-07-05,24,24,2478.95
cqr_rolling,0.95,2024-07-06,24,24,2829.42
cqr_rolling,0.95,2024-07-07,24,24,3118.27
cqr_rolling,0.95,2024-07-08,24,24,3057.67
cqr_rolling,0.95,2024-07-09,24,24,3121.14
cqr_rolling,0.95,2024-07-10,23,24,2411.89
cqr_rolling,0.95,2024-07-11,23,24,2521.12
cqr_rolling,0.95,2024-07-12,24,24,2556.71
cqr_rolling,0.95,2024-07-13,24,24,2664.4
cqr_rolling,0.95,2024-07-14,24,24,3455.1
cqr_rolling,0.95,2024-07-15,24,24,3071.79
cqr_rolling,0.95,2024-07-16,24,24,2911.14
cqr_rolling,0.95,2024-07-17,24,24,2340.2
cqr_rolling,0.95,2024-07-18,24,24,2115.51
cqr_rolling,0.95,2024-07-19,24,24,3176.06
cqr_rolling,0.95,2024-07-20,24,24,2993.31
cqr_rolling,0.95,2024-07-21,24,24,2815.88
cqr_rolling,0.95,2024-07-22,20,24,2812.68
cqr_rolling,0.95,2024-07-23,24,24,2648.62
cqr_rolling,0.95,2024-07-24,24,24,2216.14
cqr_rolling,0.95,2024-07-25,22,24,2189.43
cqr_rolling,0.95,2024-07-26,24,24,2696.01
cqr_rolling,0.95,2024-07-27,24,24,2668.24
cqr_rolling,0.95,2024-07-28,18,24,2450.17
cqr_rolling,0.95,2024-07-29,24,24,3248.55
cqr_rolling,0.95,2024-07-30,24,24,3518.78
cqr_rolling,0.95,2024-07-31,24,24,2521.65
cqr_rolling,0.95,2024-08-01,24,24,2355.04
cqr_rolling,0.95,2024-08-02,17,24,2482.33
cqr_rolling,0.95,2024-08-03,19,24,2402.71
cqr_rolling,0.95,2024-08-04,24,24,2745.05
cqr_rolling,0.95,2024-08-05,10,24,3486.45
cqr_rolling,0.95,2024-08-06,19,24,3473.43
cqr_rolling,0.95,2024-08-07,24,24,3051.06
cqr_rolling,0.95,2024-08-08,24,24,2562.86
cqr_rolling,0.95,2024-08-09,21,24,2581.79
cqr_rolling,0.95,2024-08-10,21,24,2808.18
cqr_rolling,0.95,2024-08-11,24,24,3346.79
cqr_rolling,0.95,2024-08-12,24,24,3805.85
cqr_rolling,0.95,2024-08-13,12,24,2880.58
cqr_rolling,0.95,2024-08-14,12,24,2619.33
cqr_rolling,0.95,2024-08-15,24,24,4576.17
cqr_rolling,0.95,2024-08-16,21,24,3938.46
cqr_rolling,0.95,2024-08-17,16,24,3261.19
cqr_rolling,0.95,2024-08-18,16,24,3433.88
cqr_rolling,0.95,2024-08-19,23,24,3444
cqr_rolling,0.95,2024-08-20,24,24,3516.33
cqr_rolling,0.95,2024-08-21,23,24,3158.75
cqr_rolling,0.95,2024-08-22,24,24,4327.5
cqr_rolling,0.95,2024-08-23,24,24,4115.97
cqr_rolling,0.95,2024-08-24,19,24,2862.3
cqr_rolling,0.95,2024-08-25,24,24,2653.88
cqr_rolling,0.95,2024-08-26,24,24,3409.91
cqr_rolling,0.95,2024-08-27,24,24,3511.04
cqr_rolling,0.95,2024-08-28,24,24,3600.1
cqr_rolling,0.95,2024-08-29,23,24,3103.15
cqr_rolling,0.95,2024-08-30,24,24,3032.71
cqr_rolling,0.95,2024-08-31,24,24,2981.41
cqr_rolling,0.95,2024-09-01,14,24,2781.09
cqr_rolling,0.95,2024-09-02,24,24,2942.6
cqr_rolling,0.95,2024-09-03,24,24,3148.45
cqr_rolling,0.95,2024-09-04,21,24,2825.68
cqr_rolling,0.95,2024-09-05,23,24,2998.33
cqr_rolling,0.95,2024-09-06,23,24,2684.6
cqr_rolling,0.95,2024-09-07,24,24,2751.96
cqr_rolling,0.95,2024-09-08,24,24,3567.09
cqr_rolling,0.95,2024-09-09,24,24,3610.36
cqr_rolling,0.95,2024-09-10,24,24,3180.79
cqr_rolling,0.95,2024-09-11,24,24,2873.4
cqr_rolling,0.95,2024-09-12,24,24,3232.03
cqr_rolling,0.95,2024-09-13,24,24,3101.11
cqr_rolling,0.95,2024-09-14,24,24,3103.68
cqr_rolling,0.95,2024-09-15,24,24,3170.7
cqr_rolling,0.95,2024-09-16,24,24,2953.16
cqr_rolling,0.95,2024-09-17,24,24,2598.13
cqr_rolling,0.95,2024-09-18,24,24,2439.54
cqr_rolling,0.95,2024-09-19,24,24,2873.33
cqr_rolling,0.95,2024-09-20,24,24,2969.27
cqr_rolling,0.95,2024-09-21,24,24,3264.29
cqr_rolling,0.95,2024-09-22,23,24,3477.03
cqr_rolling,0.95,2024-09-23,24,24,3564.23
cqr_rolling,0.95,2024-09-24,24,24,3302.71
cqr_rolling,0.95,2024-09-25,23,24,2748.92
cqr_rolling,0.95,2024-09-26,18,24,2552.99
cqr_rolling,0.95,2024-09-27,20,24,2588.24
cqr_rolling,0.95,2024-09-28,24,24,3424.73
cqr_rolling,0.95,2024-09-29,24,24,3885.25
cqr_rolling,0.95,2024-09-30,24,24,3571.8
cqr_rolling,0.95,2024-10-01,19,24,3215.56
cqr_rolling,0.95,2024-10-02,24,24,2861.48
cqr_rolling,0.95,2024-10-03,24,24,3172.76
cqr_rolling,0.95,2024-10-04,23,24,3589.51
cqr_rolling,0.95,2024-10-05,24,24,3597.09
cqr_rolling,0.95,2024-10-06,21,24,4606.09
cqr_rolling,0.95,2024-10-07,24,24,3560.89
cqr_rolling,0.95,2024-10-08,24,24,2897.77
cqr_rolling,0.95,2024-10-09,24,24,3091.13
cqr_rolling,0.95,2024-10-10,24,24,3260.68
cqr_rolling,0.95,2024-10-11,23,24,3894.04
cqr_rolling,0.95,2024-10-12,24,24,3697.38
cqr_rolling,0.95,2024-10-13,24,24,4204.93
cqr_rolling,0.95,2024-10-14,24,24,3584.85
cqr_rolling,0.95,2024-10-15,21,24,2780.43
cqr_rolling,0.95,2024-10-16,23,24,2801.9
cqr_rolling,0.95,2024-10-17,24,24,2633.02
cqr_rolling,0.95,2024-10-18,24,24,3457.88
cqr_rolling,0.95,2024-10-19,24,24,3625.11
cqr_rolling,0.95,2024-10-20,24,24,3867.51
cqr_rolling,0.95,2024-10-21,24,24,3827.66
cqr_rolling,0.95,2024-10-22,23,24,3029.64
cqr_rolling,0.95,2024-10-23,13,24,2801.19
cqr_rolling,0.95,2024-10-24,24,24,2891.89
cqr_rolling,0.95,2024-10-25,18,24,3196.95
cqr_rolling,0.95,2024-10-26,24,24,3322.41
cqr_rolling,0.95,2024-10-27,23,24,4157.15
cqr_rolling,0.95,2024-10-28,22,24,3813
cqr_rolling,0.95,2024-10-29,23,24,3787.81
cqr_rolling,0.95,2024-10-30,23,24,4018.91
cqr_rolling,0.95,2024-10-31,21,24,3677.21
cqr_rolling,0.95,2024-11-01,24,24,6968.9
cqr_rolling,0.95,2024-11-02,24,24,5360.96
cqr_rolling,0.95,2024-11-03,21,24,4797.18
cqr_rolling,0.95,2024-11-04,17,24,4791.7
cqr_rolling,0.95,2024-11-05,23,24,4434.58
cqr_rolling,0.95,2024-11-06,24,24,4349.64
cqr_rolling,0.95,2024-11-07,24,24,4629.38
cqr_rolling,0.95,2024-11-08,22,24,6369.65
cqr_rolling,0.95,2024-11-09,24,24,6037.67
cqr_rolling,0.95,2024-11-10,20,24,4333.45
cqr_rolling,0.95,2024-11-11,23,24,7014.28
cqr_rolling,0.95,2024-11-12,24,24,6503.19
cqr_rolling,0.95,2024-11-13,24,24,6196.07
cqr_rolling,0.95,2024-11-14,24,24,5694.26
cqr_rolling,0.95,2024-11-15,24,24,5821.59
cqr_rolling,0.95,2024-11-16,24,24,5187.84
cqr_rolling,0.95,2024-11-17,24,24,4450.87
cqr_rolling,0.95,2024-11-18,24,24,6437.02
cqr_rolling,0.95,2024-11-19,20,24,4883.39
cqr_rolling,0.95,2024-11-20,14,24,6203.13
cqr_rolling,0.95,2024-11-21,21,24,6295.14
cqr_rolling,0.95,2024-11-22,24,24,7461.69
cqr_rolling,0.95,2024-11-23,22,24,5631.42
cqr_rolling,0.95,2024-11-24,12,24,5903.69
cqr_rolling,0.95,2024-11-25,5,24,5247.98
cqr_rolling,0.95,2024-11-26,24,24,6754.13
cqr_rolling,0.95,2024-11-27,22,24,5124.33
cqr_rolling,0.95,2024-11-28,5,24,5687.28
cqr_rolling,0.95,2024-11-29,24,24,6643.77
cqr_rolling,0.95,2024-11-30,20,24,5715.92
cqr_rolling,0.95,2024-12-01,24,24,6994.26
cqr_rolling,0.95,2024-12-02,24,24,5420.9
cqr_rolling,0.95,2024-12-03,24,24,6362.32
cqr_rolling,0.95,2024-12-04,24,24,6878.25
cqr_rolling,0.95,2024-12-05,24,24,7075.47
cqr_rolling,0.95,2024-12-06,24,24,7396.37
cqr_rolling,0.95,2024-12-07,18,24,5445.47
cqr_rolling,0.95,2024-12-08,17,24,6765.77
cqr_rolling,0.95,2024-12-09,22,24,7619.83
cqr_rolling,0.95,2024-12-10,24,24,7246.58
cqr_rolling,0.95,2024-12-11,24,24,6899.3
cqr_rolling,0.95,2024-12-12,24,24,6378.66
cqr_rolling,0.95,2024-12-13,18,24,6129.54
cqr_rolling,0.95,2024-12-14,24,24,5590.79
cqr_rolling,0.95,2024-12-15,11,24,5945.4
cqr_rolling,0.95,2024-12-16,19,24,6557.75
cqr_rolling,0.95,2024-12-17,20,24,5556.02
cqr_rolling,0.95,2024-12-18,19,24,5807.59
cqr_rolling,0.95,2024-12-19,10,24,6110.72
cqr_rolling,0.95,2024-12-20,24,24,7577.86
cqr_rolling,0.95,2024-12-21,24,24,7217.08
cqr_rolling,0.95,2024-12-22,24,24,7180.48
cqr_rolling,0.95,2024-12-23,24,24,9640.47
cqr_rolling,0.95,2024-12-24,17,24,9628.5
cqr_rolling,0.95,2024-12-25,24,24,12788.1
cqr_rolling,0.95,2024-12-26,21,24,8684.67
cqr_rolling,0.95,2024-12-27,24,24,8354.14
cqr_rolling,0.95,2024-12-28,20,24,8760.93
cqr_rolling,0.95,2024-12-29,24,24,7769.01
cqr_rolling,0.95,2024-12-30,23,24,8396.39
cqr_rolling,0.95,2024-12-31,23,24,7909.38
cqr_rolling,0.95,2025-01-01,22,24,10908.7
cqr_rolling,0.95,2025-01-02,24,24,8566.18
cqr_rolling,0.95,2025-01-03,23,24,8255.29
cqr_rolling,0.95,2025-01-04,24,24,7511.8
cqr_rolling,0.95,2025-01-05,24,24,9034.22
cqr_rolling,0.95,2025-01-06,24,24,8556.36
cqr_rolling,0.95,2025-01-07,20,24,8615.49
cqr_rolling,0.95,2025-01-08,24,24,13284.3
cqr_rolling,0.95,2025-01-09,24,24,8457.84
cqr_rolling,0.95,2025-01-10,23,24,7495.8
cqr_rolling,0.95,2025-01-11,19,24,6480.98
cqr_rolling,0.95,2025-01-12,12,24,9346.81
cqr_rolling,0.95,2025-01-13,15,24,8913.44
cqr_rolling,0.95,2025-01-14,15,24,7255.19
cqr_rolling,0.95,2025-01-15,14,24,7582
cqr_rolling,0.95,2025-01-16,24,24,7427.59
cqr_rolling,0.95,2025-01-17,24,24,7631.19
cqr_rolling,0.95,2025-01-18,16,24,6568.05
cqr_rolling,0.95,2025-01-19,24,24,7275.81
cqr_rolling,0.95,2025-01-20,24,24,9195.95
cqr_rolling,0.95,2025-01-21,24,24,10008
cqr_rolling,0.95,2025-01-22,24,24,8616.21
cqr_rolling,0.95,2025-01-23,24,24,9312.17
cqr_rolling,0.95,2025-01-24,24,24,8520.62
cqr_rolling,0.95,2025-01-25,17,24,7380.56
cqr_rolling,0.95,2025-01-26,24,24,9553.34
cqr_rolling,0.95,2025-01-27,24,24,8497.5
cqr_rolling,0.95,2025-01-28,24,24,9269.41
cqr_rolling,0.95,2025-01-29,24,24,7509.44
cqr_rolling,0.95,2025-01-30,24,24,8015.68
cqr_rolling,0.95,2025-01-31,24,24,8473.84
cqr_rolling,0.95,2025-02-01,24,24,9098.31
cqr_rolling,0.95,2025-02-02,23,24,7649.63
cqr_rolling,0.95,2025-02-03,24,24,9439.33
cqr_rolling,0.95,2025-02-04,24,24,8617.95
cqr_rolling,0.95,2025-02-05,24,24,8648.12
cqr_rolling,0.95,2025-02-06,24,24,8534.29
cqr_rolling,0.95,2025-02-07,24,24,8882.28
cqr_rolling,0.95,2025-02-08,24,24,7616.26
cqr_rolling,0.95,2025-02-09,24,24,9068.75
cqr_rolling,0.95,2025-02-10,24,24,9511.19
cqr_rolling,0.95,2025-02-11,24,24,10191.3
cqr_rolling,0.95,2025-02-12,24,24,8551.99
cqr_rolling,0.95,2025-02-13,24,24,8304.07
cqr_rolling,0.95,2025-02-14,24,24,8418.03
cqr_rolling,0.95,2025-02-15,24,24,8448.85
cqr_rolling,0.95,2025-02-16,24,24,8304.21
cqr_rolling,0.95,2025-02-17,24,24,9472.31
cqr_rolling,0.95,2025-02-18,24,24,9691.46
cqr_rolling,0.95,2025-02-19,24,24,8637.15
cqr_rolling,0.95,2025-02-20,24,24,8723.71
cqr_rolling,0.95,2025-02-21,24,24,7871.99
cqr_rolling,0.95,2025-02-22,24,24,8895.2
cqr_rolling,0.95,2025-02-23,23,24,8513.17
cqr_rolling,0.95,2025-02-24,24,24,9696.4
cqr_rolling,0.95,2025-02-25,24,24,8692.98
cqr_rolling,0.95,2025-02-26,20,24,7847.63
cqr_rolling,0.95,2025-02-27,24,24,9619.01
cqr_rolling,0.95,2025-02-28,24,24,8584.99
cqr_rolling,0.95,2025-03-01,24,24,6702.65
cqr_rolling,0.95,2025-03-02,24,24,7797.39
cqr_rolling,0.95,2025-03-03,19,24,8835.69
cqr_rolling,0.95,2025-03-04,23,24,8883.58
cqr_rolling,0.95,2025-03-05,24,24,9021.11
cqr_rolling,0.95,2025-03-06,24,24,7931.14
cqr_rolling,0.95,2025-03-07,24,24,7245.64
cqr_rolling,0.95,2025-03-08,24,24,7808.09
cqr_rolling,0.95,2025-03-09,19,24,7613.74
cqr_rolling,0.95,2025-03-10,15,24,9664.52
cqr_rolling,0.95,2025-03-11,23,24,8562.26
cqr_rolling,0.95,2025-03-12,23,24,9705.19
cqr_rolling,0.95,2025-03-13,21,24,9195.61
cqr_rolling,0.95,2025-03-14,24,24,9336.96
cqr_rolling,0.95,2025-03-15,24,24,7810.18
cqr_rolling,0.95,2025-03-16,24,24,7504.85
cqr_rolling,0.95,2025-03-17,24,24,9442.66
cqr_rolling,0.95,2025-03-18,24,24,9817.5
cqr_rolling,0.95,2025-03-19,24,24,9687.03
cqr_rolling,0.95,2025-03-20,24,24,8317.95
cqr_rolling,0.95,2025-03-21,24,24,7878.67
cqr_rolling,0.95,2025-03-22,24,24,7873.93
cqr_rolling,0.95,2025-03-23,24,24,8725.19
cqr_rolling,0.95,2025-03-24,24,24,9987.18
cqr_rolling,0.95,2025-03-25,24,24,8925.68
cqr_rolling,0.95,2025-03-26,24,24,8278.77
cqr_rolling,0.95,2025-03-27,24,24,7393.77
cqr_rolling,0.95,2025-03-28,24,24,7721.61
cqr_rolling,0.95,2025-03-29,24,24,6972.31
cqr_rolling,0.95,2025-03-30,21,23,7361.9
cqr_rolling,0.95,2025-03-31,20,24,8068.94
cqr_rolling,0.95,2025-04-01,24,24,7731.77
cqr_rolling,0.95,2025-04-02,24,24,7432.26
cqr_rolling,0.95,2025-04-03,24,24,7139.37
cqr_rolling,0.95,2025-04-04,24,24,7253.24
cqr_rolling,0.95,2025-04-05,23,24,6363.9
cqr_rolling,0.95,2025-04-06,24,24,7647.65
cqr_rolling,0.95,2025-04-07,24,24,8693.68
cqr_rolling,0.95,2025-04-08,24,24,7580.89
cqr_rolling,0.95,2025-04-09,24,24,6217.78
cqr_rolling,0.95,2025-04-10,24,24,6856.71
cqr_rolling,0.95,2025-04-11,24,24,5673.95
cqr_rolling,0.95,2025-04-12,24,24,5539.56
cqr_rolling,0.95,2025-04-13,24,24,6033.53
cqr_rolling,0.95,2025-04-14,24,24,6788.72
cqr_rolling,0.95,2025-04-15,23,24,6037.97
cqr_rolling,0.95,2025-04-16,14,24,5876.4
cqr_rolling,0.95,2025-04-17,23,24,5586.83
cqr_rolling,0.95,2025-04-18,24,24,5592.07
cqr_rolling,0.95,2025-04-19,24,24,5198.4
cqr_rolling,0.95,2025-04-20,24,24,5983.11
cqr_rolling,0.95,2025-04-21,24,24,7252.79
cqr_rolling,0.95,2025-04-22,24,24,5719.38
cqr_rolling,0.95,2025-04-23,24,24,6266.49
cqr_rolling,0.95,2025-04-24,24,24,5590.12
cqr_rolling,0.95,2025-04-25,24,24,5418.02
cqr_rolling,0.95,2025-04-26,24,24,5065.03
cqr_rolling,0.95,2025-04-27,24,24,5643.65
cqr_rolling,0.95,2025-04-28,24,24,5604.39
cqr_rolling,0.95,2025-04-29,23,24,5670.48
cqr_rolling,0.95,2025-04-30,22,24,5005.89
cqr_rolling,0.95,2025-05-01,11,24,7836.5
cqr_rolling,0.95,2025-05-02,22,24,8910.17
cqr_rolling,0.95,2025-05-03,24,24,7828.9
cqr_rolling,0.95,2025-05-04,24,24,5905.89
cqr_rolling,0.95,2025-05-05,24,24,6645.13
cqr_rolling,0.95,2025-05-06,24,24,5036.86
cqr_rolling,0.95,2025-05-07,24,24,4530.46
cqr_rolling,0.95,2025-05-08,24,24,6236.48
cqr_rolling,0.95,2025-05-09,24,24,7196.85
cqr_rolling,0.95,2025-05-10,24,24,5683.66
cqr_rolling,0.95,2025-05-11,24,24,5413.42
cqr_rolling,0.95,2025-05-12,24,24,6200.3
cqr_rolling,0.95,2025-05-13,24,24,5786.3
cqr_rolling,0.95,2025-05-14,24,24,4734.22
cqr_rolling,0.95,2025-05-15,21,24,6294.11
cqr_rolling,0.95,2025-05-16,24,24,5351.15
cqr_rolling,0.95,2025-05-17,24,24,4760.26
cqr_rolling,0.95,2025-05-18,24,24,3963.35
cqr_rolling,0.95,2025-05-19,24,24,4080.48
cqr_rolling,0.95,2025-05-20,24,24,4009.47
cqr_rolling,0.95,2025-05-21,20,24,3486.3
cqr_rolling,0.95,2025-05-22,24,24,3909.06
cqr_rolling,0.95,2025-05-23,24,24,4237.96
cqr_rolling,0.95,2025-05-24,24,24,4082.51
cqr_rolling,0.95,2025-05-25,24,24,4301.21
cqr_rolling,0.95,2025-05-26,24,24,3800.43
cqr_rolling,0.95,2025-05-27,24,24,3798.62
cqr_rolling,0.95,2025-05-28,23,24,3858.5
cqr_rolling,0.95,2025-05-29,24,24,6540.31
cqr_rolling,0.95,2025-05-30,24,24,6381.96
cqr_rolling,0.95,2025-05-31,24,24,4733.24
cqr_rolling,0.95,2025-06-01,24,24,4184.51
cqr_rolling,0.95,2025-06-02,24,24,4291.24
cqr_rolling,0.95,2025-06-03,24,24,3771.75
cqr_rolling,0.95,2025-06-04,24,24,3420.16
cqr_rolling,0.95,2025-06-05,23,24,3759.47
cqr_rolling,0.95,2025-06-06,24,24,3778.38
cqr_rolling,0.95,2025-06-07,24,24,3479.77
cqr_rolling,0.95,2025-06-08,22,24,3580.95
cqr_rolling,0.95,2025-06-09,24,24,5980.94
cqr_rolling,0.95,2025-06-10,24,24,3530.96
cqr_rolling,0.95,2025-06-11,24,24,3531.62
cqr_rolling,0.95,2025-06-12,24,24,3277.69
cqr_rolling,0.95,2025-06-13,24,24,3347.45
cqr_rolling,0.95,2025-06-14,23,24,2751.47
cqr_rolling,0.95,2025-06-15,24,24,3173.94
cqr_rolling,0.95,2025-06-16,24,24,4038.31
cqr_rolling,0.95,2025-06-17,24,24,3562.23
cqr_rolling,0.95,2025-06-18,24,24,2780.08
cqr_rolling,0.95,2025-06-19,23,24,2597.35
cqr_rolling,0.95,2025-06-20,24,24,2473.42
cqr_rolling,0.95,2025-06-21,24,24,2612.17
cqr_rolling,0.95,2025-06-22,24,24,2901.9
cqr_rolling,0.95,2025-06-23,24,24,2862.8
cqr_rolling,0.95,2025-06-24,24,24,2647.52
cqr_rolling,0.95,2025-06-25,24,24,2743.48
cqr_rolling,0.95,2025-06-26,24,24,2644.3
cqr_rolling,0.95,2025-06-27,24,24,2618.45
cqr_rolling,0.95,2025-06-28,24,24,2955.33
cqr_rolling,0.95,2025-06-29,24,24,3185.8
cqr_rolling,0.95,2025-06-30,11,24,3748.48
cqr_rolling,0.95,2025-07-01,22,24,3881.99
cqr_rolling,0.95,2025-07-02,20,24,3489.59
cqr_rolling,0.95,2025-07-03,24,24,3245.72
cqr_rolling,0.95,2025-07-04,24,24,2775.86
cqr_rolling,0.95,2025-07-05,17,24,2818.85
cqr_rolling,0.95,2025-07-06,19,24,4082.05
cqr_rolling,0.95,2025-07-07,6,24,4350.09
cqr_rolling,0.95,2025-07-08,20,24,4432.76
cqr_rolling,0.95,2025-07-09,24,24,4055.66
cqr_rolling,0.95,2025-07-10,24,24,3903.85
cqr_rolling,0.95,2025-07-11,24,24,3490.92
cqr_rolling,0.95,2025-07-12,23,24,2993.86
cqr_rolling,0.95,2025-07-13,24,24,3578.7
cqr_rolling,0.95,2025-07-14,23,24,5835.94
cqr_rolling,0.95,2025-07-15,24,24,3859.01
cqr_rolling,0.95,2025-07-16,24,24,3139.64
cqr_rolling,0.95,2025-07-17,24,24,2711.53
cqr_rolling,0.95,2025-07-18,24,24,2458.22
cqr_rolling,0.95,2025-07-19,22,24,2767.27
cqr_rolling,0.95,2025-07-20,24,24,3524.78
cqr_rolling,0.95,2025-07-21,24,24,4185.11
cqr_rolling,0.95,2025-07-22,15,24,3353.03
cqr_rolling,0.95,2025-07-23,23,24,2920.54
cqr_rolling,0.95,2025-07-24,24,24,3282.01
cqr_rolling,0.95,2025-07-25,24,24,3182.85
cqr_rolling,0.95,2025-07-26,24,24,3094.71
cqr_rolling,0.95,2025-07-27,24,24,3318.9
cqr_rolling,0.95,2025-07-28,24,24,3427.37
cqr_rolling,0.95,2025-07-29,24,24,3319.68
cqr_rolling,0.95,2025-07-30,24,24,3071.15
cqr_rolling,0.95,2025-07-31,24,24,3042.89
cqr_rolling,0.95,2025-08-01,24,24,2811.32
cqr_rolling,0.95,2025-08-02,24,24,2755.86
cqr_rolling,0.95,2025-08-03,24,24,3094.84
cqr_rolling,0.95,2025-08-04,24,24,3731.62
cqr_rolling,0.95,2025-08-05,24,24,3201.97
cqr_rolling,0.95,2025-08-06,15,24,2754.77
cqr_rolling,0.95,2025-08-07,22,24,2678.91
cqr_rolling,0.95,2025-08-08,24,24,3341.97
cqr_rolling,0.95,2025-08-09,20,24,3418.26
cqr_rolling,0.95,2025-08-10,24,24,3358.18
cqr_rolling,0.95,2025-08-11,24,24,3897.49
cqr_rolling,0.95,2025-08-12,24,24,4295.61
cqr_rolling,0.95,2025-08-13,24,24,3938.83
cqr_rolling,0.95,2025-08-14,23,24,3360.56
cqr_rolling,0.95,2025-08-15,24,24,5277.76
cqr_rolling,0.95,2025-08-16,24,24,3226.71
cqr_rolling,0.95,2025-08-17,24,24,3248.19
cqr_rolling,0.95,2025-08-18,23,24,3209.21
cqr_rolling,0.95,2025-08-19,20,24,3182.75
cqr_rolling,0.95,2025-08-20,24,24,3995.12
cqr_rolling,0.95,2025-08-21,24,24,3285.52
cqr_rolling,0.95,2025-08-22,20,24,3833.58
cqr_rolling,0.95,2025-08-23,15,24,3406.62
cqr_rolling,0.95,2025-08-24,24,24,3623.41
cqr_rolling,0.95,2025-08-25,24,24,4102.3
cqr_rolling,0.95,2025-08-26,24,24,3795.89
cqr_rolling,0.95,2025-08-27,20,24,3233.75
cqr_rolling,0.95,2025-08-28,24,24,3117.43
cqr_rolling,0.95,2025-08-29,24,24,3257.01
cqr_rolling,0.95,2025-08-30,24,24,3187.98
cqr_rolling,0.95,2025-08-31,24,24,3128.9
cqr_rolling,0.95,2025-09-01,24,24,3707.72
cqr_rolling,0.95,2025-09-02,24,24,3903.19
cqr_rolling,0.95,2025-09-03,20,24,3300.22
cqr_rolling,0.95,2025-09-04,24,24,3247.66
cqr_rolling,0.95,2025-09-05,24,24,2990.83
cqr_rolling,0.95,2025-09-06,23,24,2961.88
cqr_rolling,0.95,2025-09-07,24,24,3037.71
cqr_rolling,0.95,2025-09-08,24,24,3207.05
cqr_rolling,0.95,2025-09-09,24,24,3243.8
cqr_rolling,0.95,2025-09-10,23,24,3076.22
cqr_rolling,0.95,2025-09-11,24,24,3077.9
cqr_rolling,0.95,2025-09-12,24,24,2760.56
cqr_rolling,0.95,2025-09-13,24,24,3206.54
cqr_rolling,0.95,2025-09-14,24,24,3331.87
cqr_rolling,0.95,2025-09-15,22,24,3226.63
cqr_rolling,0.95,2025-09-16,24,24,3193.53
cqr_rolling,0.95,2025-09-17,24,24,2781.7
cqr_rolling,0.95,2025-09-18,17,24,2796.43
cqr_rolling,0.95,2025-09-19,24,24,3049.76
cqr_rolling,0.95,2025-09-20,24,24,3097.69
cqr_rolling,0.95,2025-09-21,24,24,3371.19
cqr_rolling,0.95,2025-09-22,24,24,3902.8
cqr_rolling,0.95,2025-09-23,24,24,4427.45
cqr_rolling,0.95,2025-09-24,24,24,4026.83
cqr_rolling,0.95,2025-09-25,24,24,3699.44
cqr_rolling,0.95,2025-09-26,20,24,3842.5
cqr_rolling,0.95,2025-09-27,23,24,3969.87
cqr_rolling,0.95,2025-09-28,24,24,4112.95
cqr_rolling,0.95,2025-09-29,24,24,3765.33
cqr_rolling,0.95,2025-09-30,24,24,3666.03
cqr_rolling,0.95,2025-10-01,24,24,3614.74
cqr_rolling,0.95,2025-10-02,24,24,3361.05
cqr_rolling,0.95,2025-10-03,24,24,3604.93
cqr_rolling,0.95,2025-10-04,23,24,3147.99
cqr_rolling,0.95,2025-10-05,24,24,3906.97
cqr_rolling,0.95,2025-10-06,24,24,3975.18
cqr_rolling,0.95,2025-10-07,24,24,3202.59
cqr_rolling,0.95,2025-10-08,24,24,3014.21
cqr_rolling,0.95,2025-10-09,21,24,2907.3
cqr_rolling,0.95,2025-10-10,24,24,2713.91
cqr_rolling,0.95,2025-10-11,24,24,2787.16
cqr_rolling,0.95,2025-10-12,24,24,3203.82
cqr_rolling,0.95,2025-10-13,24,24,3773.58
cqr_rolling,0.95,2025-10-14,24,24,3275.83
cqr_rolling,0.95,2025-10-15,22,24,2955.64
cqr_rolling,0.95,2025-10-16,22,24,2689.96
cqr_rolling,0.95,2025-10-17,24,24,3108.41
cqr_rolling,0.95,2025-10-18,24,24,3178.43
cqr_rolling,0.95,2025-10-19,22,24,3910.26
cqr_rolling,0.95,2025-10-20,22,24,4086.55
cqr_rolling,0.95,2025-10-21,24,24,3341.75
cqr_rolling,0.95,2025-10-22,23,24,3066.44
cqr_rolling,0.95,2025-10-23,18,24,3392.79
cqr_rolling,0.95,2025-10-24,23,24,3958.98
cqr_rolling,0.95,2025-10-25,24,24,3497.02
cqr_rolling,0.95,2025-10-26,22,24,4540.12
cqr_rolling,0.95,2025-10-27,24,24,5009.33
cqr_rolling,0.95,2025-10-28,24,24,4210.21
cqr_rolling,0.95,2025-10-29,24,24,3921.65
cqr_rolling,0.95,2025-10-30,21,24,4264.58
cqr_rolling,0.95,2025-10-31,23,24,4348.98
cqr_rolling,0.95,2025-11-01,24,24,5679.74
cqr_rolling,0.95,2025-11-02,24,24,5894.91
cqr_rolling,0.95,2025-11-03,24,24,5438.05
cqr_rolling,0.95,2025-11-04,24,24,4586.95
cqr_rolling,0.95,2025-11-05,22,24,3974.78
cqr_rolling,0.95,2025-11-06,24,24,4351.31
cqr_rolling,0.95,2025-11-07,24,24,4668.36
cqr_rolling,0.95,2025-11-08,22,24,4718.98
cqr_rolling,0.95,2025-11-09,24,24,4661.44
cqr_rolling,0.95,2025-11-10,24,24,7495.57
cqr_rolling,0.95,2025-11-11,24,24,7201.93
cqr_rolling,0.95,2025-11-12,24,24,4153.54
cqr_rolling,0.95,2025-11-13,24,24,3974.02
cqr_rolling,0.95,2025-11-14,24,24,3856.08
cqr_rolling,0.95,2025-11-15,24,24,4344.73
cqr_rolling,0.95,2025-11-16,24,24,5191.89
cqr_rolling,0.95,2025-11-17,24,24,8354.82
cqr_rolling,0.95,2025-11-18,21,24,8618.61
cqr_rolling,0.95,2025-11-19,12,24,7166.48
cqr_rolling,0.95,2025-11-20,24,24,6943.04
cqr_rolling,0.95,2025-11-21,24,24,8078.33
cqr_rolling,0.95,2025-11-22,15,24,6136.81
cqr_rolling,0.95,2025-11-23,20,24,6669.05
cqr_rolling,0.95,2025-11-24,2,24,7733.28
cqr_rolling,0.95,2025-11-25,12,24,6583.41
cqr_rolling,0.95,2025-11-26,24,24,6846.23
cqr_rolling,0.95,2025-11-27,24,24,6410.45
cqr_rolling,0.95,2025-11-28,18,24,6459.09
cqr_rolling,0.95,2025-11-29,14,24,6128.65
cqr_rolling,0.95,2025-11-30,18,24,6279.28
cqr_rolling,0.95,2025-12-01,15,24,8505.66
cqr_rolling,0.95,2025-12-02,21,24,6332.42
cqr_rolling,0.95,2025-12-03,10,24,5808
cqr_rolling,0.95,2025-12-04,20,24,6195.57
cqr_rolling,0.95,2025-12-05,24,24,6823.13
cqr_rolling,0.95,2025-12-06,24,24,5024.1
cqr_rolling,0.95,2025-12-07,24,24,5563.74
cqr_rolling,0.95,2025-12-08,20,24,6601.01
cqr_rolling,0.95,2025-12-09,24,24,5784.27
cqr_rolling,0.95,2025-12-10,24,24,5816.77
cqr_rolling,0.95,2025-12-11,24,24,6105.26
cqr_rolling,0.95,2025-12-12,24,24,6182.74
cqr_rolling,0.95,2025-12-13,24,24,5674.11
cqr_rolling,0.95,2025-12-14,21,24,6109.47
cqr_rolling,0.95,2025-12-15,24,24,6377.39
cqr_rolling,0.95,2025-12-16,24,24,5967.05
cqr_rolling,0.95,2025-12-17,24,24,5715.23
cqr_rolling,0.95,2025-12-18,23,24,6277.17
cqr_rolling,0.95,2025-12-19,24,24,5730.8
cqr_rolling,0.95,2025-12-20,24,24,5202.78
cqr_rolling,0.95,2025-12-21,24,24,5862.79
cqr_rolling,0.95,2025-12-22,23,24,7084.26
cqr_rolling,0.95,2025-12-23,19,24,7414.46
cqr_rolling,0.95,2025-12-24,24,24,8313.47
cqr_rolling,0.95,2025-12-25,24,24,13249.7
cqr_rolling,0.95,2025-12-26,24,24,10166.6
cqr_rolling,0.95,2025-12-27,3,24,6609.25
cqr_rolling,0.95,2025-12-28,23,24,5978.31
cqr_rolling,0.95,2025-12-29,24,24,9380.6
cqr_rolling,0.95,2025-12-30,24,24,9233.85
cqr_rolling,0.95,2025-12-31,24,24,8767.86
cqr_rolling,0.95,2026-01-01,24,24,13201
cqr_rolling,0.95,2026-01-02,24,24,8870.29
cqr_rolling,0.95,2026-01-03,24,24,8735.13
cqr_rolling,0.95,2026-01-04,24,24,9740
cqr_rolling,0.95,2026-01-05,16,24,9934.05
cqr_rolling,0.95,2026-01-06,20,24,10299.2
cqr_rolling,0.95,2026-01-07,24,24,11176.7
cqr_rolling,0.95,2026-01-08,20,24,10517.8
cqr_rolling,0.95,2026-01-09,24,24,10419.1
cqr_rolling,0.95,2026-01-10,24,24,7434.56
cqr_rolling,0.95,2026-01-11,24,24,8490.29
cqr_rolling,0.95,2026-01-12,22,24,9174.69
cqr_rolling,0.95,2026-01-13,10,24,8581.53
cqr_rolling,0.95,2026-01-14,17,24,7613.3
cqr_rolling,0.95,2026-01-15,24,24,7490.19
cqr_rolling,0.95,2026-01-16,24,24,7064.59
cqr_rolling,0.95,2026-01-17,24,24,6264.08
cqr_rolling,0.95,2026-01-18,24,24,7026.76
cqr_rolling,0.95,2026-01-19,24,24,8140.62
cqr_rolling,0.95,2026-01-20,15,24,8512.08
cqr_rolling,0.95,2026-01-21,24,24,8105.98
cqr_rolling,0.95,2026-01-22,24,24,7854.61
cqr_rolling,0.95,2026-01-23,24,24,7548.43
cqr_rolling,0.95,2026-01-24,24,24,6768.52
cqr_rolling,0.95,2026-01-25,24,24,7351.27
cqr_rolling,0.95,2026-01-26,24,24,8748.71
cqr_rolling,0.95,2026-01-27,24,24,8197.42
cqr_rolling,0.95,2026-01-28,24,24,7896.69
cqr_rolling,0.95,2026-01-29,24,24,8091.94
cqr_rolling,0.95,2026-01-30,24,24,8026.44
cqr_rolling,0.95,2026-01-31,24,24,6534.29
cqr_rolling,0.95,2026-02-01,24,24,7604.26
cqr_rolling,0.95,2026-02-02,24,24,8975.9
cqr_rolling,0.95,2026-02-03,24,24,8067.64
cqr_rolling,0.95,2026-02-04,24,24,7306.12
cqr_rolling,0.95,2026-02-05,24,24,7972.72
cqr_rolling,0.95,2026-02-06,24,24,6842.95
cqr_rolling,0.95,2026-02-07,24,24,7407.56
cqr_rolling,0.95,2026-02-08,24,24,7329.74
cqr_rolling,0.95,2026-02-09,24,24,8399.47
cqr_rolling,0.95,2026-02-10,24,24,7460.42
cqr_rolling,0.95,2026-02-11,24,24,7747.76
cqr_rolling,0.95,2026-02-12,24,24,7948.23
cqr_rolling,0.95,2026-02-13,24,24,8487.35
cqr_rolling,0.95,2026-02-14,22,24,9340.02
cqr_rolling,0.95,2026-02-15,18,24,8577.13
cqr_rolling,0.95,2026-02-16,24,24,8861.9
cqr_rolling,0.95,2026-02-17,24,24,9305.09
cqr_rolling,0.95,2026-02-18,24,24,8190.84
cqr_rolling,0.95,2026-02-19,24,24,8124.39
cqr_rolling,0.95,2026-02-20,24,24,7741.69
cqr_rolling,0.95,2026-02-21,17,24,7308.27
cqr_rolling,0.95,2026-02-22,24,24,8731.91
cqr_rolling,0.95,2026-02-23,24,24,9259.99
cqr_rolling,0.95,2026-02-24,24,24,6983.26
cqr_rolling,0.95,2026-02-25,24,24,6774.15
cqr_rolling,0.95,2026-02-26,24,24,7311.31
cqr_rolling,0.95,2026-02-27,24,24,8083.82
cqr_rolling,0.95,2026-02-28,24,24,7692.99
cqr_rolling,0.95,2026-03-01,21,24,6742.73
cqr_rolling,0.95,2026-03-02,24,24,8037.93
cqr_rolling,0.95,2026-03-03,24,24,6518.24
cqr_rolling,0.95,2026-03-04,24,24,6307.12
cqr_rolling,0.95,2026-03-05,24,24,6509.28
cqr_rolling,0.95,2026-03-06,24,24,6536.67
cqr_rolling,0.95,2026-03-07,24,24,6356.53
cqr_rolling,0.95,2026-03-08,24,24,6892.05
cqr_rolling,0.95,2026-03-09,24,24,7009.75
cqr_rolling,0.95,2026-03-10,24,24,6365.12
cqr_rolling,0.95,2026-03-11,18,24,6568.04
cqr_rolling,0.95,2026-03-12,23,24,5511.13
cqr_rolling,0.95,2026-03-13,24,24,5965.33
cqr_rolling,0.95,2026-03-14,24,24,6511
cqr_rolling,0.95,2026-03-15,23,24,6245.96
cqr_rolling,0.95,2026-03-16,24,24,7225.35
cqr_rolling,0.95,2026-03-17,24,24,6557.96
cqr_rolling,0.95,2026-03-18,24,24,7350.24
cqr_rolling,0.95,2026-03-19,24,24,8225.06
cqr_rolling,0.95,2026-03-20,24,24,8041.57
cqr_rolling,0.95,2026-03-21,24,24,8024.5
cqr_rolling,0.95,2026-03-22,20,24,8713.17
cqr_rolling,0.95,2026-03-23,24,24,8023.67
cqr_rolling,0.95,2026-03-24,24,24,7087.71
cqr_rolling,0.95,2026-03-25,21,24,6656.33
cqr_rolling,0.95,2026-03-26,23,24,8163.69
cqr_rolling,0.95,2026-03-27,24,24,7823.83
cqr_rolling,0.95,2026-03-28,24,24,6806.39
cqr_rolling,0.95,2026-03-29,22,23,8454.36
cqr_rolling,0.95,2026-03-30,21,24,7537.78
cqr_rolling,0.95,2026-03-31,24,24,7297.75
cqr_rolling,0.95,2026-04-01,24,24,7357.78
cqr_rolling,0.95,2026-04-02,24,24,7958.09
cqr_rolling,0.95,2026-04-03,24,24,7166.23
cqr_rolling,0.95,2026-04-04,17,24,6851.78
cqr_rolling,0.95,2026-04-05,10,24,7087.7
cqr_rolling,0.95,2026-04-06,24,24,9482.03
cqr_rolling,0.95,2026-04-07,20,24,10727.7
cqr_rolling,0.95,2026-04-08,24,24,7425.38
cqr_rolling,0.95,2026-04-09,24,24,7189.73
cqr_rolling,0.95,2026-04-10,24,24,7356.69
cqr_rolling,0.95,2026-04-11,20,24,6099.85
cqr_rolling,0.95,2026-04-12,16,24,6656.33
cqr_rolling,0.95,2026-04-13,24,24,11268
cqr_rolling,0.95,2026-04-14,24,24,6637.61
cqr_rolling,0.95,2026-04-15,24,24,5918.98
cqr_rolling,0.95,2026-04-16,24,24,5139.68
cqr_rolling,0.95,2026-04-17,24,24,5576.52
cqr_rolling,0.95,2026-04-18,24,24,5223.87
cqr_rolling,0.95,2026-04-19,24,24,6625.98
cqr_rolling,0.95,2026-04-20,24,24,7365.01
cqr_rolling,0.95,2026-04-21,24,24,6476.73
cqr_rolling,0.95,2026-04-22,24,24,5660.15
cqr_rolling,0.95,2026-04-23,24,24,4627.53
cqr_rolling,0.95,2026-04-24,24,24,4559.7
cqr_rolling,0.95,2026-04-25,24,24,4514.16
cqr_rolling,0.95,2026-04-26,24,24,4976.19
cqr_rolling,0.95,2026-04-27,24,24,4894.71
cqr_rolling,0.95,2026-04-28,24,24,5086.51
cqr_rolling,0.95,2026-04-29,24,24,4602.4
cqr_rolling,0.95,2026-04-30,24,24,4274.78
cqr_rolling,0.95,2026-05-01,21,24,6610.91
cqr_rolling,0.95,2026-05-02,23,24,5122.18
cqr_rolling,0.95,2026-05-03,23,24,5410.09
cqr_rolling,0.95,2026-05-04,22,24,4891.08
cqr_rolling,0.95,2026-05-05,24,24,4977.72
cqr_rolling,0.95,2026-05-06,24,24,4861.35
cqr_rolling,0.95,2026-05-07,24,24,4037
cqr_rolling,0.95,2026-05-08,24,24,6411.36
cqr_rolling,0.95,2026-05-09,24,24,5240.83
cqr_rolling,0.95,2026-05-10,24,24,5088.92
cqr_rolling,0.95,2026-05-11,24,24,5611.83
cqr_rolling,0.95,2026-05-12,23,24,5351.03
cqr_rolling,0.95,2026-05-13,24,24,5266.82
cqr_rolling,0.95,2026-05-14,24,24,7718.04
cqr_rolling,0.95,2026-05-15,24,24,8602.47
cqr_rolling,0.95,2026-05-16,24,24,6797.82
cqr_rolling,0.95,2026-05-17,24,24,6269.03
cqr_rolling,0.95,2026-05-18,24,24,5598.83
cqr_rolling,0.95,2026-05-19,24,24,4879.06
cqr_rolling,0.95,2026-05-20,24,24,4643.56
cqr_rolling,0.95,2026-05-21,24,24,5206.97
cqr_rolling,0.95,2026-05-22,24,24,5743.33
cqr_rolling,0.95,2026-05-23,24,24,6216.54
cqr_rolling,0.95,2026-05-24,24,24,5248.88
cqr_rolling,0.95,2026-05-25,24,24,7952.32
cqr_rolling,0.95,2026-05-26,24,24,6376.27
cqr_rolling,0.95,2026-05-27,16,24,5410.82
cqr_rolling,0.95,2026-05-28,16,24,4623.94
cqr_rolling,0.95,2026-05-29,19,24,3817.86
cqr_rolling,0.95,2026-05-30,24,24,3720.18
cqr_rolling,0.95,2026-05-31,24,24,4692.66
cqr_rolling,0.95,2026-06-01,24,24,6056.49
cqr_rolling,0.95,2026-06-02,23,24,4371.92
cqr_rolling,0.95,2026-06-03,24,24,4101.21
cqr_rolling,0.95,2026-06-04,24,24,4698.76
cqr_rolling,0.95,2026-06-05,24,24,4306.78
cqr_rolling,0.95,2026-06-06,24,24,4243.15
cqr_rolling,0.95,2026-06-07,24,24,3937.28
cqr_rolling,0.95,2026-06-08,24,24,4189.39
cqr_rolling,0.95,2026-06-09,24,24,3875.78
cqr_rolling,0.95,2026-06-10,24,24,3321.8
cqr_rolling,0.95,2026-06-11,24,24,3422.51
cqr_rolling,0.95,2026-06-12,22,24,3253.85
cqr_rolling,0.95,2026-06-13,24,24,3526.78
cqr_rolling,0.95,2026-06-14,24,24,3680.29
cqr_rolling,0.95,2026-06-15,24,24,3792.34
cqr_rolling,0.95,2026-06-16,24,24,3711.41
cqr_rolling,0.95,2026-06-17,19,24,3435.34
cqr_rolling,0.95,2026-06-18,22,24,3470.2
cqr_rolling,0.95,2026-06-19,24,24,3864.06
cqr_rolling,0.95,2026-06-20,24,24,3713.86
cqr_rolling,0.95,2026-06-21,23,24,4000.36
cqr_rolling,0.95,2026-06-22,24,24,5749.74
cqr_rolling,0.95,2026-06-23,24,24,5642.5
cqr_rolling,0.95,2026-06-24,24,24,4952.77
cqr_rolling,0.95,2026-06-25,24,24,5367.73
cqr_rolling,0.95,2026-06-26,24,24,4619.12
cqr_rolling,0.95,2026-06-27,24,24,4584.09
cqr_rolling,0.95,2026-06-28,24,24,4570.59
cqr_rolling,0.95,2026-06-29,22,24,4893.36
cqr_rolling,0.95,2026-06-30,22,24,4266.92
cqr_rolling,0.95,2026-07-01,13,24,4481.51
cqr_rolling,0.95,2026-07-02,15,24,4883.47
cqr_rolling,0.95,2026-07-03,23,24,4842.53
cqr_rolling,0.95,2026-07-04,19,24,4165.4
cqr_rolling,0.95,2026-07-05,21,24,4468.09
cqr_rolling,0.95,2026-07-06,22,24,4681.53
cqr_rolling,0.95,2026-07-07,24,24,4276.25
cqr_rolling,0.95,2026-07-08,22,24,4017.68
cqr_rolling,0.95,2026-07-09,20,24,3668.61
cqr_rolling,0.95,2026-07-10,24,24,3726.07
cqr_rolling,0.95,2026-07-11,24,24,3238.56
cqr_rolling,0.95,2026-07-12,24,24,4065.12
cqr_rolling,0.95,2026-07-13,22,24,5580.38
cqr_rolling,0.95,2026-07-14,24,24,7949.57
cqr_rolling,0.95,2026-07-15,21,24,4359.41
cqr_rolling,0.95,2026-07-16,24,24,4084.41
cqr_rolling,0.95,2026-07-17,23,24,3329.1
cqr_rolling,0.95,2026-07-18,24,24,3188.28
cqr_rolling,0.95,2026-07-19,24,24,3811.37
cqr_rolling,0.95,2026-07-20,24,24,4909.47
cqr_rolling,0.95,2026-07-21,24,24,5028.86
cqr_rolling,0.95,2026-07-22,7,24,4050.55
cqr_rolling,0.95,2026-07-23,24,24,4009.64
cqr_rolling,0.95,2026-07-24,24,24,3729.21
cqr_rolling,0.95,2026-07-25,23,24,3816.25
cqr_rolling,0.95,2026-07-26,22,24,3776.8
cqr_rolling,0.95,2026-07-27,24,24,3780.36
cqr_rolling,0.95,2026-07-28,24,24,3893.03
cqr_rolling,0.95,2026-07-29,14,24,4132.76
cqr_rolling,0.95,2026-07-30,22,24,3529.47
cqr_rolling,0.95,2026-07-31,18,24,3593.94
cqr_rolling,0.95,2026-08-01,22,24,3783.21
cqr_rolling,0.95,2026-08-02,24,24,3805.62
cqr_rolling,0.95,2026-08-03,24,24,4796.86
cqr_rolling,0.95,2026-08-04,24,24,4189.16
cqr_rolling,0.95,2026-08-05,24,24,4483.4
cqr_rolling,0.95,2026-08-06,24,24,4028.41
cqr_rolling,0.95,2026-08-07,24,24,3698.6
cqr_rolling,0.95,2026-08-08,24,24,3753.99
cqr_rolling,0.95,2026-08-09,24,24,4128.2
cqr_rolling,0.95,2026-08-10,24,24,4410.39
cqr_rolling,0.95,2026-08-11,24,24,4029.7
cqr_rolling,0.95,2026-08-12,24,24,4509.91
cqr_rolling,0.95,2026-08-13,19,24,4837.85
cqr_rolling,0.95,2026-08-14,20,24,4260.25
cqr_rolling,0.95,2026-08-15,21,24,5267.49
cqr_rolling,0.95,2026-08-16,24,24,4386.2
cqr_rolling,0.95,2026-08-17,24,24,4232.8
cqr_rolling,0.95,2026-08-18,24,24,3866.24
cqr_rolling,0.95,2026-08-19,24,24,4160.45
cqr_rolling,0.95,2026-08-20,24,24,4508.9
cqr_rolling,0.95,2026-08-21,16,24,4903.48
cqr_rolling,0.95,2026-08-22,18,24,4598
cqr_rolling,0.95,2026-08-23,21,24,4541.19
cqr_rolling,0.95,2026-08-24,16,24,4807.35
cqr_rolling,0.95,2026-08-25,24,24,4699.9
cqr_rolling,0.95,2026-08-26,24,24,4373.54
cqr_rolling,0.95,2026-08-27,21,24,4535.65
cqr_rolling,0.95,2026-08-28,22,24,4254.87
cqr_rolling,0.95,2026-08-29,24,24,3792.33
cqr_rolling,0.95,2026-08-30,23,24,3846.2
cqr_rolling,0.95,2026-08-31,24,24,4460.18
cqr_rolling_aci,0.8,2022-04-01,8,24,4961.84
cqr_rolling_aci,0.8,2022-04-02,14,24,6623.95
cqr_rolling_aci,0.8,2022-04-03,24,24,8562.05
cqr_rolling_aci,0.8,2022-04-04,24,24,6967.42
cqr_rolling_aci,0.8,2022-04-05,23,24,6145.05
cqr_rolling_aci,0.8,2022-04-06,18,24,5895.81
cqr_rolling_aci,0.8,2022-04-07,24,24,5761.65
cqr_rolling_aci,0.8,2022-04-08,13,24,6776.07
cqr_rolling_aci,0.8,2022-04-09,20,24,6050.81
cqr_rolling_aci,0.8,2022-04-10,22,24,6633.83
cqr_rolling_aci,0.8,2022-04-11,23,24,5860.69
cqr_rolling_aci,0.8,2022-04-12,24,24,5964.24
cqr_rolling_aci,0.8,2022-04-13,24,24,6149.5
cqr_rolling_aci,0.8,2022-04-14,17,24,5807.12
cqr_rolling_aci,0.8,2022-04-15,11,24,5658.81
cqr_rolling_aci,0.8,2022-04-16,4,24,4468.67
cqr_rolling_aci,0.8,2022-04-17,22,24,5549.96
cqr_rolling_aci,0.8,2022-04-18,24,24,7151.94
cqr_rolling_aci,0.8,2022-04-19,11,24,6761.34
cqr_rolling_aci,0.8,2022-04-20,24,24,5606.13
cqr_rolling_aci,0.8,2022-04-21,24,24,4944.77
cqr_rolling_aci,0.8,2022-04-22,24,24,4515.74
cqr_rolling_aci,0.8,2022-04-23,21,24,4578.93
cqr_rolling_aci,0.8,2022-04-24,18,24,5176.54
cqr_rolling_aci,0.8,2022-04-25,18,24,7077.64
cqr_rolling_aci,0.8,2022-04-26,21,24,4907.61
cqr_rolling_aci,0.8,2022-04-27,11,24,4271.63
cqr_rolling_aci,0.8,2022-04-28,24,24,4266.98
cqr_rolling_aci,0.8,2022-04-29,24,24,4653.45
cqr_rolling_aci,0.8,2022-04-30,24,24,4894.89
cqr_rolling_aci,0.8,2022-05-01,23,24,4971.8
cqr_rolling_aci,0.8,2022-05-02,24,24,4898.57
cqr_rolling_aci,0.8,2022-05-03,22,24,3967.7
cqr_rolling_aci,0.8,2022-05-04,14,24,3807.35
cqr_rolling_aci,0.8,2022-05-05,12,24,3496.29
cqr_rolling_aci,0.8,2022-05-06,15,24,3764.2
cqr_rolling_aci,0.8,2022-05-07,24,24,4641.53
cqr_rolling_aci,0.8,2022-05-08,20,24,4505.5
cqr_rolling_aci,0.8,2022-05-09,23,24,4318.28
cqr_rolling_aci,0.8,2022-05-10,24,24,4344.85
cqr_rolling_aci,0.8,2022-05-11,24,24,4366.46
cqr_rolling_aci,0.8,2022-05-12,24,24,4011.83
cqr_rolling_aci,0.8,2022-05-13,24,24,3534.94
cqr_rolling_aci,0.8,2022-05-14,24,24,3670.57
cqr_rolling_aci,0.8,2022-05-15,24,24,3703.37
cqr_rolling_aci,0.8,2022-05-16,24,24,3778.96
cqr_rolling_aci,0.8,2022-05-17,24,24,3720.49
cqr_rolling_aci,0.8,2022-05-18,19,24,3213.17
cqr_rolling_aci,0.8,2022-05-19,24,24,3431.99
cqr_rolling_aci,0.8,2022-05-20,23,24,3411.87
cqr_rolling_aci,0.8,2022-05-21,24,24,2950.44
cqr_rolling_aci,0.8,2022-05-22,24,24,3356.48
cqr_rolling_aci,0.8,2022-05-23,23,24,2672.56
cqr_rolling_aci,0.8,2022-05-24,21,24,2813.97
cqr_rolling_aci,0.8,2022-05-25,23,24,2750.63
cqr_rolling_aci,0.8,2022-05-26,24,24,4385.61
cqr_rolling_aci,0.8,2022-05-27,16,24,3706.57
cqr_rolling_aci,0.8,2022-05-28,14,24,2541.7
cqr_rolling_aci,0.8,2022-05-29,14,24,3025.27
cqr_rolling_aci,0.8,2022-05-30,21,24,2599.79
cqr_rolling_aci,0.8,2022-05-31,23,24,3078.89
cqr_rolling_aci,0.8,2022-06-01,24,24,2515.57
cqr_rolling_aci,0.8,2022-06-02,24,24,2790.06
cqr_rolling_aci,0.8,2022-06-03,24,24,2921.59
cqr_rolling_aci,0.8,2022-06-04,22,24,2576.83
cqr_rolling_aci,0.8,2022-06-05,24,24,3031.85
cqr_rolling_aci,0.8,2022-06-06,24,24,3326.22
cqr_rolling_aci,0.8,2022-06-07,24,24,2695.23
cqr_rolling_aci,0.8,2022-06-08,24,24,2596.47
cqr_rolling_aci,0.8,2022-06-09,24,24,1772.22
cqr_rolling_aci,0.8,2022-06-10,24,24,1830.44
cqr_rolling_aci,0.8,2022-06-11,24,24,1821.11
cqr_rolling_aci,0.8,2022-06-12,19,24,1962.05
cqr_rolling_aci,0.8,2022-06-13,22,24,2414.86
cqr_rolling_aci,0.8,2022-06-14,14,24,2173.09
cqr_rolling_aci,0.8,2022-06-15,24,24,2248.52
cqr_rolling_aci,0.8,2022-06-16,24,24,2162.18
cqr_rolling_aci,0.8,2022-06-17,24,24,2084.58
cqr_rolling_aci,0.8,2022-06-18,24,24,2412.48
cqr_rolling_aci,0.8,2022-06-19,24,24,1851.65
cqr_rolling_aci,0.8,2022-06-20,22,24,1965.28
cqr_rolling_aci,0.8,2022-06-21,16,24,1622.03
cqr_rolling_aci,0.8,2022-06-22,15,24,1779.54
cqr_rolling_aci,0.8,2022-06-23,10,24,1862.99
cqr_rolling_aci,0.8,2022-06-24,11,24,1924.44
cqr_rolling_aci,0.8,2022-06-25,5,24,1498.73
cqr_rolling_aci,0.8,2022-06-26,24,24,2198.06
cqr_rolling_aci,0.8,2022-06-27,24,24,2047.16
cqr_rolling_aci,0.8,2022-06-28,21,24,2023.24
cqr_rolling_aci,0.8,2022-06-29,23,24,1784.16
cqr_rolling_aci,0.8,2022-06-30,17,24,1776.33
cqr_rolling_aci,0.8,2022-07-01,22,24,1659.34
cqr_rolling_aci,0.8,2022-07-02,24,24,1674.32
cqr_rolling_aci,0.8,2022-07-03,11,24,1863.57
cqr_rolling_aci,0.8,2022-07-04,7,24,2092.52
cqr_rolling_aci,0.8,2022-07-05,18,24,1741.32
cqr_rolling_aci,0.8,2022-07-06,22,24,1756.32
cqr_rolling_aci,0.8,2022-07-07,22,24,1846.37
cqr_rolling_aci,0.8,2022-07-08,13,24,1890.91
cqr_rolling_aci,0.8,2022-07-09,24,24,1736.18
cqr_rolling_aci,0.8,2022-07-10,14,24,1644.4
cqr_rolling_aci,0.8,2022-07-11,15,24,2260.89
cqr_rolling_aci,0.8,2022-07-12,22,24,1956.43
cqr_rolling_aci,0.8,2022-07-13,24,24,2008.3
cqr_rolling_aci,0.8,2022-07-14,24,24,4789.86
cqr_rolling_aci,0.8,2022-07-15,22,24,2695.12
cqr_rolling_aci,0.8,2022-07-16,22,24,2206.69
cqr_rolling_aci,0.8,2022-07-17,24,24,2079.42
cqr_rolling_aci,0.8,2022-07-18,13,24,1995.62
cqr_rolling_aci,0.8,2022-07-19,24,24,2094.71
cqr_rolling_aci,0.8,2022-07-20,24,24,2138.44
cqr_rolling_aci,0.8,2022-07-21,24,24,2476.19
cqr_rolling_aci,0.8,2022-07-22,21,24,1625.92
cqr_rolling_aci,0.8,2022-07-23,24,24,2150.81
cqr_rolling_aci,0.8,2022-07-24,8,24,1601.58
cqr_rolling_aci,0.8,2022-07-25,14,24,1731.92
cqr_rolling_aci,0.8,2022-07-26,10,24,1166.49
cqr_rolling_aci,0.8,2022-07-27,23,24,1658.01
cqr_rolling_aci,0.8,2022-07-28,24,24,1853.34
cqr_rolling_aci,0.8,2022-07-29,13,24,1641.96
cqr_rolling_aci,0.8,2022-07-30,17,24,1626.3
cqr_rolling_aci,0.8,2022-07-31,24,24,1645.63
cqr_rolling_aci,0.8,2022-08-01,19,24,2059.5
cqr_rolling_aci,0.8,2022-08-02,18,24,2102.81
cqr_rolling_aci,0.8,2022-08-03,14,24,2032.22
cqr_rolling_aci,0.8,2022-08-04,24,24,1918.9
cqr_rolling_aci,0.8,2022-08-05,24,24,1856.33
cqr_rolling_aci,0.8,2022-08-06,12,24,1503.46
cqr_rolling_aci,0.8,2022-08-07,24,24,1547.98
cqr_rolling_aci,0.8,2022-08-08,23,24,1877.73
cqr_rolling_aci,0.8,2022-08-09,22,24,1771.67
cqr_rolling_aci,0.8,2022-08-10,20,24,1384.22
cqr_rolling_aci,0.8,2022-08-11,22,24,1457.86
cqr_rolling_aci,0.8,2022-08-12,23,24,1921.3
cqr_rolling_aci,0.8,2022-08-13,24,24,1695.86
cqr_rolling_aci,0.8,2022-08-14,11,24,1908.42
cqr_rolling_aci,0.8,2022-08-15,19,24,2243.34
cqr_rolling_aci,0.8,2022-08-16,22,24,1773.9
cqr_rolling_aci,0.8,2022-08-17,15,24,1284.15
cqr_rolling_aci,0.8,2022-08-18,17,24,1462.95
cqr_rolling_aci,0.8,2022-08-19,21,24,1519.77
cqr_rolling_aci,0.8,2022-08-20,22,24,1607.64
cqr_rolling_aci,0.8,2022-08-21,14,24,2011.54
cqr_rolling_aci,0.8,2022-08-22,17,24,2487.82
cqr_rolling_aci,0.8,2022-08-23,16,24,2563.86
cqr_rolling_aci,0.8,2022-08-24,18,24,1855.66
cqr_rolling_aci,0.8,2022-08-25,24,24,1911.37
cqr_rolling_aci,0.8,2022-08-26,24,24,1719.54
cqr_rolling_aci,0.8,2022-08-27,24,24,1570.58
cqr_rolling_aci,0.8,2022-08-28,24,24,1270.72
cqr_rolling_aci,0.8,2022-08-29,23,24,1923.94
cqr_rolling_aci,0.8,2022-08-30,13,24,1476.91
cqr_rolling_aci,0.8,2022-08-31,23,24,1578.49
cqr_rolling_aci,0.8,2022-09-01,23,24,1358.83
cqr_rolling_aci,0.8,2022-09-02,22,24,1368.1
cqr_rolling_aci,0.8,2022-09-03,23,24,1302.97
cqr_rolling_aci,0.8,2022-09-04,20,24,1546.77
cqr_rolling_aci,0.8,2022-09-05,19,24,1592.07
cqr_rolling_aci,0.8,2022-09-06,16,24,1693.96
cqr_rolling_aci,0.8,2022-09-07,24,24,1539.44
cqr_rolling_aci,0.8,2022-09-08,19,24,1129.24
cqr_rolling_aci,0.8,2022-09-09,12,24,1040.28
cqr_rolling_aci,0.8,2022-09-10,20,24,1172.96
cqr_rolling_aci,0.8,2022-09-11,24,24,1157.34
cqr_rolling_aci,0.8,2022-09-12,23,24,1594.74
cqr_rolling_aci,0.8,2022-09-13,21,24,1738.83
cqr_rolling_aci,0.8,2022-09-14,19,24,1031.15
cqr_rolling_aci,0.8,2022-09-15,16,24,898.412
cqr_rolling_aci,0.8,2022-09-16,24,24,1473.33
cqr_rolling_aci,0.8,2022-09-17,8,24,1515.1
cqr_rolling_aci,0.8,2022-09-18,13,24,1503.91
cqr_rolling_aci,0.8,2022-09-19,16,24,1545.28
cqr_rolling_aci,0.8,2022-09-20,22,24,1766.52
cqr_rolling_aci,0.8,2022-09-21,21,24,1401.92
cqr_rolling_aci,0.8,2022-09-22,17,24,1105.69
cqr_rolling_aci,0.8,2022-09-23,24,24,1336.35
cqr_rolling_aci,0.8,2022-09-24,24,24,1687.51
cqr_rolling_aci,0.8,2022-09-25,22,24,1721.89
cqr_rolling_aci,0.8,2022-09-26,20,24,1614.8
cqr_rolling_aci,0.8,2022-09-27,14,24,1386.15
cqr_rolling_aci,0.8,2022-09-28,20,24,1338.05
cqr_rolling_aci,0.8,2022-09-29,14,24,1402.61
cqr_rolling_aci,0.8,2022-09-30,15,24,1441.62
cqr_rolling_aci,0.8,2022-10-01,24,24,1911.21
cqr_rolling_aci,0.8,2022-10-02,15,24,1663.72
cqr_rolling_aci,0.8,2022-10-03,14,24,1272.01
cqr_rolling_aci,0.8,2022-10-04,9,24,912.31
cqr_rolling_aci,0.8,2022-10-05,12,24,927.841
cqr_rolling_aci,0.8,2022-10-06,15,24,945.559
cqr_rolling_aci,0.8,2022-10-07,16,24,842.989
cqr_rolling_aci,0.8,2022-10-08,13,24,1496.4
cqr_rolling_aci,0.8,2022-10-09,14,24,1700.22
cqr_rolling_aci,0.8,2022-10-10,15,24,1141.41
cqr_rolling_aci,0.8,2022-10-11,21,24,1729.69
cqr_rolling_aci,0.8,2022-10-12,14,24,1184.11
cqr_rolling_aci,0.8,2022-10-13,15,24,1186.06
cqr_rolling_aci,0.8,2022-10-14,11,24,1295.02
cqr_rolling_aci,0.8,2022-10-15,11,24,1163.62
cqr_rolling_aci,0.8,2022-10-16,14,24,1448.96
cqr_rolling_aci,0.8,2022-10-17,14,24,1472.13
cqr_rolling_aci,0.8,2022-10-18,17,24,1273.89
cqr_rolling_aci,0.8,2022-10-19,21,24,1201.45
cqr_rolling_aci,0.8,2022-10-20,20,24,1161.81
cqr_rolling_aci,0.8,2022-10-21,22,24,1489.23
cqr_rolling_aci,0.8,2022-10-22,23,24,1889.67
cqr_rolling_aci,0.8,2022-10-23,18,24,1680.29
cqr_rolling_aci,0.8,2022-10-24,10,24,1535.97
cqr_rolling_aci,0.8,2022-10-25,24,24,1717.52
cqr_rolling_aci,0.8,2022-10-26,23,24,1634.62
cqr_rolling_aci,0.8,2022-10-27,21,24,1661.34
cqr_rolling_aci,0.8,2022-10-28,20,24,1639.08
cqr_rolling_aci,0.8,2022-10-29,19,24,1747.13
cqr_rolling_aci,0.8,2022-10-30,15,24,1997.59
cqr_rolling_aci,0.8,2022-10-31,8,24,2620.85
cqr_rolling_aci,0.8,2022-11-01,19,24,3305.15
cqr_rolling_aci,0.8,2022-11-02,22,24,2659.73
cqr_rolling_aci,0.8,2022-11-03,17,24,2791.8
cqr_rolling_aci,0.8,2022-11-04,22,24,2813.15
cqr_rolling_aci,0.8,2022-11-05,23,24,2970.16
cqr_rolling_aci,0.8,2022-11-06,23,24,3507.15
cqr_rolling_aci,0.8,2022-11-07,20,24,4614.18
cqr_rolling_aci,0.8,2022-11-08,7,24,3563.56
cqr_rolling_aci,0.8,2022-11-09,3,24,3286.16
cqr_rolling_aci,0.8,2022-11-10,14,24,2659.32
cqr_rolling_aci,0.8,2022-11-11,17,24,2272.53
cqr_rolling_aci,0.8,2022-11-12,22,24,2982.02
cqr_rolling_aci,0.8,2022-11-13,24,24,3208.01
cqr_rolling_aci,0.8,2022-11-14,20,24,2636.47
cqr_rolling_aci,0.8,2022-11-15,16,24,1976.66
cqr_rolling_aci,0.8,2022-11-16,24,24,2518.65
cqr_rolling_aci,0.8,2022-11-17,23,24,2537.33
cqr_rolling_aci,0.8,2022-11-18,20,24,3474.26
cqr_rolling_aci,0.8,2022-11-19,9,24,2615.29
cqr_rolling_aci,0.8,2022-11-20,24,24,3769.24
cqr_rolling_aci,0.8,2022-11-21,22,24,4291.18
cqr_rolling_aci,0.8,2022-11-22,17,24,4014.28
cqr_rolling_aci,0.8,2022-11-23,8,24,3168.19
cqr_rolling_aci,0.8,2022-11-24,10,24,3512
cqr_rolling_aci,0.8,2022-11-25,6,24,2656.69
cqr_rolling_aci,0.8,2022-11-26,23,24,2567.64
cqr_rolling_aci,0.8,2022-11-27,21,24,2878.68
cqr_rolling_aci,0.8,2022-11-28,1,24,3524.82
cqr_rolling_aci,0.8,2022-11-29,1,24,3105.68
cqr_rolling_aci,0.8,2022-11-30,8,24,3147.57
cqr_rolling_aci,0.8,2022-12-01,18,24,2678.75
cqr_rolling_aci,0.8,2022-12-02,24,24,3892.05
cqr_rolling_aci,0.8,2022-12-03,17,24,3297.25
cqr_rolling_aci,0.8,2022-12-04,19,24,3231.88
cqr_rolling_aci,0.8,2022-12-05,21,24,2560.09
cqr_rolling_aci,0.8,2022-12-06,8,24,2725.48
cqr_rolling_aci,0.8,2022-12-07,19,24,3691.25
cqr_rolling_aci,0.8,2022-12-08,21,24,3291.57
cqr_rolling_aci,0.8,2022-12-09,2,24,3502.46
cqr_rolling_aci,0.8,2022-12-10,19,24,3167.87
cqr_rolling_aci,0.8,2022-12-11,11,24,3087.22
cqr_rolling_aci,0.8,2022-12-12,12,24,2941.75
cqr_rolling_aci,0.8,2022-12-13,20,24,3567.63
cqr_rolling_aci,0.8,2022-12-14,3,24,4360.13
cqr_rolling_aci,0.8,2022-12-15,8,24,4314.93
cqr_rolling_aci,0.8,2022-12-16,12,24,3218.99
cqr_rolling_aci,0.8,2022-12-17,23,24,3695.59
cqr_rolling_aci,0.8,2022-12-18,17,24,4930.05
cqr_rolling_aci,0.8,2022-12-19,0,24,4686.75
cqr_rolling_aci,0.8,2022-12-20,0,24,4151.3
cqr_rolling_aci,0.8,2022-12-21,24,24,4525.25
cqr_rolling_aci,0.8,2022-12-22,24,24,5407.68
cqr_rolling_aci,0.8,2022-12-23,20,24,5992.01
cqr_rolling_aci,0.8,2022-12-24,22,24,7156.04
cqr_rolling_aci,0.8,2022-12-25,24,24,10530.1
cqr_rolling_aci,0.8,2022-12-26,21,24,9661.71
cqr_rolling_aci,0.8,2022-12-27,21,24,9120.71
cqr_rolling_aci,0.8,2022-12-28,24,24,5754.62
cqr_rolling_aci,0.8,2022-12-29,15,24,4543.64
cqr_rolling_aci,0.8,2022-12-30,24,24,6421.02
cqr_rolling_aci,0.8,2022-12-31,24,24,5061.33
cqr_rolling_aci,0.8,2023-01-01,22,24,5477.3
cqr_rolling_aci,0.8,2023-01-02,21,24,5061.75
cqr_rolling_aci,0.8,2023-01-03,23,24,6124.13
cqr_rolling_aci,0.8,2023-01-04,21,24,5236.79
cqr_rolling_aci,0.8,2023-01-05,23,24,4816.18
cqr_rolling_aci,0.8,2023-01-06,24,24,5603.18
cqr_rolling_aci,0.8,2023-01-07,21,24,4412.38
cqr_rolling_aci,0.8,2023-01-08,8,24,4170.05
cqr_rolling_aci,0.8,2023-01-09,22,24,7236.24
cqr_rolling_aci,0.8,2023-01-10,24,24,6701.43
cqr_rolling_aci,0.8,2023-01-11,24,24,5821.43
cqr_rolling_aci,0.8,2023-01-12,24,24,5579.12
cqr_rolling_aci,0.8,2023-01-13,24,24,5571.29
cqr_rolling_aci,0.8,2023-01-14,23,24,4561.16
cqr_rolling_aci,0.8,2023-01-15,23,24,4915.73
cqr_rolling_aci,0.8,2023-01-16,24,24,5596.66
cqr_rolling_aci,0.8,2023-01-17,24,24,4907.99
cqr_rolling_aci,0.8,2023-01-18,20,24,5480.2
cqr_rolling_aci,0.8,2023-01-19,24,24,4671.31
cqr_rolling_aci,0.8,2023-01-20,23,24,4865.04
cqr_rolling_aci,0.8,2023-01-21,20,24,3870.69
cqr_rolling_aci,0.8,2023-01-22,13,24,4465.41
cqr_rolling_aci,0.8,2023-01-23,22,24,5344.41
cqr_rolling_aci,0.8,2023-01-24,22,24,5372.99
cqr_rolling_aci,0.8,2023-01-25,21,24,5078.28
cqr_rolling_aci,0.8,2023-01-26,24,24,5105.04
cqr_rolling_aci,0.8,2023-01-27,20,24,4492.09
cqr_rolling_aci,0.8,2023-01-28,21,24,3953.63
cqr_rolling_aci,0.8,2023-01-29,18,24,3610.2
cqr_rolling_aci,0.8,2023-01-30,15,24,4436.19
cqr_rolling_aci,0.8,2023-01-31,8,24,4266.21
cqr_rolling_aci,0.8,2023-02-01,11,24,5565.39
cqr_rolling_aci,0.8,2023-02-02,22,24,5662.32
cqr_rolling_aci,0.8,2023-02-03,23,24,4937.89
cqr_rolling_aci,0.8,2023-02-04,22,24,3949.15
cqr_rolling_aci,0.8,2023-02-05,24,24,5866.33
cqr_rolling_aci,0.8,2023-02-06,24,24,6079.72
cqr_rolling_aci,0.8,2023-02-07,24,24,5736.69
cqr_rolling_aci,0.8,2023-02-08,20,24,5427.48
cqr_rolling_aci,0.8,2023-02-09,20,24,5277.55
cqr_rolling_aci,0.8,2023-02-10,24,24,5122.08
cqr_rolling_aci,0.8,2023-02-11,20,24,4746.4
cqr_rolling_aci,0.8,2023-02-12,24,24,5486.57
cqr_rolling_aci,0.8,2023-02-13,23,24,5627.28
cqr_rolling_aci,0.8,2023-02-14,24,24,5451.55
cqr_rolling_aci,0.8,2023-02-15,24,24,5751.52
cqr_rolling_aci,0.8,2023-02-16,20,24,4965.7
cqr_rolling_aci,0.8,2023-02-17,20,24,4421.74
cqr_rolling_aci,0.8,2023-02-18,21,24,4689.93
cqr_rolling_aci,0.8,2023-02-19,24,24,6365.32
cqr_rolling_aci,0.8,2023-02-20,8,24,5689.45
cqr_rolling_aci,0.8,2023-02-21,10,24,5482.3
cqr_rolling_aci,0.8,2023-02-22,16,24,5986.29
cqr_rolling_aci,0.8,2023-02-23,10,24,5164.57
cqr_rolling_aci,0.8,2023-02-24,24,24,6037.74
cqr_rolling_aci,0.8,2023-02-25,17,24,4148.55
cqr_rolling_aci,0.8,2023-02-26,10,24,5001.09
cqr_rolling_aci,0.8,2023-02-27,7,24,5084.69
cqr_rolling_aci,0.8,2023-02-28,19,24,5247.79
cqr_rolling_aci,0.8,2023-03-01,19,24,5159.04
cqr_rolling_aci,0.8,2023-03-02,20,24,5863.92
cqr_rolling_aci,0.8,2023-03-03,24,24,6346.56
cqr_rolling_aci,0.8,2023-03-04,24,24,6818.69
cqr_rolling_aci,0.8,2023-03-05,21,24,6475.43
cqr_rolling_aci,0.8,2023-03-06,22,24,6251.44
cqr_rolling_aci,0.8,2023-03-07,16,24,6759.71
cqr_rolling_aci,0.8,2023-03-08,23,24,6328.99
cqr_rolling_aci,0.8,2023-03-09,24,24,5843.6
cqr_rolling_aci,0.8,2023-03-10,24,24,7142.44
cqr_rolling_aci,0.8,2023-03-11,24,24,6538.86
cqr_rolling_aci,0.8,2023-03-12,24,24,5764.7
cqr_rolling_aci,0.8,2023-03-13,24,24,5758.64
cqr_rolling_aci,0.8,2023-03-14,24,24,7211.75
cqr_rolling_aci,0.8,2023-03-15,24,24,6734.8
cqr_rolling_aci,0.8,2023-03-16,22,24,5097.01
cqr_rolling_aci,0.8,2023-03-17,12,24,5619.98
cqr_rolling_aci,0.8,2023-03-18,24,24,5415.03
cqr_rolling_aci,0.8,2023-03-19,21,24,5722.57
cqr_rolling_aci,0.8,2023-03-20,16,24,6094.71
cqr_rolling_aci,0.8,2023-03-21,17,24,5593.08
cqr_rolling_aci,0.8,2023-03-22,24,24,6736.1
cqr_rolling_aci,0.8,2023-03-23,24,24,6945.86
cqr_rolling_aci,0.8,2023-03-24,23,24,6300.01
cqr_rolling_aci,0.8,2023-03-25,9,24,4181.92
cqr_rolling_aci,0.8,2023-03-26,21,23,4482.89
cqr_rolling_aci,0.8,2023-03-27,24,24,6524.49
cqr_rolling_aci,0.8,2023-03-28,24,24,6129.41
cqr_rolling_aci,0.8,2023-03-29,24,24,4387.97
cqr_rolling_aci,0.8,2023-03-30,24,24,5442.3
cqr_rolling_aci,0.8,2023-03-31,17,24,4194.42
cqr_rolling_aci,0.8,2023-04-01,20,24,4004.79
cqr_rolling_aci,0.8,2023-04-02,24,24,4559.3
cqr_rolling_aci,0.8,2023-04-03,24,24,5309.94
cqr_rolling_aci,0.8,2023-04-04,24,24,5770.09
cqr_rolling_aci,0.8,2023-04-05,21,24,5081.45
cqr_rolling_aci,0.8,2023-04-06,20,24,3353.81
cqr_rolling_aci,0.8,2023-04-07,9,24,3444.5
cqr_rolling_aci,0.8,2023-04-08,23,24,4065.88
cqr_rolling_aci,0.8,2023-04-09,15,24,4835.29
cqr_rolling_aci,0.8,2023-04-10,16,24,4234.18
cqr_rolling_aci,0.8,2023-04-11,17,24,6163.88
cqr_rolling_aci,0.8,2023-04-12,12,24,5345.91
cqr_rolling_aci,0.8,2023-04-13,13,24,4818.27
cqr_rolling_aci,0.8,2023-04-14,13,24,3912.54
cqr_rolling_aci,0.8,2023-04-15,21,24,4648.06
cqr_rolling_aci,0.8,2023-04-16,16,24,4553.07
cqr_rolling_aci,0.8,2023-04-17,22,24,6437.15
cqr_rolling_aci,0.8,2023-04-18,24,24,5123.39
cqr_rolling_aci,0.8,2023-04-19,21,24,4593.38
cqr_rolling_aci,0.8,2023-04-20,13,24,4471.82
cqr_rolling_aci,0.8,2023-04-21,23,24,4875.29
cqr_rolling_aci,0.8,2023-04-22,24,24,4278.61
cqr_rolling_aci,0.8,2023-04-23,24,24,5317.99
cqr_rolling_aci,0.8,2023-04-24,24,24,5270.13
cqr_rolling_aci,0.8,2023-04-25,24,24,4365.56
cqr_rolling_aci,0.8,2023-04-26,18,24,4066.05
cqr_rolling_aci,0.8,2023-04-27,24,24,4081.06
cqr_rolling_aci,0.8,2023-04-28,24,24,4871.16
cqr_rolling_aci,0.8,2023-04-29,24,24,4055.11
cqr_rolling_aci,0.8,2023-04-30,24,24,4735.1
cqr_rolling_aci,0.8,2023-05-01,21,24,4414.61
cqr_rolling_aci,0.8,2023-05-02,24,24,5377.71
cqr_rolling_aci,0.8,2023-05-03,24,24,3962.1
cqr_rolling_aci,0.8,2023-05-04,21,24,3836.22
cqr_rolling_aci,0.8,2023-05-05,11,24,3367.58
cqr_rolling_aci,0.8,2023-05-06,21,24,3025.75
cqr_rolling_aci,0.8,2023-05-07,23,24,3638.39
cqr_rolling_aci,0.8,2023-05-08,5,24,3156.43
cqr_rolling_aci,0.8,2023-05-09,21,24,3493.73
cqr_rolling_aci,0.8,2023-05-10,20,24,3602.11
cqr_rolling_aci,0.8,2023-05-11,24,24,3595.98
cqr_rolling_aci,0.8,2023-05-12,24,24,3324.9
cqr_rolling_aci,0.8,2023-05-13,23,24,3529.54
cqr_rolling_aci,0.8,2023-05-14,16,24,3336.08
cqr_rolling_aci,0.8,2023-05-15,17,24,5619.46
cqr_rolling_aci,0.8,2023-05-16,21,24,3971.99
cqr_rolling_aci,0.8,2023-05-17,18,24,3406.11
cqr_rolling_aci,0.8,2023-05-18,24,24,4729.2
cqr_rolling_aci,0.8,2023-05-19,21,24,4256
cqr_rolling_aci,0.8,2023-05-20,23,24,4152.7
cqr_rolling_aci,0.8,2023-05-21,24,24,3365.47
cqr_rolling_aci,0.8,2023-05-22,24,24,3281.9
cqr_rolling_aci,0.8,2023-05-23,24,24,3413.99
cqr_rolling_aci,0.8,2023-05-24,21,24,2769.27
cqr_rolling_aci,0.8,2023-05-25,16,24,3394.66
cqr_rolling_aci,0.8,2023-05-26,24,24,3550.95
cqr_rolling_aci,0.8,2023-05-27,24,24,2909.8
cqr_rolling_aci,0.8,2023-05-28,23,24,2687.4
cqr_rolling_aci,0.8,2023-05-29,21,24,3589.54
cqr_rolling_aci,0.8,2023-05-30,24,24,2867.74
cqr_rolling_aci,0.8,2023-05-31,14,24,2774.32
cqr_rolling_aci,0.8,2023-06-01,15,24,2447.94
cqr_rolling_aci,0.8,2023-06-02,21,24,2206.02
cqr_rolling_aci,0.8,2023-06-03,24,24,2311.45
cqr_rolling_aci,0.8,2023-06-04,23,24,2511.87
cqr_rolling_aci,0.8,2023-06-05,24,24,2795.47
cqr_rolling_aci,0.8,2023-06-06,20,24,2323.92
cqr_rolling_aci,0.8,2023-06-07,21,24,2081.6
cqr_rolling_aci,0.8,2023-06-08,24,24,2222.1
cqr_rolling_aci,0.8,2023-06-09,24,24,2032.44
cqr_rolling_aci,0.8,2023-06-10,24,24,2098.87
cqr_rolling_aci,0.8,2023-06-11,22,24,2165.83
cqr_rolling_aci,0.8,2023-06-12,22,24,2050.1
cqr_rolling_aci,0.8,2023-06-13,24,24,2249.74
cqr_rolling_aci,0.8,2023-06-14,23,24,1909.03
cqr_rolling_aci,0.8,2023-06-15,24,24,1808.89
cqr_rolling_aci,0.8,2023-06-16,24,24,1726.21
cqr_rolling_aci,0.8,2023-06-17,24,24,1505.23
cqr_rolling_aci,0.8,2023-06-18,24,24,2108.87
cqr_rolling_aci,0.8,2023-06-19,20,24,1574.33
cqr_rolling_aci,0.8,2023-06-20,23,24,1868.08
cqr_rolling_aci,0.8,2023-06-21,24,24,1685.22
cqr_rolling_aci,0.8,2023-06-22,24,24,1772.9
cqr_rolling_aci,0.8,2023-06-23,24,24,1731.44
cqr_rolling_aci,0.8,2023-06-24,23,24,1484.44
cqr_rolling_aci,0.8,2023-06-25,17,24,1499.29
cqr_rolling_aci,0.8,2023-06-26,19,24,1312.66
cqr_rolling_aci,0.8,2023-06-27,24,24,1724.76
cqr_rolling_aci,0.8,2023-06-28,23,24,1319.67
cqr_rolling_aci,0.8,2023-06-29,22,24,1442.49
cqr_rolling_aci,0.8,2023-06-30,12,24,1189.39
cqr_rolling_aci,0.8,2023-07-01,24,24,1847.77
cqr_rolling_aci,0.8,2023-07-02,24,24,2101.19
cqr_rolling_aci,0.8,2023-07-03,24,24,1549.17
cqr_rolling_aci,0.8,2023-07-04,9,24,1311.61
cqr_rolling_aci,0.8,2023-07-05,1,24,1054.12
cqr_rolling_aci,0.8,2023-07-06,23,24,1309.07
cqr_rolling_aci,0.8,2023-07-07,11,24,1904.52
cqr_rolling_aci,0.8,2023-07-08,6,24,1329.73
cqr_rolling_aci,0.8,2023-07-09,19,24,1658.17
cqr_rolling_aci,0.8,2023-07-10,24,24,2126.53
cqr_rolling_aci,0.8,2023-07-11,21,24,1676.15
cqr_rolling_aci,0.8,2023-07-12,15,24,1656.38
cqr_rolling_aci,0.8,2023-07-13,9,24,1356.09
cqr_rolling_aci,0.8,2023-07-14,16,24,3233.87
cqr_rolling_aci,0.8,2023-07-15,22,24,2416.04
cqr_rolling_aci,0.8,2023-07-16,23,24,2023.15
cqr_rolling_aci,0.8,2023-07-17,24,24,1969.21
cqr_rolling_aci,0.8,2023-07-18,24,24,1696.23
cqr_rolling_aci,0.8,2023-07-19,7,24,1254.94
cqr_rolling_aci,0.8,2023-07-20,21,24,1482.21
cqr_rolling_aci,0.8,2023-07-21,22,24,2202.45
cqr_rolling_aci,0.8,2023-07-22,23,24,1624.07
cqr_rolling_aci,0.8,2023-07-23,24,24,1666.9
cqr_rolling_aci,0.8,2023-07-24,11,24,1195.7
cqr_rolling_aci,0.8,2023-07-25,5,24,1499.11
cqr_rolling_aci,0.8,2023-07-26,7,24,1247.63
cqr_rolling_aci,0.8,2023-07-27,18,24,1404.22
cqr_rolling_aci,0.8,2023-07-28,22,24,1505.24
cqr_rolling_aci,0.8,2023-07-29,22,24,1475.07
cqr_rolling_aci,0.8,2023-07-30,20,24,1516.82
cqr_rolling_aci,0.8,2023-07-31,13,24,1541.91
cqr_rolling_aci,0.8,2023-08-01,21,24,1822.37
cqr_rolling_aci,0.8,2023-08-02,14,24,1954.83
cqr_rolling_aci,0.8,2023-08-03,21,24,1437.71
cqr_rolling_aci,0.8,2023-08-04,18,24,1654.33
cqr_rolling_aci,0.8,2023-08-05,15,24,1472.96
cqr_rolling_aci,0.8,2023-08-06,17,24,1835.98
cqr_rolling_aci,0.8,2023-08-07,18,24,1935.83
cqr_rolling_aci,0.8,2023-08-08,24,24,1667.62
cqr_rolling_aci,0.8,2023-08-09,18,24,1887.48
cqr_rolling_aci,0.8,2023-08-10,24,24,2216.15
cqr_rolling_aci,0.8,2023-08-11,17,24,1929.73
cqr_rolling_aci,0.8,2023-08-12,21,24,1740.98
cqr_rolling_aci,0.8,2023-08-13,8,24,1597.84
cqr_rolling_aci,0.8,2023-08-14,20,24,2043.6
cqr_rolling_aci,0.8,2023-08-15,24,24,3097.76
cqr_rolling_aci,0.8,2023-08-16,24,24,1712.64
cqr_rolling_aci,0.8,2023-08-17,24,24,1410.6
cqr_rolling_aci,0.8,2023-08-18,24,24,1567.51
cqr_rolling_aci,0.8,2023-08-19,19,24,1546
cqr_rolling_aci,0.8,2023-08-20,12,24,1346.96
cqr_rolling_aci,0.8,2023-08-21,3,24,1412.35
cqr_rolling_aci,0.8,2023-08-22,0,24,1745.02
cqr_rolling_aci,0.8,2023-08-23,0,24,2193.16
cqr_rolling_aci,0.8,2023-08-24,23,24,2561.06
cqr_rolling_aci,0.8,2023-08-25,12,24,2449.53
cqr_rolling_aci,0.8,2023-08-26,4,24,2412.13
cqr_rolling_aci,0.8,2023-08-27,12,24,2125.51
cqr_rolling_aci,0.8,2023-08-28,10,24,2661.19
cqr_rolling_aci,0.8,2023-08-29,7,24,2768.83
cqr_rolling_aci,0.8,2023-08-30,16,24,2608.26
cqr_rolling_aci,0.8,2023-08-31,24,24,2605.5
cqr_rolling_aci,0.8,2023-09-01,9,24,2317.27
cqr_rolling_aci,0.8,2023-09-02,23,24,2044.48
cqr_rolling_aci,0.8,2023-09-03,14,24,2068.45
cqr_rolling_aci,0.8,2023-09-04,24,24,2475.92
cqr_rolling_aci,0.8,2023-09-05,24,24,2543.67
cqr_rolling_aci,0.8,2023-09-06,24,24,2253.23
cqr_rolling_aci,0.8,2023-09-07,23,24,1823.05
cqr_rolling_aci,0.8,2023-09-08,18,24,1735.3
cqr_rolling_aci,0.8,2023-09-09,22,24,1877.91
cqr_rolling_aci,0.8,2023-09-10,20,24,2030.07
cqr_rolling_aci,0.8,2023-09-11,24,24,2167.75
cqr_rolling_aci,0.8,2023-09-12,24,24,2613.83
cqr_rolling_aci,0.8,2023-09-13,24,24,2087.83
cqr_rolling_aci,0.8,2023-09-14,24,24,1824.19
cqr_rolling_aci,0.8,2023-09-15,23,24,1988.46
cqr_rolling_aci,0.8,2023-09-16,24,24,2160.27
cqr_rolling_aci,0.8,2023-09-17,22,24,2033.04
cqr_rolling_aci,0.8,2023-09-18,23,24,1869.05
cqr_rolling_aci,0.8,2023-09-19,19,24,1608.39
cqr_rolling_aci,0.8,2023-09-20,21,24,1438.89
cqr_rolling_aci,0.8,2023-09-21,22,24,1561.69
cqr_rolling_aci,0.8,2023-09-22,24,24,1642.63
cqr_rolling_aci,0.8,2023-09-23,20,24,2008.52
cqr_rolling_aci,0.8,2023-09-24,20,24,1828.76
cqr_rolling_aci,0.8,2023-09-25,21,24,1893.07
cqr_rolling_aci,0.8,2023-09-26,18,24,1815.79
cqr_rolling_aci,0.8,2023-09-27,23,24,1607.36
cqr_rolling_aci,0.8,2023-09-28,22,24,1418.98
cqr_rolling_aci,0.8,2023-09-29,22,24,1765.58
cqr_rolling_aci,0.8,2023-09-30,20,24,1908.01
cqr_rolling_aci,0.8,2023-10-01,20,24,2107.11
cqr_rolling_aci,0.8,2023-10-02,23,24,1904.11
cqr_rolling_aci,0.8,2023-10-03,20,24,1997.13
cqr_rolling_aci,0.8,2023-10-04,24,24,1684.29
cqr_rolling_aci,0.8,2023-10-05,24,24,1488.75
cqr_rolling_aci,0.8,2023-10-06,22,24,1537.34
cqr_rolling_aci,0.8,2023-10-07,24,24,1602.23
cqr_rolling_aci,0.8,2023-10-08,23,24,1723.05
cqr_rolling_aci,0.8,2023-10-09,23,24,1819.65
cqr_rolling_aci,0.8,2023-10-10,23,24,1713.58
cqr_rolling_aci,0.8,2023-10-11,15,24,1231.4
cqr_rolling_aci,0.8,2023-10-12,21,24,1115.71
cqr_rolling_aci,0.8,2023-10-13,17,24,1288.51
cqr_rolling_aci,0.8,2023-10-14,23,24,1636.86
cqr_rolling_aci,0.8,2023-10-15,23,24,1867.36
cqr_rolling_aci,0.8,2023-10-16,18,24,2261.33
cqr_rolling_aci,0.8,2023-10-17,22,24,1848.88
cqr_rolling_aci,0.8,2023-10-18,20,24,1585.04
cqr_rolling_aci,0.8,2023-10-19,20,24,1563.27
cqr_rolling_aci,0.8,2023-10-20,20,24,1225.08
cqr_rolling_aci,0.8,2023-10-21,22,24,1665.8
cqr_rolling_aci,0.8,2023-10-22,23,24,2350.42
cqr_rolling_aci,0.8,2023-10-23,21,24,3039.07
cqr_rolling_aci,0.8,2023-10-24,10,24,2249.79
cqr_rolling_aci,0.8,2023-10-25,13,24,2050.55
cqr_rolling_aci,0.8,2023-10-26,19,24,1635.54
cqr_rolling_aci,0.8,2023-10-27,23,24,1783.54
cqr_rolling_aci,0.8,2023-10-28,24,24,2148.65
cqr_rolling_aci,0.8,2023-10-29,21,24,2560.11
cqr_rolling_aci,0.8,2023-10-30,16,24,2411.19
cqr_rolling_aci,0.8,2023-10-31,13,24,2583.75
cqr_rolling_aci,0.8,2023-11-01,10,24,1614.14
cqr_rolling_aci,0.8,2023-11-02,21,24,3234.89
cqr_rolling_aci,0.8,2023-11-03,24,24,3535.67
cqr_rolling_aci,0.8,2023-11-04,16,24,1840.8
cqr_rolling_aci,0.8,2023-11-05,21,24,2482.24
cqr_rolling_aci,0.8,2023-11-06,21,24,3138.63
cqr_rolling_aci,0.8,2023-11-07,16,24,2802.37
cqr_rolling_aci,0.8,2023-11-08,8,24,3068.15
cqr_rolling_aci,0.8,2023-11-09,12,24,3490.5
cqr_rolling_aci,0.8,2023-11-10,21,24,3530.87
cqr_rolling_aci,0.8,2023-11-11,20,24,4353.71
cqr_rolling_aci,0.8,2023-11-12,22,24,2647.97
cqr_rolling_aci,0.8,2023-11-13,13,24,2667.22
cqr_rolling_aci,0.8,2023-11-14,15,24,2265.67
cqr_rolling_aci,0.8,2023-11-15,6,24,2244.36
cqr_rolling_aci,0.8,2023-11-16,20,24,2694.62
cqr_rolling_aci,0.8,2023-11-17,4,24,3142.07
cqr_rolling_aci,0.8,2023-11-18,21,24,2264.97
cqr_rolling_aci,0.8,2023-11-19,8,24,2199.73
cqr_rolling_aci,0.8,2023-11-20,22,24,3349.79
cqr_rolling_aci,0.8,2023-11-21,23,24,2836
cqr_rolling_aci,0.8,2023-11-22,24,24,2687.76
cqr_rolling_aci,0.8,2023-11-23,17,24,3585.55
cqr_rolling_aci,0.8,2023-11-24,22,24,3254.61
cqr_rolling_aci,0.8,2023-11-25,17,24,3352.93
cqr_rolling_aci,0.8,2023-11-26,12,24,2932.95
cqr_rolling_aci,0.8,2023-11-27,19,24,2724.9
cqr_rolling_aci,0.8,2023-11-28,11,24,2978.05
cqr_rolling_aci,0.8,2023-11-29,19,24,3245.47
cqr_rolling_aci,0.8,2023-11-30,2,24,2768.17
cqr_rolling_aci,0.8,2023-12-01,12,24,3158.35
cqr_rolling_aci,0.8,2023-12-02,12,24,3112.79
cqr_rolling_aci,0.8,2023-12-03,15,24,3061.18
cqr_rolling_aci,0.8,2023-12-04,24,24,3708.8
cqr_rolling_aci,0.8,2023-12-05,11,24,2934.24
cqr_rolling_aci,0.8,2023-12-06,17,24,2666.24
cqr_rolling_aci,0.8,2023-12-07,1,24,3536.58
cqr_rolling_aci,0.8,2023-12-08,14,24,3220.86
cqr_rolling_aci,0.8,2023-12-09,16,24,3564.97
cqr_rolling_aci,0.8,2023-12-10,10,24,2369.34
cqr_rolling_aci,0.8,2023-12-11,19,24,2843.53
cqr_rolling_aci,0.8,2023-12-12,24,24,2927.64
cqr_rolling_aci,0.8,2023-12-13,20,24,3326.46
cqr_rolling_aci,0.8,2023-12-14,23,24,3415.08
cqr_rolling_aci,0.8,2023-12-15,24,24,3597.72
cqr_rolling_aci,0.8,2023-12-16,17,24,3659.13
cqr_rolling_aci,0.8,2023-12-17,2,24,3150.27
cqr_rolling_aci,0.8,2023-12-18,1,24,4032.05
cqr_rolling_aci,0.8,2023-12-19,6,24,3620.02
cqr_rolling_aci,0.8,2023-12-20,11,24,4699.38
cqr_rolling_aci,0.8,2023-12-21,14,24,3695.38
cqr_rolling_aci,0.8,2023-12-22,9,24,4335.98
cqr_rolling_aci,0.8,2023-12-23,21,24,4349.47
cqr_rolling_aci,0.8,2023-12-24,20,24,3739.12
cqr_rolling_aci,0.8,2023-12-25,21,24,6588.35
cqr_rolling_aci,0.8,2023-12-26,9,24,9277.62
cqr_rolling_aci,0.8,2023-12-27,22,24,5138.93
cqr_rolling_aci,0.8,2023-12-28,24,24,5162.07
cqr_rolling_aci,0.8,2023-12-29,24,24,4817.71
cqr_rolling_aci,0.8,2023-12-30,24,24,4684.69
cqr_rolling_aci,0.8,2023-12-31,17,24,4603.47
cqr_rolling_aci,0.8,2024-01-01,22,24,5039.94
cqr_rolling_aci,0.8,2024-01-02,20,24,5436.34
cqr_rolling_aci,0.8,2024-01-03,21,24,5069.5
cqr_rolling_aci,0.8,2024-01-04,24,24,5112.31
cqr_rolling_aci,0.8,2024-01-05,24,24,5126.19
cqr_rolling_aci,0.8,2024-01-06,24,24,5101.14
cqr_rolling_aci,0.8,2024-01-07,21,24,3742.09
cqr_rolling_aci,0.8,2024-01-08,2,24,4610.2
cqr_rolling_aci,0.8,2024-01-09,0,24,8195.76
cqr_rolling_aci,0.8,2024-01-10,24,24,5957.77
cqr_rolling_aci,0.8,2024-01-11,22,24,6419.04
cqr_rolling_aci,0.8,2024-01-12,18,24,6253.78
cqr_rolling_aci,0.8,2024-01-13,16,24,5715.66
cqr_rolling_aci,0.8,2024-01-14,22,24,5693.27
cqr_rolling_aci,0.8,2024-01-15,6,24,6622.91
cqr_rolling_aci,0.8,2024-01-16,12,24,6488.17
cqr_rolling_aci,0.8,2024-01-17,10,24,6564.36
cqr_rolling_aci,0.8,2024-01-18,12,24,7560.74
cqr_rolling_aci,0.8,2024-01-19,19,24,6767.68
cqr_rolling_aci,0.8,2024-01-20,24,24,7346.6
cqr_rolling_aci,0.8,2024-01-21,24,24,8062.68
cqr_rolling_aci,0.8,2024-01-22,24,24,8222.51
cqr_rolling_aci,0.8,2024-01-23,23,24,8261.5
cqr_rolling_aci,0.8,2024-01-24,24,24,6607.9
cqr_rolling_aci,0.8,2024-01-25,24,24,6418.89
cqr_rolling_aci,0.8,2024-01-26,24,24,7754.87
cqr_rolling_aci,0.8,2024-01-27,24,24,7534.68
cqr_rolling_aci,0.8,2024-01-28,24,24,7688.51
cqr_rolling_aci,0.8,2024-01-29,24,24,7454.29
cqr_rolling_aci,0.8,2024-01-30,24,24,6120.47
cqr_rolling_aci,0.8,2024-01-31,24,24,6908.3
cqr_rolling_aci,0.8,2024-02-01,24,24,6342.21
cqr_rolling_aci,0.8,2024-02-02,24,24,6120.44
cqr_rolling_aci,0.8,2024-02-03,24,24,6249.95
cqr_rolling_aci,0.8,2024-02-04,15,24,6324.54
cqr_rolling_aci,0.8,2024-02-05,10,24,6004.74
cqr_rolling_aci,0.8,2024-02-06,16,24,6719.46
cqr_rolling_aci,0.8,2024-02-07,24,24,6511.7
cqr_rolling_aci,0.8,2024-02-08,24,24,7338.21
cqr_rolling_aci,0.8,2024-02-09,24,24,6699.36
cqr_rolling_aci,0.8,2024-02-10,24,24,6454.2
cqr_rolling_aci,0.8,2024-02-11,24,24,6862.39
cqr_rolling_aci,0.8,2024-02-12,24,24,7281.67
cqr_rolling_aci,0.8,2024-02-13,24,24,7526.34
cqr_rolling_aci,0.8,2024-02-14,23,24,6891.26
cqr_rolling_aci,0.8,2024-02-15,24,24,6323.55
cqr_rolling_aci,0.8,2024-02-16,24,24,5852.13
cqr_rolling_aci,0.8,2024-02-17,24,24,6476.38
cqr_rolling_aci,0.8,2024-02-18,24,24,6599.06
cqr_rolling_aci,0.8,2024-02-19,24,24,6782.95
cqr_rolling_aci,0.8,2024-02-20,24,24,6162.01
cqr_rolling_aci,0.8,2024-02-21,16,24,6461.35
cqr_rolling_aci,0.8,2024-02-22,15,24,6108.38
cqr_rolling_aci,0.8,2024-02-23,21,24,5410.74
cqr_rolling_aci,0.8,2024-02-24,24,24,5040.36
cqr_rolling_aci,0.8,2024-02-25,24,24,5736.7
cqr_rolling_aci,0.8,2024-02-26,24,24,6799.48
cqr_rolling_aci,0.8,2024-02-27,24,24,7021.4
cqr_rolling_aci,0.8,2024-02-28,24,24,6045.49
cqr_rolling_aci,0.8,2024-02-29,21,24,6131.21
cqr_rolling_aci,0.8,2024-03-01,24,24,6274.55
cqr_rolling_aci,0.8,2024-03-02,24,24,6202.86
cqr_rolling_aci,0.8,2024-03-03,24,24,5878.34
cqr_rolling_aci,0.8,2024-03-04,24,24,6930.23
cqr_rolling_aci,0.8,2024-03-05,14,24,6299.26
cqr_rolling_aci,0.8,2024-03-06,24,24,6529.23
cqr_rolling_aci,0.8,2024-03-07,24,24,6092.2
cqr_rolling_aci,0.8,2024-03-08,24,24,5620.09
cqr_rolling_aci,0.8,2024-03-09,18,24,4348.97
cqr_rolling_aci,0.8,2024-03-10,22,24,4944.65
cqr_rolling_aci,0.8,2024-03-11,24,24,5734.1
cqr_rolling_aci,0.8,2024-03-12,24,24,5114.05
cqr_rolling_aci,0.8,2024-03-13,24,24,5341.2
cqr_rolling_aci,0.8,2024-03-14,24,24,5833.99
cqr_rolling_aci,0.8,2024-03-15,24,24,6808.63
cqr_rolling_aci,0.8,2024-03-16,24,24,5775.41
cqr_rolling_aci,0.8,2024-03-17,19,24,5706.87
cqr_rolling_aci,0.8,2024-03-18,23,24,6129.49
cqr_rolling_aci,0.8,2024-03-19,23,24,6430.36
cqr_rolling_aci,0.8,2024-03-20,24,24,5748.24
cqr_rolling_aci,0.8,2024-03-21,24,24,5722.19
cqr_rolling_aci,0.8,2024-03-22,24,24,4775.92
cqr_rolling_aci,0.8,2024-03-23,19,24,3463.55
cqr_rolling_aci,0.8,2024-03-24,20,24,3761.1
cqr_rolling_aci,0.8,2024-03-25,19,24,4697.97
cqr_rolling_aci,0.8,2024-03-26,11,24,4333.3
cqr_rolling_aci,0.8,2024-03-27,8,24,3520.48
cqr_rolling_aci,0.8,2024-03-28,7,24,3453.5
cqr_rolling_aci,0.8,2024-03-29,24,24,4537.27
cqr_rolling_aci,0.8,2024-03-30,24,24,6124.67
cqr_rolling_aci,0.8,2024-03-31,22,23,5211.42
cqr_rolling_aci,0.8,2024-04-01,12,24,4208.06
cqr_rolling_aci,0.8,2024-04-02,24,24,5662.6
cqr_rolling_aci,0.8,2024-04-03,24,24,4093.34
cqr_rolling_aci,0.8,2024-04-04,24,24,4450.31
cqr_rolling_aci,0.8,2024-04-05,24,24,4163.9
cqr_rolling_aci,0.8,2024-04-06,23,24,3373.75
cqr_rolling_aci,0.8,2024-04-07,21,24,3861.02
cqr_rolling_aci,0.8,2024-04-08,15,24,3329.87
cqr_rolling_aci,0.8,2024-04-09,5,24,5286.55
cqr_rolling_aci,0.8,2024-04-10,24,24,3363.86
cqr_rolling_aci,0.8,2024-04-11,23,24,3207.27
cqr_rolling_aci,0.8,2024-04-12,21,24,3091.78
cqr_rolling_aci,0.8,2024-04-13,22,24,2624.81
cqr_rolling_aci,0.8,2024-04-14,24,24,2812.04
cqr_rolling_aci,0.8,2024-04-15,17,24,3473.74
cqr_rolling_aci,0.8,2024-04-16,19,24,3654.19
cqr_rolling_aci,0.8,2024-04-17,12,24,3509.83
cqr_rolling_aci,0.8,2024-04-18,21,24,2658.05
cqr_rolling_aci,0.8,2024-04-19,13,24,2922.46
cqr_rolling_aci,0.8,2024-04-20,24,24,4496.8
cqr_rolling_aci,0.8,2024-04-21,20,24,4208.33
cqr_rolling_aci,0.8,2024-04-22,24,24,6280.59
cqr_rolling_aci,0.8,2024-04-23,14,24,4083.18
cqr_rolling_aci,0.8,2024-04-24,17,24,3596.78
cqr_rolling_aci,0.8,2024-04-25,21,24,2837.49
cqr_rolling_aci,0.8,2024-04-26,14,24,2689.93
cqr_rolling_aci,0.8,2024-04-27,17,24,3979.5
cqr_rolling_aci,0.8,2024-04-28,11,24,3504.36
cqr_rolling_aci,0.8,2024-04-29,18,24,2872.54
cqr_rolling_aci,0.8,2024-04-30,20,24,3086.44
cqr_rolling_aci,0.8,2024-05-01,16,24,4022.58
cqr_rolling_aci,0.8,2024-05-02,16,24,4798.45
cqr_rolling_aci,0.8,2024-05-03,14,24,3694.51
cqr_rolling_aci,0.8,2024-05-04,24,24,3353.25
cqr_rolling_aci,0.8,2024-05-05,23,24,3066.79
cqr_rolling_aci,0.8,2024-05-06,20,24,3081.07
cqr_rolling_aci,0.8,2024-05-07,19,24,2759.05
cqr_rolling_aci,0.8,2024-05-08,16,24,2999.5
cqr_rolling_aci,0.8,2024-05-09,24,24,4365.63
cqr_rolling_aci,0.8,2024-05-10,4,24,4926.66
cqr_rolling_aci,0.8,2024-05-11,8,24,3959.38
cqr_rolling_aci,0.8,2024-05-12,24,24,2558.67
cqr_rolling_aci,0.8,2024-05-13,23,24,4192.24
cqr_rolling_aci,0.8,2024-05-14,22,24,3030.83
cqr_rolling_aci,0.8,2024-05-15,10,24,5076.95
cqr_rolling_aci,0.8,2024-05-16,22,24,4125.57
cqr_rolling_aci,0.8,2024-05-17,22,24,3669.86
cqr_rolling_aci,0.8,2024-05-18,5,24,2294.13
cqr_rolling_aci,0.8,2024-05-19,15,24,2821.03
cqr_rolling_aci,0.8,2024-05-20,24,24,4090.38
cqr_rolling_aci,0.8,2024-05-21,20,24,2914.15
cqr_rolling_aci,0.8,2024-05-22,24,24,2405.27
cqr_rolling_aci,0.8,2024-05-23,24,24,2794.92
cqr_rolling_aci,0.8,2024-05-24,23,24,2220.55
cqr_rolling_aci,0.8,2024-05-25,21,24,2196.73
cqr_rolling_aci,0.8,2024-05-26,21,24,2253.02
cqr_rolling_aci,0.8,2024-05-27,10,24,2691.02
cqr_rolling_aci,0.8,2024-05-28,21,24,2810.15
cqr_rolling_aci,0.8,2024-05-29,23,24,2559.29
cqr_rolling_aci,0.8,2024-05-30,23,24,2079.66
cqr_rolling_aci,0.8,2024-05-31,23,24,2619.75
cqr_rolling_aci,0.8,2024-06-01,24,24,2395.95
cqr_rolling_aci,0.8,2024-06-02,6,24,2324.65
cqr_rolling_aci,0.8,2024-06-03,21,24,1967.31
cqr_rolling_aci,0.8,2024-06-04,16,24,2317.37
cqr_rolling_aci,0.8,2024-06-05,24,24,1828.86
cqr_rolling_aci,0.8,2024-06-06,24,24,1719.21
cqr_rolling_aci,0.8,2024-06-07,24,24,1748.67
cqr_rolling_aci,0.8,2024-06-08,10,24,1979.23
cqr_rolling_aci,0.8,2024-06-09,13,24,2055.13
cqr_rolling_aci,0.8,2024-06-10,23,24,2572.31
cqr_rolling_aci,0.8,2024-06-11,24,24,2647.31
cqr_rolling_aci,0.8,2024-06-12,24,24,2064.44
cqr_rolling_aci,0.8,2024-06-13,24,24,1718.27
cqr_rolling_aci,0.8,2024-06-14,24,24,1874.92
cqr_rolling_aci,0.8,2024-06-15,17,24,1884.24
cqr_rolling_aci,0.8,2024-06-16,16,24,2176.57
cqr_rolling_aci,0.8,2024-06-17,24,24,1561.69
cqr_rolling_aci,0.8,2024-06-18,24,24,1894.28
cqr_rolling_aci,0.8,2024-06-19,19,24,1814.05
cqr_rolling_aci,0.8,2024-06-20,23,24,1816.17
cqr_rolling_aci,0.8,2024-06-21,21,24,1813.6
cqr_rolling_aci,0.8,2024-06-22,23,24,1822.25
cqr_rolling_aci,0.8,2024-06-23,24,24,1990.25
cqr_rolling_aci,0.8,2024-06-24,24,24,1804.97
cqr_rolling_aci,0.8,2024-06-25,24,24,1871.58
cqr_rolling_aci,0.8,2024-06-26,24,24,2060.34
cqr_rolling_aci,0.8,2024-06-27,24,24,1778.02
cqr_rolling_aci,0.8,2024-06-28,21,24,1726.5
cqr_rolling_aci,0.8,2024-06-29,24,24,1638.27
cqr_rolling_aci,0.8,2024-06-30,22,24,1659.45
cqr_rolling_aci,0.8,2024-07-01,15,24,1275.84
cqr_rolling_aci,0.8,2024-07-02,24,24,2169.89
cqr_rolling_aci,0.8,2024-07-03,21,24,1847.13
cqr_rolling_aci,0.8,2024-07-04,24,24,1752.53
cqr_rolling_aci,0.8,2024-07-05,19,24,1489.46
cqr_rolling_aci,0.8,2024-07-06,24,24,1565.52
cqr_rolling_aci,0.8,2024-07-07,24,24,1888.14
cqr_rolling_aci,0.8,2024-07-08,22,24,1353.99
cqr_rolling_aci,0.8,2024-07-09,15,24,1368.74
cqr_rolling_aci,0.8,2024-07-10,19,24,1307.61
cqr_rolling_aci,0.8,2024-07-11,15,24,1346.88
cqr_rolling_aci,0.8,2024-07-12,23,24,1350.04
cqr_rolling_aci,0.8,2024-07-13,19,24,1502.72
cqr_rolling_aci,0.8,2024-07-14,14,24,1956.64
cqr_rolling_aci,0.8,2024-07-15,24,24,1554.55
cqr_rolling_aci,0.8,2024-07-16,24,24,1448.46
cqr_rolling_aci,0.8,2024-07-17,23,24,1557.35
cqr_rolling_aci,0.8,2024-07-18,22,24,1282.88
cqr_rolling_aci,0.8,2024-07-19,23,24,1349.41
cqr_rolling_aci,0.8,2024-07-20,18,24,1327.98
cqr_rolling_aci,0.8,2024-07-21,20,24,1549.7
cqr_rolling_aci,0.8,2024-07-22,7,24,1698.78
cqr_rolling_aci,0.8,2024-07-23,18,24,1447.6
cqr_rolling_aci,0.8,2024-07-24,22,24,1313.9
cqr_rolling_aci,0.8,2024-07-25,20,24,1326.34
cqr_rolling_aci,0.8,2024-07-26,22,24,1753.67
cqr_rolling_aci,0.8,2024-07-27,22,24,1462.14
cqr_rolling_aci,0.8,2024-07-28,8,24,1088.18
cqr_rolling_aci,0.8,2024-07-29,13,24,1961.41
cqr_rolling_aci,0.8,2024-07-30,22,24,1882.3
cqr_rolling_aci,0.8,2024-07-31,23,24,1427.53
cqr_rolling_aci,0.8,2024-08-01,11,24,1252.45
cqr_rolling_aci,0.8,2024-08-02,4,24,1243.84
cqr_rolling_aci,0.8,2024-08-03,5,24,1369.5
cqr_rolling_aci,0.8,2024-08-04,23,24,1609.63
cqr_rolling_aci,0.8,2024-08-05,7,24,1966.6
cqr_rolling_aci,0.8,2024-08-06,12,24,1837.06
cqr_rolling_aci,0.8,2024-08-07,20,24,1873.27
cqr_rolling_aci,0.8,2024-08-08,21,24,1437.18
cqr_rolling_aci,0.8,2024-08-09,17,24,1854.7
cqr_rolling_aci,0.8,2024-08-10,16,24,1854.6
cqr_rolling_aci,0.8,2024-08-11,24,24,1842.49
cqr_rolling_aci,0.8,2024-08-12,18,24,2178.41
cqr_rolling_aci,0.8,2024-08-13,7,24,1104.18
cqr_rolling_aci,0.8,2024-08-14,7,24,1624.69
cqr_rolling_aci,0.8,2024-08-15,18,24,2535.59
cqr_rolling_aci,0.8,2024-08-16,15,24,2621.11
cqr_rolling_aci,0.8,2024-08-17,11,24,2012.44
cqr_rolling_aci,0.8,2024-08-18,14,24,2190.38
cqr_rolling_aci,0.8,2024-08-19,9,24,1989.43
cqr_rolling_aci,0.8,2024-08-20,24,24,2087.51
cqr_rolling_aci,0.8,2024-08-21,19,24,1956.63
cqr_rolling_aci,0.8,2024-08-22,23,24,2481.33
cqr_rolling_aci,0.8,2024-08-23,24,24,2599.47
cqr_rolling_aci,0.8,2024-08-24,9,24,1756.21
cqr_rolling_aci,0.8,2024-08-25,20,24,1700.17
cqr_rolling_aci,0.8,2024-08-26,22,24,1922.95
cqr_rolling_aci,0.8,2024-08-27,23,24,1953.61
cqr_rolling_aci,0.8,2024-08-28,20,24,1999.79
cqr_rolling_aci,0.8,2024-08-29,18,24,1854.77
cqr_rolling_aci,0.8,2024-08-30,23,24,1650.15
cqr_rolling_aci,0.8,2024-08-31,24,24,1488.28
cqr_rolling_aci,0.8,2024-09-01,11,24,1759.44
cqr_rolling_aci,0.8,2024-09-02,24,24,1694.99
cqr_rolling_aci,0.8,2024-09-03,22,24,1766.79
cqr_rolling_aci,0.8,2024-09-04,14,24,1686.85
cqr_rolling_aci,0.8,2024-09-05,16,24,1759.64
cqr_rolling_aci,0.8,2024-09-06,20,24,1545.6
cqr_rolling_aci,0.8,2024-09-07,24,24,1430.16
cqr_rolling_aci,0.8,2024-09-08,23,24,2023.92
cqr_rolling_aci,0.8,2024-09-09,22,24,2059.79
cqr_rolling_aci,0.8,2024-09-10,24,24,1697.17
cqr_rolling_aci,0.8,2024-09-11,18,24,1523.58
cqr_rolling_aci,0.8,2024-09-12,24,24,1938.32
cqr_rolling_aci,0.8,2024-09-13,23,24,1539.02
cqr_rolling_aci,0.8,2024-09-14,22,24,1680.45
cqr_rolling_aci,0.8,2024-09-15,24,24,1758.02
cqr_rolling_aci,0.8,2024-09-16,15,24,1517.84
cqr_rolling_aci,0.8,2024-09-17,24,24,1482.24
cqr_rolling_aci,0.8,2024-09-18,24,24,1283.81
cqr_rolling_aci,0.8,2024-09-19,17,24,1331.87
cqr_rolling_aci,0.8,2024-09-20,23,24,1388.71
cqr_rolling_aci,0.8,2024-09-21,23,24,2118.11
cqr_rolling_aci,0.8,2024-09-22,20,24,2033.06
cqr_rolling_aci,0.8,2024-09-23,16,24,1890.12
cqr_rolling_aci,0.8,2024-09-24,23,24,1840.79
cqr_rolling_aci,0.8,2024-09-25,20,24,1723.02
cqr_rolling_aci,0.8,2024-09-26,9,24,1159.82
cqr_rolling_aci,0.8,2024-09-27,5,24,1289.85
cqr_rolling_aci,0.8,2024-09-28,22,24,1549.35
cqr_rolling_aci,0.8,2024-09-29,20,24,1825.52
cqr_rolling_aci,0.8,2024-09-30,18,24,2173.83
cqr_rolling_aci,0.8,2024-10-01,4,24,1763.36
cqr_rolling_aci,0.8,2024-10-02,24,24,1607.08
cqr_rolling_aci,0.8,2024-10-03,23,24,1824.81
cqr_rolling_aci,0.8,2024-10-04,18,24,1764.9
cqr_rolling_aci,0.8,2024-10-05,20,24,2045.94
cqr_rolling_aci,0.8,2024-10-06,16,24,2773.39
cqr_rolling_aci,0.8,2024-10-07,15,24,1989.26
cqr_rolling_aci,0.8,2024-10-08,24,24,1838.2
cqr_rolling_aci,0.8,2024-10-09,24,24,2184.67
cqr_rolling_aci,0.8,2024-10-10,24,24,2071.25
cqr_rolling_aci,0.8,2024-10-11,19,24,2240.83
cqr_rolling_aci,0.8,2024-10-12,21,24,2403.61
cqr_rolling_aci,0.8,2024-10-13,20,24,2428.43
cqr_rolling_aci,0.8,2024-10-14,24,24,2063.75
cqr_rolling_aci,0.8,2024-10-15,17,24,1572.11
cqr_rolling_aci,0.8,2024-10-16,12,24,1698.97
cqr_rolling_aci,0.8,2024-10-17,22,24,1640.03
cqr_rolling_aci,0.8,2024-10-18,24,24,2276.63
cqr_rolling_aci,0.8,2024-10-19,23,24,2373.03
cqr_rolling_aci,0.8,2024-10-20,20,24,2402.62
cqr_rolling_aci,0.8,2024-10-21,18,24,2345.14
cqr_rolling_aci,0.8,2024-10-22,20,24,1633.4
cqr_rolling_aci,0.8,2024-10-23,5,24,1717.28
cqr_rolling_aci,0.8,2024-10-24,21,24,1740.9
cqr_rolling_aci,0.8,2024-10-25,14,24,2121.71
cqr_rolling_aci,0.8,2024-10-26,23,24,1918.64
cqr_rolling_aci,0.8,2024-10-27,21,24,2758.9
cqr_rolling_aci,0.8,2024-10-28,19,24,2403.72
cqr_rolling_aci,0.8,2024-10-29,16,24,2352.89
cqr_rolling_aci,0.8,2024-10-30,20,24,2328.02
cqr_rolling_aci,0.8,2024-10-31,18,24,2319.69
cqr_rolling_aci,0.8,2024-11-01,17,24,4016.1
cqr_rolling_aci,0.8,2024-11-02,19,24,3547.34
cqr_rolling_aci,0.8,2024-11-03,10,24,2644.47
cqr_rolling_aci,0.8,2024-11-04,9,24,2517.59
cqr_rolling_aci,0.8,2024-11-05,23,24,2550.3
cqr_rolling_aci,0.8,2024-11-06,24,24,2689.96
cqr_rolling_aci,0.8,2024-11-07,19,24,2817.21
cqr_rolling_aci,0.8,2024-11-08,5,24,3339.41
cqr_rolling_aci,0.8,2024-11-09,20,24,3622.44
cqr_rolling_aci,0.8,2024-11-10,9,24,2819.07
cqr_rolling_aci,0.8,2024-11-11,17,24,3646.95
cqr_rolling_aci,0.8,2024-11-12,24,24,4326.01
cqr_rolling_aci,0.8,2024-11-13,24,24,3780.43
cqr_rolling_aci,0.8,2024-11-14,18,24,3244.99
cqr_rolling_aci,0.8,2024-11-15,19,24,3795.51
cqr_rolling_aci,0.8,2024-11-16,24,24,3366.62
cqr_rolling_aci,0.8,2024-11-17,24,24,3010.2
cqr_rolling_aci,0.8,2024-11-18,24,24,4340.29
cqr_rolling_aci,0.8,2024-11-19,9,24,2709.44
cqr_rolling_aci,0.8,2024-11-20,7,24,3208.19
cqr_rolling_aci,0.8,2024-11-21,14,24,3264.71
cqr_rolling_aci,0.8,2024-11-22,21,24,3843.62
cqr_rolling_aci,0.8,2024-11-23,19,24,4094.81
cqr_rolling_aci,0.8,2024-11-24,5,24,4111.5
cqr_rolling_aci,0.8,2024-11-25,0,24,3180.91
cqr_rolling_aci,0.8,2024-11-26,19,24,3799.55
cqr_rolling_aci,0.8,2024-11-27,17,24,3722.22
cqr_rolling_aci,0.8,2024-11-28,2,24,4023.96
cqr_rolling_aci,0.8,2024-11-29,24,24,4528.98
cqr_rolling_aci,0.8,2024-11-30,8,24,4027.47
cqr_rolling_aci,0.8,2024-12-01,22,24,5333.7
cqr_rolling_aci,0.8,2024-12-02,24,24,3434.56
cqr_rolling_aci,0.8,2024-12-03,24,24,4400.47
cqr_rolling_aci,0.8,2024-12-04,24,24,4381.25
cqr_rolling_aci,0.8,2024-12-05,13,24,4425.22
cqr_rolling_aci,0.8,2024-12-06,19,24,5153.74
cqr_rolling_aci,0.8,2024-12-07,14,24,3869.81
cqr_rolling_aci,0.8,2024-12-08,12,24,4206.75
cqr_rolling_aci,0.8,2024-12-09,19,24,4965.12
cqr_rolling_aci,0.8,2024-12-10,24,24,4143.35
cqr_rolling_aci,0.8,2024-12-11,22,24,4666.46
cqr_rolling_aci,0.8,2024-12-12,24,24,4718.82
cqr_rolling_aci,0.8,2024-12-13,13,24,3819.33
cqr_rolling_aci,0.8,2024-12-14,23,24,3979.54
cqr_rolling_aci,0.8,2024-12-15,3,24,3852.86
cqr_rolling_aci,0.8,2024-12-16,18,24,4080.4
cqr_rolling_aci,0.8,2024-12-17,14,24,4120.62
cqr_rolling_aci,0.8,2024-12-18,12,24,4660.61
cqr_rolling_aci,0.8,2024-12-19,10,24,4515.94
cqr_rolling_aci,0.8,2024-12-20,20,24,5484.75
cqr_rolling_aci,0.8,2024-12-21,24,24,5010.73
cqr_rolling_aci,0.8,2024-12-22,19,24,4963.08
cqr_rolling_aci,0.8,2024-12-23,19,24,6317.8
cqr_rolling_aci,0.8,2024-12-24,8,24,6095.21
cqr_rolling_aci,0.8,2024-12-25,24,24,9226.72
cqr_rolling_aci,0.8,2024-12-26,19,24,6995.52
cqr_rolling_aci,0.8,2024-12-27,24,24,6693.03
cqr_rolling_aci,0.8,2024-12-28,10,24,6370.97
cqr_rolling_aci,0.8,2024-12-29,23,24,6048.31
cqr_rolling_aci,0.8,2024-12-30,21,24,6232.39
cqr_rolling_aci,0.8,2024-12-31,18,24,5732.12
cqr_rolling_aci,0.8,2025-01-01,19,24,7737.02
cqr_rolling_aci,0.8,2025-01-02,21,24,6006.88
cqr_rolling_aci,0.8,2025-01-03,24,24,6232.83
cqr_rolling_aci,0.8,2025-01-04,20,24,5318.83
cqr_rolling_aci,0.8,2025-01-05,24,24,7240.85
cqr_rolling_aci,0.8,2025-01-06,24,24,6078.69
cqr_rolling_aci,0.8,2025-01-07,21,24,6671.21
cqr_rolling_aci,0.8,2025-01-08,23,24,9535.89
cqr_rolling_aci,0.8,2025-01-09,24,24,5766.16
cqr_rolling_aci,0.8,2025-01-10,22,24,5688.8
cqr_rolling_aci,0.8,2025-01-11,15,24,4916.1
cqr_rolling_aci,0.8,2025-01-12,4,24,6619.52
cqr_rolling_aci,0.8,2025-01-13,7,24,5290.94
cqr_rolling_aci,0.8,2025-01-14,12,24,5581.03
cqr_rolling_aci,0.8,2025-01-15,16,24,6710.13
cqr_rolling_aci,0.8,2025-01-16,24,24,6335.47
cqr_rolling_aci,0.8,2025-01-17,24,24,6741.58
cqr_rolling_aci,0.8,2025-01-18,13,24,6013.08
cqr_rolling_aci,0.8,2025-01-19,24,24,6406.39
cqr_rolling_aci,0.8,2025-01-20,22,24,8073.62
cqr_rolling_aci,0.8,2025-01-21,24,24,8273.48
cqr_rolling_aci,0.8,2025-01-22,22,24,7241.88
cqr_rolling_aci,0.8,2025-01-23,24,24,7387.83
cqr_rolling_aci,0.8,2025-01-24,24,24,7541.71
cqr_rolling_aci,0.8,2025-01-25,14,24,6446.6
cqr_rolling_aci,0.8,2025-01-26,24,24,7742.33
cqr_rolling_aci,0.8,2025-01-27,24,24,6223.98
cqr_rolling_aci,0.8,2025-01-28,24,24,6631.37
cqr_rolling_aci,0.8,2025-01-29,24,24,5482.88
cqr_rolling_aci,0.8,2025-01-30,24,24,6345.93
cqr_rolling_aci,0.8,2025-01-31,24,24,6045.44
cqr_rolling_aci,0.8,2025-02-01,24,24,6658.78
cqr_rolling_aci,0.8,2025-02-02,22,24,6030.54
cqr_rolling_aci,0.8,2025-02-03,23,24,6320.25
cqr_rolling_aci,0.8,2025-02-04,24,24,5748.37
cqr_rolling_aci,0.8,2025-02-05,24,24,6364.25
cqr_rolling_aci,0.8,2025-02-06,24,24,6512.61
cqr_rolling_aci,0.8,2025-02-07,24,24,6819.25
cqr_rolling_aci,0.8,2025-02-08,24,24,5399.33
cqr_rolling_aci,0.8,2025-02-09,24,24,6763.15
cqr_rolling_aci,0.8,2025-02-10,23,24,7130.33
cqr_rolling_aci,0.8,2025-02-11,24,24,7253.98
cqr_rolling_aci,0.8,2025-02-12,24,24,5864.4
cqr_rolling_aci,0.8,2025-02-13,24,24,5762.09
cqr_rolling_aci,0.8,2025-02-14,18,24,6038.9
cqr_rolling_aci,0.8,2025-02-15,24,24,6335.59
cqr_rolling_aci,0.8,2025-02-16,24,24,5232.65
cqr_rolling_aci,0.8,2025-02-17,20,24,6249.77
cqr_rolling_aci,0.8,2025-02-18,17,24,5911.89
cqr_rolling_aci,0.8,2025-02-19,24,24,5823.23
cqr_rolling_aci,0.8,2025-02-20,24,24,5777.41
cqr_rolling_aci,0.8,2025-02-21,24,24,4799.29
cqr_rolling_aci,0.8,2025-02-22,24,24,5557.13
cqr_rolling_aci,0.8,2025-02-23,11,24,4748.68
cqr_rolling_aci,0.8,2025-02-24,24,24,5938.16
cqr_rolling_aci,0.8,2025-02-25,22,24,5767.28
cqr_rolling_aci,0.8,2025-02-26,17,24,5067.31
cqr_rolling_aci,0.8,2025-02-27,24,24,6508.1
cqr_rolling_aci,0.8,2025-02-28,24,24,5743.04
cqr_rolling_aci,0.8,2025-03-01,23,24,4030.14
cqr_rolling_aci,0.8,2025-03-02,22,24,5095.79
cqr_rolling_aci,0.8,2025-03-03,15,24,5168.79
cqr_rolling_aci,0.8,2025-03-04,12,24,5849.25
cqr_rolling_aci,0.8,2025-03-05,15,24,5822.47
cqr_rolling_aci,0.8,2025-03-06,24,24,5583.28
cqr_rolling_aci,0.8,2025-03-07,24,24,4806.76
cqr_rolling_aci,0.8,2025-03-08,24,24,4687.05
cqr_rolling_aci,0.8,2025-03-09,14,24,3994.56
cqr_rolling_aci,0.8,2025-03-10,13,24,7180.23
cqr_rolling_aci,0.8,2025-03-11,21,24,5204.37
cqr_rolling_aci,0.8,2025-03-12,18,24,6716.45
cqr_rolling_aci,0.8,2025-03-13,15,24,6247.71
cqr_rolling_aci,0.8,2025-03-14,16,24,6133.37
cqr_rolling_aci,0.8,2025-03-15,22,24,4474.5
cqr_rolling_aci,0.8,2025-03-16,24,24,4404.36
cqr_rolling_aci,0.8,2025-03-17,22,24,5235.3
cqr_rolling_aci,0.8,2025-03-18,21,24,5676.38
cqr_rolling_aci,0.8,2025-03-19,21,24,6884.76
cqr_rolling_aci,0.8,2025-03-20,22,24,5498.15
cqr_rolling_aci,0.8,2025-03-21,24,24,5044.67
cqr_rolling_aci,0.8,2025-03-22,24,24,4668.65
cqr_rolling_aci,0.8,2025-03-23,23,24,5558.07
cqr_rolling_aci,0.8,2025-03-24,23,24,7093.45
cqr_rolling_aci,0.8,2025-03-25,20,24,5709.88
cqr_rolling_aci,0.8,2025-03-26,20,24,5259
cqr_rolling_aci,0.8,2025-03-27,15,24,4793.74
cqr_rolling_aci,0.8,2025-03-28,24,24,4750.1
cqr_rolling_aci,0.8,2025-03-29,21,24,3670.1
cqr_rolling_aci,0.8,2025-03-30,19,23,4916.19
cqr_rolling_aci,0.8,2025-03-31,8,24,5146.41
cqr_rolling_aci,0.8,2025-04-01,11,24,3939.99
cqr_rolling_aci,0.8,2025-04-02,24,24,3923.78
cqr_rolling_aci,0.8,2025-04-03,24,24,4636.09
cqr_rolling_aci,0.8,2025-04-04,19,24,4000.3
cqr_rolling_aci,0.8,2025-04-05,18,24,3238.56
cqr_rolling_aci,0.8,2025-04-06,19,24,4409.77
cqr_rolling_aci,0.8,2025-04-07,24,24,4663.1
cqr_rolling_aci,0.8,2025-04-08,24,24,4155.36
cqr_rolling_aci,0.8,2025-04-09,21,24,3413.72
cqr_rolling_aci,0.8,2025-04-10,24,24,3693.82
cqr_rolling_aci,0.8,2025-04-11,24,24,3353.19
cqr_rolling_aci,0.8,2025-04-12,19,24,3427.96
cqr_rolling_aci,0.8,2025-04-13,11,24,3492.68
cqr_rolling_aci,0.8,2025-04-14,16,24,4145.39
cqr_rolling_aci,0.8,2025-04-15,14,24,3533.91
cqr_rolling_aci,0.8,2025-04-16,8,24,3258.74
cqr_rolling_aci,0.8,2025-04-17,5,24,3451.16
cqr_rolling_aci,0.8,2025-04-18,23,24,3854.34
cqr_rolling_aci,0.8,2025-04-19,24,24,3854.7
cqr_rolling_aci,0.8,2025-04-20,18,24,3591.62
cqr_rolling_aci,0.8,2025-04-21,22,24,3697.29
cqr_rolling_aci,0.8,2025-04-22,22,24,4145.44
cqr_rolling_aci,0.8,2025-04-23,24,24,3951.55
cqr_rolling_aci,0.8,2025-04-24,24,24,3140.68
cqr_rolling_aci,0.8,2025-04-25,24,24,3311.03
cqr_rolling_aci,0.8,2025-04-26,24,24,3488.92
cqr_rolling_aci,0.8,2025-04-27,24,24,3477.79
cqr_rolling_aci,0.8,2025-04-28,24,24,3497.37
cqr_rolling_aci,0.8,2025-04-29,14,24,3404.2
cqr_rolling_aci,0.8,2025-04-30,20,24,2760.46
cqr_rolling_aci,0.8,2025-05-01,3,24,4282.76
cqr_rolling_aci,0.8,2025-05-02,15,24,5719.27
cqr_rolling_aci,0.8,2025-05-03,22,24,5589.58
cqr_rolling_aci,0.8,2025-05-04,22,24,3509.52
cqr_rolling_aci,0.8,2025-05-05,23,24,4656.98
cqr_rolling_aci,0.8,2025-05-06,20,24,2662.42
cqr_rolling_aci,0.8,2025-05-07,23,24,2360.46
cqr_rolling_aci,0.8,2025-05-08,16,24,3753.14
cqr_rolling_aci,0.8,2025-05-09,22,24,3825.61
cqr_rolling_aci,0.8,2025-05-10,18,24,3065.77
cqr_rolling_aci,0.8,2025-05-11,24,24,3156.94
cqr_rolling_aci,0.8,2025-05-12,24,24,4274.01
cqr_rolling_aci,0.8,2025-05-13,24,24,3952.8
cqr_rolling_aci,0.8,2025-05-14,24,24,2788.85
cqr_rolling_aci,0.8,2025-05-15,14,24,4576.56
cqr_rolling_aci,0.8,2025-05-16,22,24,3147.99
cqr_rolling_aci,0.8,2025-05-17,24,24,3042.53
cqr_rolling_aci,0.8,2025-05-18,22,24,2625.07
cqr_rolling_aci,0.8,2025-05-19,24,24,2779.01
cqr_rolling_aci,0.8,2025-05-20,24,24,2300.99
cqr_rolling_aci,0.8,2025-05-21,11,24,1897.18
cqr_rolling_aci,0.8,2025-05-22,18,24,2198.24
cqr_rolling_aci,0.8,2025-05-23,24,24,2700.3
cqr_rolling_aci,0.8,2025-05-24,24,24,2826.77
cqr_rolling_aci,0.8,2025-05-25,24,24,2718.2
cqr_rolling_aci,0.8,2025-05-26,24,24,2255.23
cqr_rolling_aci,0.8,2025-05-27,22,24,1967.88
cqr_rolling_aci,0.8,2025-05-28,15,24,2289.74
cqr_rolling_aci,0.8,2025-05-29,24,24,3891.89
cqr_rolling_aci,0.8,2025-05-30,24,24,3576.71
cqr_rolling_aci,0.8,2025-05-31,24,24,2883.42
cqr_rolling_aci,0.8,2025-06-01,23,24,2309.44
cqr_rolling_aci,0.8,2025-06-02,24,24,2365.05
cqr_rolling_aci,0.8,2025-06-03,24,24,2299.85
cqr_rolling_aci,0.8,2025-06-04,24,24,2009.66
cqr_rolling_aci,0.8,2025-06-05,16,24,1891.3
cqr_rolling_aci,0.8,2025-06-06,21,24,1815.46
cqr_rolling_aci,0.8,2025-06-07,17,24,1749.31
cqr_rolling_aci,0.8,2025-06-08,21,24,1833.12
cqr_rolling_aci,0.8,2025-06-09,23,24,2616.01
cqr_rolling_aci,0.8,2025-06-10,24,24,1958.02
cqr_rolling_aci,0.8,2025-06-11,21,24,1698.28
cqr_rolling_aci,0.8,2025-06-12,22,24,1554.94
cqr_rolling_aci,0.8,2025-06-13,23,24,1585.14
cqr_rolling_aci,0.8,2025-06-14,13,24,1259.74
cqr_rolling_aci,0.8,2025-06-15,20,24,1403.36
cqr_rolling_aci,0.8,2025-06-16,23,24,1415.98
cqr_rolling_aci,0.8,2025-06-17,22,24,1687.28
cqr_rolling_aci,0.8,2025-06-18,21,24,1346.41
cqr_rolling_aci,0.8,2025-06-19,12,24,1116.54
cqr_rolling_aci,0.8,2025-06-20,18,24,1060.18
cqr_rolling_aci,0.8,2025-06-21,21,24,1191.78
cqr_rolling_aci,0.8,2025-06-22,19,24,1250
cqr_rolling_aci,0.8,2025-06-23,15,24,1148.02
cqr_rolling_aci,0.8,2025-06-24,11,24,1077.47
cqr_rolling_aci,0.8,2025-06-25,20,24,1207.46
cqr_rolling_aci,0.8,2025-06-26,20,24,1251.18
cqr_rolling_aci,0.8,2025-06-27,16,24,1244.37
cqr_rolling_aci,0.8,2025-06-28,19,24,1835.94
cqr_rolling_aci,0.8,2025-06-29,17,24,1643.21
cqr_rolling_aci,0.8,2025-06-30,8,24,1901.08
cqr_rolling_aci,0.8,2025-07-01,13,24,1564.62
cqr_rolling_aci,0.8,2025-07-02,17,24,1810.77
cqr_rolling_aci,0.8,2025-07-03,8,24,1472.17
cqr_rolling_aci,0.8,2025-07-04,17,24,1396.42
cqr_rolling_aci,0.8,2025-07-05,15,24,1334.16
cqr_rolling_aci,0.8,2025-07-06,18,24,2641.95
cqr_rolling_aci,0.8,2025-07-07,1,24,2163.39
cqr_rolling_aci,0.8,2025-07-08,5,24,1953.32
cqr_rolling_aci,0.8,2025-07-09,23,24,2074.26
cqr_rolling_aci,0.8,2025-07-10,22,24,2262.36
cqr_rolling_aci,0.8,2025-07-11,24,24,2132.41
cqr_rolling_aci,0.8,2025-07-12,13,24,1709.33
cqr_rolling_aci,0.8,2025-07-13,22,24,2160.1
cqr_rolling_aci,0.8,2025-07-14,20,24,3556.38
cqr_rolling_aci,0.8,2025-07-15,18,24,2145.5
cqr_rolling_aci,0.8,2025-07-16,11,24,1474.01
cqr_rolling_aci,0.8,2025-07-17,20,24,1446.45
cqr_rolling_aci,0.8,2025-07-18,17,24,1208.58
cqr_rolling_aci,0.8,2025-07-19,17,24,1390.83
cqr_rolling_aci,0.8,2025-07-20,24,24,1885.18
cqr_rolling_aci,0.8,2025-07-21,24,24,2318.97
cqr_rolling_aci,0.8,2025-07-22,8,24,1613.83
cqr_rolling_aci,0.8,2025-07-23,6,24,1437.62
cqr_rolling_aci,0.8,2025-07-24,23,24,1687.19
cqr_rolling_aci,0.8,2025-07-25,23,24,1727.21
cqr_rolling_aci,0.8,2025-07-26,19,24,1686.37
cqr_rolling_aci,0.8,2025-07-27,21,24,1942.73
cqr_rolling_aci,0.8,2025-07-28,24,24,1682.18
cqr_rolling_aci,0.8,2025-07-29,23,24,1842.33
cqr_rolling_aci,0.8,2025-07-30,19,24,1585.7
cqr_rolling_aci,0.8,2025-07-31,22,24,1628.74
cqr_rolling_aci,0.8,2025-08-01,23,24,1558.56
cqr_rolling_aci,0.8,2025-08-02,24,24,1405.7
cqr_rolling_aci,0.8,2025-08-03,20,24,1725.58
cqr_rolling_aci,0.8,2025-08-04,18,24,2325.85
cqr_rolling_aci,0.8,2025-08-05,19,24,1653.74
cqr_rolling_aci,0.8,2025-08-06,7,24,1317
cqr_rolling_aci,0.8,2025-08-07,9,24,1518.94
cqr_rolling_aci,0.8,2025-08-08,23,24,2219.74
cqr_rolling_aci,0.8,2025-08-09,13,24,1981.34
cqr_rolling_aci,0.8,2025-08-10,16,24,2031.43
cqr_rolling_aci,0.8,2025-08-11,24,24,2094.83
cqr_rolling_aci,0.8,2025-08-12,15,24,1639.37
cqr_rolling_aci,0.8,2025-08-13,23,24,1883.28
cqr_rolling_aci,0.8,2025-08-14,21,24,1893.02
cqr_rolling_aci,0.8,2025-08-15,23,24,3582.93
cqr_rolling_aci,0.8,2025-08-16,14,24,1696.57
cqr_rolling_aci,0.8,2025-08-17,17,24,1631.54
cqr_rolling_aci,0.8,2025-08-18,15,24,1605.08
cqr_rolling_aci,0.8,2025-08-19,10,24,1543.2
cqr_rolling_aci,0.8,2025-08-20,19,24,2036.51
cqr_rolling_aci,0.8,2025-08-21,23,24,2144.4
cqr_rolling_aci,0.8,2025-08-22,12,24,2289.61
cqr_rolling_aci,0.8,2025-08-23,8,24,1865.25
cqr_rolling_aci,0.8,2025-08-24,23,24,2206.93
cqr_rolling_aci,0.8,2025-08-25,22,24,2630.44
cqr_rolling_aci,0.8,2025-08-26,24,24,2355.52
cqr_rolling_aci,0.8,2025-08-27,12,24,1886.73
cqr_rolling_aci,0.8,2025-08-28,17,24,1826.61
cqr_rolling_aci,0.8,2025-08-29,23,24,2175.71
cqr_rolling_aci,0.8,2025-08-30,22,24,1721.68
cqr_rolling_aci,0.8,2025-08-31,22,24,1766.72
cqr_rolling_aci,0.8,2025-09-01,18,24,1767.68
cqr_rolling_aci,0.8,2025-09-02,23,24,2368.12
cqr_rolling_aci,0.8,2025-09-03,11,24,1969.46
cqr_rolling_aci,0.8,2025-09-04,24,24,1923.33
cqr_rolling_aci,0.8,2025-09-05,22,24,1880.19
cqr_rolling_aci,0.8,2025-09-06,21,24,1708.62
cqr_rolling_aci,0.8,2025-09-07,23,24,1698.18
cqr_rolling_aci,0.8,2025-09-08,22,24,1672.85
cqr_rolling_aci,0.8,2025-09-09,21,24,1840.7
cqr_rolling_aci,0.8,2025-09-10,11,24,1667.78
cqr_rolling_aci,0.8,2025-09-11,18,24,1939.25
cqr_rolling_aci,0.8,2025-09-12,19,24,1725.79
cqr_rolling_aci,0.8,2025-09-13,23,24,2096.35
cqr_rolling_aci,0.8,2025-09-14,18,24,1845.98
cqr_rolling_aci,0.8,2025-09-15,10,24,1810.02
cqr_rolling_aci,0.8,2025-09-16,24,24,2000.28
cqr_rolling_aci,0.8,2025-09-17,24,24,1847.37
cqr_rolling_aci,0.8,2025-09-18,6,24,1673.31
cqr_rolling_aci,0.8,2025-09-19,24,24,1529.65
cqr_rolling_aci,0.8,2025-09-20,19,24,1970.52
cqr_rolling_aci,0.8,2025-09-21,21,24,2142.86
cqr_rolling_aci,0.8,2025-09-22,12,24,2449.54
cqr_rolling_aci,0.8,2025-09-23,16,24,2694
cqr_rolling_aci,0.8,2025-09-24,23,24,2474.63
cqr_rolling_aci,0.8,2025-09-25,22,24,2216.95
cqr_rolling_aci,0.8,2025-09-26,9,24,2697.24
cqr_rolling_aci,0.8,2025-09-27,9,24,1738.29
cqr_rolling_aci,0.8,2025-09-28,24,24,2505.97
cqr_rolling_aci,0.8,2025-09-29,22,24,2648.23
cqr_rolling_aci,0.8,2025-09-30,20,24,2572.05
cqr_rolling_aci,0.8,2025-10-01,23,24,2399.38
cqr_rolling_aci,0.8,2025-10-02,23,24,2320.46
cqr_rolling_aci,0.8,2025-10-03,24,24,2535.76
cqr_rolling_aci,0.8,2025-10-04,19,24,1986.75
cqr_rolling_aci,0.8,2025-10-05,23,24,2506.44
cqr_rolling_aci,0.8,2025-10-06,22,24,2355.01
cqr_rolling_aci,0.8,2025-10-07,24,24,2028.19
cqr_rolling_aci,0.8,2025-10-08,24,24,2098.36
cqr_rolling_aci,0.8,2025-10-09,20,24,1936.67
cqr_rolling_aci,0.8,2025-10-10,21,24,1878.9
cqr_rolling_aci,0.8,2025-10-11,19,24,1846.27
cqr_rolling_aci,0.8,2025-10-12,21,24,1891.31
cqr_rolling_aci,0.8,2025-10-13,24,24,2469.76
cqr_rolling_aci,0.8,2025-10-14,18,24,2056.43
cqr_rolling_aci,0.8,2025-10-15,13,24,2077.99
cqr_rolling_aci,0.8,2025-10-16,12,24,1650.19
cqr_rolling_aci,0.8,2025-10-17,22,24,2038.02
cqr_rolling_aci,0.8,2025-10-18,21,24,2125.14
cqr_rolling_aci,0.8,2025-10-19,20,24,2449.32
cqr_rolling_aci,0.8,2025-10-20,20,24,2671.25
cqr_rolling_aci,0.8,2025-10-21,21,24,2193.08
cqr_rolling_aci,0.8,2025-10-22,20,24,2245.52
cqr_rolling_aci,0.8,2025-10-23,11,24,2196.52
cqr_rolling_aci,0.8,2025-10-24,18,24,2456.95
cqr_rolling_aci,0.8,2025-10-25,16,24,1758.65
cqr_rolling_aci,0.8,2025-10-26,11,24,2380
cqr_rolling_aci,0.8,2025-10-27,20,24,3009.61
cqr_rolling_aci,0.8,2025-10-28,11,24,2336.86
cqr_rolling_aci,0.8,2025-10-29,24,24,2331.33
cqr_rolling_aci,0.8,2025-10-30,19,24,2778.07
cqr_rolling_aci,0.8,2025-10-31,22,24,2944.07
cqr_rolling_aci,0.8,2025-11-01,23,24,3814.43
cqr_rolling_aci,0.8,2025-11-02,21,24,3571.6
cqr_rolling_aci,0.8,2025-11-03,23,24,3164.83
cqr_rolling_aci,0.8,2025-11-04,17,24,2404.05
cqr_rolling_aci,0.8,2025-11-05,18,24,2593.09
cqr_rolling_aci,0.8,2025-11-06,24,24,2836.13
cqr_rolling_aci,0.8,2025-11-07,24,24,3082.55
cqr_rolling_aci,0.8,2025-11-08,20,24,2852.76
cqr_rolling_aci,0.8,2025-11-09,23,24,2481.36
cqr_rolling_aci,0.8,2025-11-10,24,24,4855.56
cqr_rolling_aci,0.8,2025-11-11,18,24,3659.84
cqr_rolling_aci,0.8,2025-11-12,24,24,2260.08
cqr_rolling_aci,0.8,2025-11-13,19,24,2508.08
cqr_rolling_aci,0.8,2025-11-14,21,24,2481.33
cqr_rolling_aci,0.8,2025-11-15,24,24,3160.38
cqr_rolling_aci,0.8,2025-11-16,19,24,3090.53
cqr_rolling_aci,0.8,2025-11-17,22,24,5187.52
cqr_rolling_aci,0.8,2025-11-18,14,24,4770.8
cqr_rolling_aci,0.8,2025-11-19,8,24,4760.66
cqr_rolling_aci,0.8,2025-11-20,22,24,4596.23
cqr_rolling_aci,0.8,2025-11-21,15,24,4845.12
cqr_rolling_aci,0.8,2025-11-22,6,24,4486.91
cqr_rolling_aci,0.8,2025-11-23,20,24,4091.91
cqr_rolling_aci,0.8,2025-11-24,0,24,4965.79
cqr_rolling_aci,0.8,2025-11-25,10,24,4465.76
cqr_rolling_aci,0.8,2025-11-26,23,24,3966.22
cqr_rolling_aci,0.8,2025-11-27,22,24,3935.78
cqr_rolling_aci,0.8,2025-11-28,17,24,4359.99
cqr_rolling_aci,0.8,2025-11-29,6,24,3973.05
cqr_rolling_aci,0.8,2025-11-30,8,24,3315.59
cqr_rolling_aci,0.8,2025-12-01,4,24,5582.17
cqr_rolling_aci,0.8,2025-12-02,14,24,3619.37
cqr_rolling_aci,0.8,2025-12-03,4,24,3962.66
cqr_rolling_aci,0.8,2025-12-04,14,24,3789.09
cqr_rolling_aci,0.8,2025-12-05,23,24,4515.6
cqr_rolling_aci,0.8,2025-12-06,23,24,3706.42
cqr_rolling_aci,0.8,2025-12-07,22,24,3946.24
cqr_rolling_aci,0.8,2025-12-08,3,24,3711.55
cqr_rolling_aci,0.8,2025-12-09,24,24,4568.44
cqr_rolling_aci,0.8,2025-12-10,24,24,4579.4
cqr_rolling_aci,0.8,2025-12-11,24,24,4167.69
cqr_rolling_aci,0.8,2025-12-12,24,24,4239.2
cqr_rolling_aci,0.8,2025-12-13,24,24,4399.64
cqr_rolling_aci,0.8,2025-12-14,10,24,4700.97
cqr_rolling_aci,0.8,2025-12-15,19,24,4242.16
cqr_rolling_aci,0.8,2025-12-16,24,24,3919.39
cqr_rolling_aci,0.8,2025-12-17,24,24,3807.24
cqr_rolling_aci,0.8,2025-12-18,23,24,4925.23
cqr_rolling_aci,0.8,2025-12-19,23,24,4346.1
cqr_rolling_aci,0.8,2025-12-20,23,24,3808.75
cqr_rolling_aci,0.8,2025-12-21,20,24,3634.04
cqr_rolling_aci,0.8,2025-12-22,20,24,4736.72
cqr_rolling_aci,0.8,2025-12-23,17,24,4482.24
cqr_rolling_aci,0.8,2025-12-24,21,24,4588.06
cqr_rolling_aci,0.8,2025-12-25,19,24,6629.72
cqr_rolling_aci,0.8,2025-12-26,17,24,5719.16
cqr_rolling_aci,0.8,2025-12-27,1,24,4543.93
cqr_rolling_aci,0.8,2025-12-28,20,24,3469.6
cqr_rolling_aci,0.8,2025-12-29,24,24,5658.93
cqr_rolling_aci,0.8,2025-12-30,24,24,5942.07
cqr_rolling_aci,0.8,2025-12-31,18,24,5588.77
cqr_rolling_aci,0.8,2026-01-01,14,24,7881.15
cqr_rolling_aci,0.8,2026-01-02,23,24,3371.44
cqr_rolling_aci,0.8,2026-01-03,24,24,4843.72
cqr_rolling_aci,0.8,2026-01-04,24,24,5198.9
cqr_rolling_aci,0.8,2026-01-05,10,24,5323.53
cqr_rolling_aci,0.8,2026-01-06,17,24,5328.05
cqr_rolling_aci,0.8,2026-01-07,22,24,5956.06
cqr_rolling_aci,0.8,2026-01-08,14,24,6734.24
cqr_rolling_aci,0.8,2026-01-09,24,24,6443.22
cqr_rolling_aci,0.8,2026-01-10,24,24,5969.65
cqr_rolling_aci,0.8,2026-01-11,24,24,6277.74
cqr_rolling_aci,0.8,2026-01-12,22,24,5993.01
cqr_rolling_aci,0.8,2026-01-13,6,24,6227.59
cqr_rolling_aci,0.8,2026-01-14,1,24,4138.87
cqr_rolling_aci,0.8,2026-01-15,24,24,4950.44
cqr_rolling_aci,0.8,2026-01-16,22,24,5026.3
cqr_rolling_aci,0.8,2026-01-17,13,24,4471.56
cqr_rolling_aci,0.8,2026-01-18,22,24,4680.26
cqr_rolling_aci,0.8,2026-01-19,22,24,5663.34
cqr_rolling_aci,0.8,2026-01-20,10,24,5709.25
cqr_rolling_aci,0.8,2026-01-21,24,24,6040.37
cqr_rolling_aci,0.8,2026-01-22,22,24,5570.64
cqr_rolling_aci,0.8,2026-01-23,24,24,5262.61
cqr_rolling_aci,0.8,2026-01-24,24,24,5133.98
cqr_rolling_aci,0.8,2026-01-25,24,24,5441.62
cqr_rolling_aci,0.8,2026-01-26,24,24,5122.62
cqr_rolling_aci,0.8,2026-01-27,22,24,4922.42
cqr_rolling_aci,0.8,2026-01-28,21,24,5238.08
cqr_rolling_aci,0.8,2026-01-29,24,24,5920.48
cqr_rolling_aci,0.8,2026-01-30,24,24,4935.28
cqr_rolling_aci,0.8,2026-01-31,21,24,4320.23
cqr_rolling_aci,0.8,2026-02-01,24,24,5332.61
cqr_rolling_aci,0.8,2026-02-02,24,24,5419.42
cqr_rolling_aci,0.8,2026-02-03,21,24,4742.18
cqr_rolling_aci,0.8,2026-02-04,22,24,4873.08
cqr_rolling_aci,0.8,2026-02-05,24,24,5870.08
cqr_rolling_aci,0.8,2026-02-06,24,24,4116.53
cqr_rolling_aci,0.8,2026-02-07,24,24,4666.59
cqr_rolling_aci,0.8,2026-02-08,24,24,4994.9
cqr_rolling_aci,0.8,2026-02-09,24,24,5378.68
cqr_rolling_aci,0.8,2026-02-10,23,24,4235.15
cqr_rolling_aci,0.8,2026-02-11,24,24,4704.49
cqr_rolling_aci,0.8,2026-02-12,24,24,4815.69
cqr_rolling_aci,0.8,2026-02-13,18,24,4784.28
cqr_rolling_aci,0.8,2026-02-14,12,24,5230.09
cqr_rolling_aci,0.8,2026-02-15,3,24,5428.38
cqr_rolling_aci,0.8,2026-02-16,24,24,5151.77
cqr_rolling_aci,0.8,2026-02-17,17,24,5651.92
cqr_rolling_aci,0.8,2026-02-18,24,24,5106.83
cqr_rolling_aci,0.8,2026-02-19,23,24,4416.92
cqr_rolling_aci,0.8,2026-02-20,24,24,4839.24
cqr_rolling_aci,0.8,2026-02-21,12,24,5056.92
cqr_rolling_aci,0.8,2026-02-22,13,24,4966.32
cqr_rolling_aci,0.8,2026-02-23,23,24,5687.27
cqr_rolling_aci,0.8,2026-02-24,24,24,4671.31
cqr_rolling_aci,0.8,2026-02-25,24,24,4699.06
cqr_rolling_aci,0.8,2026-02-26,24,24,4774.48
cqr_rolling_aci,0.8,2026-02-27,24,24,4951.36
cqr_rolling_aci,0.8,2026-02-28,24,24,5871.17
cqr_rolling_aci,0.8,2026-03-01,15,24,4247.05
cqr_rolling_aci,0.8,2026-03-02,22,24,5711.19
cqr_rolling_aci,0.8,2026-03-03,23,24,4427.31
cqr_rolling_aci,0.8,2026-03-04,24,24,4406.56
cqr_rolling_aci,0.8,2026-03-05,19,24,4283.11
cqr_rolling_aci,0.8,2026-03-06,14,24,3871.68
cqr_rolling_aci,0.8,2026-03-07,21,24,4206.42
cqr_rolling_aci,0.8,2026-03-08,15,24,3873.32
cqr_rolling_aci,0.8,2026-03-09,23,24,4005.14
cqr_rolling_aci,0.8,2026-03-10,14,24,3646.14
cqr_rolling_aci,0.8,2026-03-11,13,24,4201.38
cqr_rolling_aci,0.8,2026-03-12,16,24,3381.24
cqr_rolling_aci,0.8,2026-03-13,24,24,3749.55
cqr_rolling_aci,0.8,2026-03-14,18,24,3286.07
cqr_rolling_aci,0.8,2026-03-15,8,24,3622.08
cqr_rolling_aci,0.8,2026-03-16,22,24,3644.53
cqr_rolling_aci,0.8,2026-03-17,18,24,3855.93
cqr_rolling_aci,0.8,2026-03-18,17,24,4941.99
cqr_rolling_aci,0.8,2026-03-19,24,24,5733.19
cqr_rolling_aci,0.8,2026-03-20,23,24,5405.43
cqr_rolling_aci,0.8,2026-03-21,24,24,5075.52
cqr_rolling_aci,0.8,2026-03-22,16,24,4633.87
cqr_rolling_aci,0.8,2026-03-23,19,24,4803.31
cqr_rolling_aci,0.8,2026-03-24,24,24,4693.2
cqr_rolling_aci,0.8,2026-03-25,14,24,4836.5
cqr_rolling_aci,0.8,2026-03-26,17,24,5429.24
cqr_rolling_aci,0.8,2026-03-27,21,24,4742.51
cqr_rolling_aci,0.8,2026-03-28,22,24,4692.68
cqr_rolling_aci,0.8,2026-03-29,21,23,5728.39
cqr_rolling_aci,0.8,2026-03-30,18,24,4791.88
cqr_rolling_aci,0.8,2026-03-31,19,24,4348.79
cqr_rolling_aci,0.8,2026-04-01,23,24,4656.72
cqr_rolling_aci,0.8,2026-04-02,23,24,6110.11
cqr_rolling_aci,0.8,2026-04-03,24,24,4579.56
cqr_rolling_aci,0.8,2026-04-04,11,24,4038.27
cqr_rolling_aci,0.8,2026-04-05,2,24,3920.72
cqr_rolling_aci,0.8,2026-04-06,14,24,3858.79
cqr_rolling_aci,0.8,2026-04-07,9,24,7270.98
cqr_rolling_aci,0.8,2026-04-08,20,24,4609.14
cqr_rolling_aci,0.8,2026-04-09,24,24,5160.88
cqr_rolling_aci,0.8,2026-04-10,24,24,5236.28
cqr_rolling_aci,0.8,2026-04-11,19,24,4255.48
cqr_rolling_aci,0.8,2026-04-12,13,24,4239.1
cqr_rolling_aci,0.8,2026-04-13,19,24,7395.3
cqr_rolling_aci,0.8,2026-04-14,22,24,4394.56
cqr_rolling_aci,0.8,2026-04-15,24,24,4649.23
cqr_rolling_aci,0.8,2026-04-16,22,24,3949.23
cqr_rolling_aci,0.8,2026-04-17,24,24,4189.54
cqr_rolling_aci,0.8,2026-04-18,21,24,3342.23
cqr_rolling_aci,0.8,2026-04-19,23,24,4585.23
cqr_rolling_aci,0.8,2026-04-20,9,24,3843.71
cqr_rolling_aci,0.8,2026-04-21,20,24,3913.85
cqr_rolling_aci,0.8,2026-04-22,24,24,4001.51
cqr_rolling_aci,0.8,2026-04-23,24,24,3342.86
cqr_rolling_aci,0.8,2026-04-24,24,24,3106.51
cqr_rolling_aci,0.8,2026-04-25,24,24,3064.21
cqr_rolling_aci,0.8,2026-04-26,24,24,3344.15
cqr_rolling_aci,0.8,2026-04-27,24,24,3084.39
cqr_rolling_aci,0.8,2026-04-28,24,24,2805.4
cqr_rolling_aci,0.8,2026-04-29,22,24,2604.83
cqr_rolling_aci,0.8,2026-04-30,23,24,2610.65
cqr_rolling_aci,0.8,2026-05-01,13,24,4338.61
cqr_rolling_aci,0.8,2026-05-02,15,24,3025.56
cqr_rolling_aci,0.8,2026-05-03,6,24,3279.28
cqr_rolling_aci,0.8,2026-05-04,13,24,3273.15
cqr_rolling_aci,0.8,2026-05-05,24,24,3567.1
cqr_rolling_aci,0.8,2026-05-06,24,24,3265.94
cqr_rolling_aci,0.8,2026-05-07,24,24,2696.61
cqr_rolling_aci,0.8,2026-05-08,22,24,3742.36
cqr_rolling_aci,0.8,2026-05-09,23,24,3170.35
cqr_rolling_aci,0.8,2026-05-10,24,24,3029.1
cqr_rolling_aci,0.8,2026-05-11,24,24,3284.82
cqr_rolling_aci,0.8,2026-05-12,15,24,3280.45
cqr_rolling_aci,0.8,2026-05-13,24,24,3341.61
cqr_rolling_aci,0.8,2026-05-14,24,24,4780.57
cqr_rolling_aci,0.8,2026-05-15,24,24,6436.57
cqr_rolling_aci,0.8,2026-05-16,23,24,3181.87
cqr_rolling_aci,0.8,2026-05-17,22,24,3567.74
cqr_rolling_aci,0.8,2026-05-18,17,24,3236.89
cqr_rolling_aci,0.8,2026-05-19,24,24,2704.21
cqr_rolling_aci,0.8,2026-05-20,23,24,2802.98
cqr_rolling_aci,0.8,2026-05-21,22,24,2681.64
cqr_rolling_aci,0.8,2026-05-22,15,24,3224.4
cqr_rolling_aci,0.8,2026-05-23,13,24,3227.9
cqr_rolling_aci,0.8,2026-05-24,24,24,2442.11
cqr_rolling_aci,0.8,2026-05-25,22,24,4426.47
cqr_rolling_aci,0.8,2026-05-26,23,24,4553.02
cqr_rolling_aci,0.8,2026-05-27,11,24,3292.48
cqr_rolling_aci,0.8,2026-05-28,9,24,2579.75
cqr_rolling_aci,0.8,2026-05-29,14,24,2530.85
cqr_rolling_aci,0.8,2026-05-30,23,24,2531.67
cqr_rolling_aci,0.8,2026-05-31,22,24,3391.22
cqr_rolling_aci,0.8,2026-06-01,17,24,3507.81
cqr_rolling_aci,0.8,2026-06-02,17,24,2792.66
cqr_rolling_aci,0.8,2026-06-03,24,24,2519.88
cqr_rolling_aci,0.8,2026-06-04,13,24,2781.6
cqr_rolling_aci,0.8,2026-06-05,23,24,2532.65
cqr_rolling_aci,0.8,2026-06-06,24,24,3024.97
cqr_rolling_aci,0.8,2026-06-07,23,24,2801.23
cqr_rolling_aci,0.8,2026-06-08,24,24,2462.81
cqr_rolling_aci,0.8,2026-06-09,23,24,2322.08
cqr_rolling_aci,0.8,2026-06-10,21,24,1905.83
cqr_rolling_aci,0.8,2026-06-11,23,24,1977.07
cqr_rolling_aci,0.8,2026-06-12,6,24,1906.54
cqr_rolling_aci,0.8,2026-06-13,24,24,2118.38
cqr_rolling_aci,0.8,2026-06-14,24,24,2259.83
cqr_rolling_aci,0.8,2026-06-15,24,24,1965.27
cqr_rolling_aci,0.8,2026-06-16,24,24,1946.44
cqr_rolling_aci,0.8,2026-06-17,10,24,1498.06
cqr_rolling_aci,0.8,2026-06-18,17,24,1617.52
cqr_rolling_aci,0.8,2026-06-19,18,24,1816.5
cqr_rolling_aci,0.8,2026-06-20,23,24,2089.52
cqr_rolling_aci,0.8,2026-06-21,13,24,2441.65
cqr_rolling_aci,0.8,2026-06-22,22,24,3045.06
cqr_rolling_aci,0.8,2026-06-23,24,24,3149.79
cqr_rolling_aci,0.8,2026-06-24,23,24,2336.94
cqr_rolling_aci,0.8,2026-06-25,24,24,2552.02
cqr_rolling_aci,0.8,2026-06-26,24,24,2099.48
cqr_rolling_aci,0.8,2026-06-27,23,24,2395.12
cqr_rolling_aci,0.8,2026-06-28,2,24,2524.19
cqr_rolling_aci,0.8,2026-06-29,4,24,2737.06
cqr_rolling_aci,0.8,2026-06-30,12,24,2619.79
cqr_rolling_aci,0.8,2026-07-01,11,24,2590.17
cqr_rolling_aci,0.8,2026-07-02,11,24,3181.99
cqr_rolling_aci,0.8,2026-07-03,19,24,2853.44
cqr_rolling_aci,0.8,2026-07-04,14,24,2713.8
cqr_rolling_aci,0.8,2026-07-05,18,24,2990.46
cqr_rolling_aci,0.8,2026-07-06,21,24,3038.69
cqr_rolling_aci,0.8,2026-07-07,21,24,2595.34
cqr_rolling_aci,0.8,2026-07-08,18,24,2528.49
cqr_rolling_aci,0.8,2026-07-09,15,24,2201.62
cqr_rolling_aci,0.8,2026-07-10,22,24,2428.97
cqr_rolling_aci,0.8,2026-07-11,24,24,2222.09
cqr_rolling_aci,0.8,2026-07-12,23,24,2882.58
cqr_rolling_aci,0.8,2026-07-13,17,24,3317.65
cqr_rolling_aci,0.8,2026-07-14,20,24,5900.56
cqr_rolling_aci,0.8,2026-07-15,19,24,2717.55
cqr_rolling_aci,0.8,2026-07-16,23,24,2577.92
cqr_rolling_aci,0.8,2026-07-17,20,24,2364.4
cqr_rolling_aci,0.8,2026-07-18,18,24,2069.25
cqr_rolling_aci,0.8,2026-07-19,21,24,2202.02
cqr_rolling_aci,0.8,2026-07-20,22,24,2295.1
cqr_rolling_aci,0.8,2026-07-21,17,24,2513.73
cqr_rolling_aci,0.8,2026-07-22,5,24,2609.88
cqr_rolling_aci,0.8,2026-07-23,24,24,2350.81
cqr_rolling_aci,0.8,2026-07-24,23,24,2344.72
cqr_rolling_aci,0.8,2026-07-25,13,24,2171.18
cqr_rolling_aci,0.8,2026-07-26,18,24,2485.65
cqr_rolling_aci,0.8,2026-07-27,20,24,2300.82
cqr_rolling_aci,0.8,2026-07-28,23,24,2181.78
cqr_rolling_aci,0.8,2026-07-29,9,24,2340.24
cqr_rolling_aci,0.8,2026-07-30,15,24,2253.21
cqr_rolling_aci,0.8,2026-07-31,18,24,2504.67
cqr_rolling_aci,0.8,2026-08-01,16,24,2211.67
cqr_rolling_aci,0.8,2026-08-02,18,24,2533.5
cqr_rolling_aci,0.8,2026-08-03,24,24,3224.11
cqr_rolling_aci,0.8,2026-08-04,22,24,2454.25
cqr_rolling_aci,0.8,2026-08-05,22,24,2661.99
cqr_rolling_aci,0.8,2026-08-06,23,24,2147.19
cqr_rolling_aci,0.8,2026-08-07,22,24,2066.49
cqr_rolling_aci,0.8,2026-08-08,17,24,2044.6
cqr_rolling_aci,0.8,2026-08-09,21,24,2578.51
cqr_rolling_aci,0.8,2026-08-10,24,24,2704.54
cqr_rolling_aci,0.8,2026-08-11,23,24,2247.8
cqr_rolling_aci,0.8,2026-08-12,23,24,2636.42
cqr_rolling_aci,0.8,2026-08-13,17,24,2784.09
cqr_rolling_aci,0.8,2026-08-14,12,24,2287.79
cqr_rolling_aci,0.8,2026-08-15,17,24,3278.54
cqr_rolling_aci,0.8,2026-08-16,24,24,2631.29
cqr_rolling_aci,0.8,2026-08-17,23,24,2379.05
cqr_rolling_aci,0.8,2026-08-18,23,24,2174.06
cqr_rolling_aci,0.8,2026-08-19,17,24,2341.51
cqr_rolling_aci,0.8,2026-08-20,14,24,2226.51
cqr_rolling_aci,0.8,2026-08-21,14,24,2824.56
cqr_rolling_aci,0.8,2026-08-22,12,24,2568.57
cqr_rolling_aci,0.8,2026-08-23,17,24,2451.76
cqr_rolling_aci,0.8,2026-08-24,14,24,3037.16
cqr_rolling_aci,0.8,2026-08-25,23,24,2912.82
cqr_rolling_aci,0.8,2026-08-26,24,24,2640.66
cqr_rolling_aci,0.8,2026-08-27,14,24,2405.05
cqr_rolling_aci,0.8,2026-08-28,10,24,2612.91
cqr_rolling_aci,0.8,2026-08-29,17,24,1990.31
cqr_rolling_aci,0.8,2026-08-30,20,24,2308.49
cqr_rolling_aci,0.8,2026-08-31,20,24,2645.69
cqr_rolling_aci,0.95,2022-04-01,10,24,9706.35
cqr_rolling_aci,0.95,2022-04-02,22,24,10424.6
cqr_rolling_aci,0.95,2022-04-03,24,24,13425.9
cqr_rolling_aci,0.95,2022-04-04,24,24,12443.7
cqr_rolling_aci,0.95,2022-04-05,24,24,11377.1
cqr_rolling_aci,0.95,2022-04-06,24,24,10614.5
cqr_rolling_aci,0.95,2022-04-07,24,24,10587.2
cqr_rolling_aci,0.95,2022-04-08,23,24,11208.9
cqr_rolling_aci,0.95,2022-04-09,24,24,10130.7
cqr_rolling_aci,0.95,2022-04-10,24,24,10683.6
cqr_rolling_aci,0.95,2022-04-11,24,24,9418.67
cqr_rolling_aci,0.95,2022-04-12,24,24,9647.43
cqr_rolling_aci,0.95,2022-04-13,24,24,10160.1
cqr_rolling_aci,0.95,2022-04-14,24,24,9878.64
cqr_rolling_aci,0.95,2022-04-15,21,24,8919.35
cqr_rolling_aci,0.95,2022-04-16,23,24,8632.42
cqr_rolling_aci,0.95,2022-04-17,24,24,9959.6
cqr_rolling_aci,0.95,2022-04-18,24,24,10956.1
cqr_rolling_aci,0.95,2022-04-19,24,24,9822.28
cqr_rolling_aci,0.95,2022-04-20,24,24,8527.11
cqr_rolling_aci,0.95,2022-04-21,24,24,7583.05
cqr_rolling_aci,0.95,2022-04-22,24,24,6769.06
cqr_rolling_aci,0.95,2022-04-23,24,24,7037.38
cqr_rolling_aci,0.95,2022-04-24,24,24,7096.84
cqr_rolling_aci,0.95,2022-04-25,24,24,10877.3
cqr_rolling_aci,0.95,2022-04-26,24,24,7368.78
cqr_rolling_aci,0.95,2022-04-27,23,24,7034.7
cqr_rolling_aci,0.95,2022-04-28,24,24,6687.5
cqr_rolling_aci,0.95,2022-04-29,24,24,6853.29
cqr_rolling_aci,0.95,2022-04-30,24,24,6653.45
cqr_rolling_aci,0.95,2022-05-01,24,24,7589.58
cqr_rolling_aci,0.95,2022-05-02,24,24,7772.18
cqr_rolling_aci,0.95,2022-05-03,24,24,7152.81
cqr_rolling_aci,0.95,2022-05-04,24,24,6510.48
cqr_rolling_aci,0.95,2022-05-05,24,24,6136.57
cqr_rolling_aci,0.95,2022-05-06,24,24,6103.48
cqr_rolling_aci,0.95,2022-05-07,24,24,6579.3
cqr_rolling_aci,0.95,2022-05-08,24,24,6470.45
cqr_rolling_aci,0.95,2022-05-09,24,24,6620.07
cqr_rolling_aci,0.95,2022-05-10,24,24,6589.79
cqr_rolling_aci,0.95,2022-05-11,24,24,6270.02
cqr_rolling_aci,0.95,2022-05-12,24,24,6121.89
cqr_rolling_aci,0.95,2022-05-13,24,24,5764.81
cqr_rolling_aci,0.95,2022-05-14,24,24,5532.51
cqr_rolling_aci,0.95,2022-05-15,24,24,5607.49
cqr_rolling_aci,0.95,2022-05-16,24,24,6089.26
cqr_rolling_aci,0.95,2022-05-17,24,24,6092.48
cqr_rolling_aci,0.95,2022-05-18,24,24,5195.38
cqr_rolling_aci,0.95,2022-05-19,24,24,5023.89
cqr_rolling_aci,0.95,2022-05-20,24,24,5089.96
cqr_rolling_aci,0.95,2022-05-21,24,24,4404.7
cqr_rolling_aci,0.95,2022-05-22,24,24,4753.27
cqr_rolling_aci,0.95,2022-05-23,24,24,5053.38
cqr_rolling_aci,0.95,2022-05-24,24,24,4735.53
cqr_rolling_aci,0.95,2022-05-25,24,24,4472.15
cqr_rolling_aci,0.95,2022-05-26,24,24,7531.8
cqr_rolling_aci,0.95,2022-05-27,21,24,6300.88
cqr_rolling_aci,0.95,2022-05-28,24,24,4689.12
cqr_rolling_aci,0.95,2022-05-29,24,24,4864.39
cqr_rolling_aci,0.95,2022-05-30,24,24,5075.02
cqr_rolling_aci,0.95,2022-05-31,24,24,4698.99
cqr_rolling_aci,0.95,2022-06-01,24,24,4012.93
cqr_rolling_aci,0.95,2022-06-02,24,24,5353.72
cqr_rolling_aci,0.95,2022-06-03,24,24,4779.42
cqr_rolling_aci,0.95,2022-06-04,24,24,4005.92
cqr_rolling_aci,0.95,2022-06-05,24,24,4562.29
cqr_rolling_aci,0.95,2022-06-06,24,24,6710.57
cqr_rolling_aci,0.95,2022-06-07,24,24,4778.22
cqr_rolling_aci,0.95,2022-06-08,24,24,4322.75
cqr_rolling_aci,0.95,2022-06-09,24,24,3419.22
cqr_rolling_aci,0.95,2022-06-10,24,24,3314.92
cqr_rolling_aci,0.95,2022-06-11,24,24,3384.36
cqr_rolling_aci,0.95,2022-06-12,24,24,3560.25
cqr_rolling_aci,0.95,2022-06-13,24,24,4756.53
cqr_rolling_aci,0.95,2022-06-14,24,24,3890.53
cqr_rolling_aci,0.95,2022-06-15,24,24,4092.14
cqr_rolling_aci,0.95,2022-06-16,24,24,4135.55
cqr_rolling_aci,0.95,2022-06-17,24,24,3988.31
cqr_rolling_aci,0.95,2022-06-18,24,24,4029.45
cqr_rolling_aci,0.95,2022-06-19,24,24,3332.5
cqr_rolling_aci,0.95,2022-06-20,24,24,3364.22
cqr_rolling_aci,0.95,2022-06-21,20,24,2995.82
cqr_rolling_aci,0.95,2022-06-22,20,24,2832.21
cqr_rolling_aci,0.95,2022-06-23,14,24,3044.66
cqr_rolling_aci,0.95,2022-06-24,13,24,3087.2
cqr_rolling_aci,0.95,2022-06-25,13,24,3587.27
cqr_rolling_aci,0.95,2022-06-26,24,24,3920.49
cqr_rolling_aci,0.95,2022-06-27,24,24,3958.99
cqr_rolling_aci,0.95,2022-06-28,24,24,3799.62
cqr_rolling_aci,0.95,2022-06-29,24,24,3557.63
cqr_rolling_aci,0.95,2022-06-30,24,24,3490.66
cqr_rolling_aci,0.95,2022-07-01,24,24,3246.73
cqr_rolling_aci,0.95,2022-07-02,24,24,3305.87
cqr_rolling_aci,0.95,2022-07-03,23,24,3355.88
cqr_rolling_aci,0.95,2022-07-04,21,24,4140.96
cqr_rolling_aci,0.95,2022-07-05,24,24,3222.05
cqr_rolling_aci,0.95,2022-07-06,24,24,2997.37
cqr_rolling_aci,0.95,2022-07-07,24,24,3215.73
cqr_rolling_aci,0.95,2022-07-08,24,24,3238.77
cqr_rolling_aci,0.95,2022-07-09,24,24,2754.62
cqr_rolling_aci,0.95,2022-07-10,24,24,2751.16
cqr_rolling_aci,0.95,2022-07-11,24,24,3638.26
cqr_rolling_aci,0.95,2022-07-12,24,24,3538.03
cqr_rolling_aci,0.95,2022-07-13,24,24,3396.77
cqr_rolling_aci,0.95,2022-07-14,24,24,7476.62
cqr_rolling_aci,0.95,2022-07-15,24,24,4957.02
cqr_rolling_aci,0.95,2022-07-16,24,24,3629.87
cqr_rolling_aci,0.95,2022-07-17,24,24,3231.14
cqr_rolling_aci,0.95,2022-07-18,23,24,3500.33
cqr_rolling_aci,0.95,2022-07-19,24,24,3596.61
cqr_rolling_aci,0.95,2022-07-20,24,24,2982.74
cqr_rolling_aci,0.95,2022-07-21,24,24,3817.69
cqr_rolling_aci,0.95,2022-07-22,22,24,3085.8
cqr_rolling_aci,0.95,2022-07-23,24,24,2789.07
cqr_rolling_aci,0.95,2022-07-24,22,24,2640.64
cqr_rolling_aci,0.95,2022-07-25,21,24,3376.62
cqr_rolling_aci,0.95,2022-07-26,19,24,2678.43
cqr_rolling_aci,0.95,2022-07-27,24,24,2168.54
cqr_rolling_aci,0.95,2022-07-28,24,24,2457.31
cqr_rolling_aci,0.95,2022-07-29,17,24,2521.06
cqr_rolling_aci,0.95,2022-07-30,24,24,2442.95
cqr_rolling_aci,0.95,2022-07-31,24,24,2746.81
cqr_rolling_aci,0.95,2022-08-01,24,24,3285.23
cqr_rolling_aci,0.95,2022-08-02,24,24,3317.22
cqr_rolling_aci,0.95,2022-08-03,19,24,3151.32
cqr_rolling_aci,0.95,2022-08-04,24,24,2741.91
cqr_rolling_aci,0.95,2022-08-05,24,24,2891.61
cqr_rolling_aci,0.95,2022-08-06,20,24,2114.92
cqr_rolling_aci,0.95,2022-08-07,24,24,2693.69
cqr_rolling_aci,0.95,2022-08-08,24,24,3177.93
cqr_rolling_aci,0.95,2022-08-09,24,24,2900.23
cqr_rolling_aci,0.95,2022-08-10,24,24,2379
cqr_rolling_aci,0.95,2022-08-11,24,24,2604.75
cqr_rolling_aci,0.95,2022-08-12,24,24,2645
cqr_rolling_aci,0.95,2022-08-13,24,24,2599.62
cqr_rolling_aci,0.95,2022-08-14,14,24,2806.47
cqr_rolling_aci,0.95,2022-08-15,24,24,4906.45
cqr_rolling_aci,0.95,2022-08-16,24,24,3465.61
cqr_rolling_aci,0.95,2022-08-17,24,24,2921.49
cqr_rolling_aci,0.95,2022-08-18,23,24,2432.74
cqr_rolling_aci,0.95,2022-08-19,23,24,2507.09
cqr_rolling_aci,0.95,2022-08-20,24,24,2873.23
cqr_rolling_aci,0.95,2022-08-21,17,24,3029.07
cqr_rolling_aci,0.95,2022-08-22,22,24,4548.54
cqr_rolling_aci,0.95,2022-08-23,19,24,4317.75
cqr_rolling_aci,0.95,2022-08-24,21,24,3246.11
cqr_rolling_aci,0.95,2022-08-25,24,24,3120.78
cqr_rolling_aci,0.95,2022-08-26,24,24,3011.12
cqr_rolling_aci,0.95,2022-08-27,24,24,3026.11
cqr_rolling_aci,0.95,2022-08-28,24,24,2413.31
cqr_rolling_aci,0.95,2022-08-29,24,24,3336.59
cqr_rolling_aci,0.95,2022-08-30,20,24,2919.85
cqr_rolling_aci,0.95,2022-08-31,24,24,2639.79
cqr_rolling_aci,0.95,2022-09-01,24,24,2748.36
cqr_rolling_aci,0.95,2022-09-02,24,24,2623.66
cqr_rolling_aci,0.95,2022-09-03,24,24,2504.16
cqr_rolling_aci,0.95,2022-09-04,24,24,2743.75
cqr_rolling_aci,0.95,2022-09-05,23,24,2893.58
cqr_rolling_aci,0.95,2022-09-06,24,24,2856.77
cqr_rolling_aci,0.95,2022-09-07,24,24,2640.77
cqr_rolling_aci,0.95,2022-09-08,24,24,2483.21
cqr_rolling_aci,0.95,2022-09-09,24,24,2444.5
cqr_rolling_aci,0.95,2022-09-10,24,24,2435.95
cqr_rolling_aci,0.95,2022-09-11,24,24,2558.21
cqr_rolling_aci,0.95,2022-09-12,24,24,2661.78
cqr_rolling_aci,0.95,2022-09-13,24,24,3122.31
cqr_rolling_aci,0.95,2022-09-14,24,24,1818.77
cqr_rolling_aci,0.95,2022-09-15,24,24,1856.4
cqr_rolling_aci,0.95,2022-09-16,24,24,2441.54
cqr_rolling_aci,0.95,2022-09-17,24,24,2602.81
cqr_rolling_aci,0.95,2022-09-18,24,24,2510.34
cqr_rolling_aci,0.95,2022-09-19,22,24,2898.01
cqr_rolling_aci,0.95,2022-09-20,23,24,3036.25
cqr_rolling_aci,0.95,2022-09-21,24,24,2552.3
cqr_rolling_aci,0.95,2022-09-22,23,24,2151.83
cqr_rolling_aci,0.95,2022-09-23,24,24,2075.36
cqr_rolling_aci,0.95,2022-09-24,24,24,2482.72
cqr_rolling_aci,0.95,2022-09-25,24,24,2624.86
cqr_rolling_aci,0.95,2022-09-26,23,24,2551.38
cqr_rolling_aci,0.95,2022-09-27,24,24,2742.56
cqr_rolling_aci,0.95,2022-09-28,24,24,2567.91
cqr_rolling_aci,0.95,2022-09-29,17,24,2293.15
cqr_rolling_aci,0.95,2022-09-30,24,24,2524.92
cqr_rolling_aci,0.95,2022-10-01,24,24,2544.29
cqr_rolling_aci,0.95,2022-10-02,19,24,2402.42
cqr_rolling_aci,0.95,2022-10-03,19,24,2285.48
cqr_rolling_aci,0.95,2022-10-04,15,24,1876.33
cqr_rolling_aci,0.95,2022-10-05,18,24,1721.76
cqr_rolling_aci,0.95,2022-10-06,24,24,1932.95
cqr_rolling_aci,0.95,2022-10-07,24,24,1847.96
cqr_rolling_aci,0.95,2022-10-08,20,24,1952.22
cqr_rolling_aci,0.95,2022-10-09,21,24,2559.42
cqr_rolling_aci,0.95,2022-10-10,24,24,2137.91
cqr_rolling_aci,0.95,2022-10-11,24,24,2355.53
cqr_rolling_aci,0.95,2022-10-12,21,24,1864.14
cqr_rolling_aci,0.95,2022-10-13,18,24,1889.95
cqr_rolling_aci,0.95,2022-10-14,16,24,2003.03
cqr_rolling_aci,0.95,2022-10-15,19,24,1812.4
cqr_rolling_aci,0.95,2022-10-16,22,24,2385.33
cqr_rolling_aci,0.95,2022-10-17,21,24,2422.14
cqr_rolling_aci,0.95,2022-10-18,24,24,2440.17
cqr_rolling_aci,0.95,2022-10-19,24,24,2342.67
cqr_rolling_aci,0.95,2022-10-20,23,24,2301.02
cqr_rolling_aci,0.95,2022-10-21,24,24,2240.67
cqr_rolling_aci,0.95,2022-10-22,24,24,2401.58
cqr_rolling_aci,0.95,2022-10-23,20,24,2288.71
cqr_rolling_aci,0.95,2022-10-24,21,24,2664.35
cqr_rolling_aci,0.95,2022-10-25,24,24,2626.78
cqr_rolling_aci,0.95,2022-10-26,24,24,2208.38
cqr_rolling_aci,0.95,2022-10-27,24,24,2274.79
cqr_rolling_aci,0.95,2022-10-28,24,24,2316.16
cqr_rolling_aci,0.95,2022-10-29,22,24,2362
cqr_rolling_aci,0.95,2022-10-30,20,24,2814
cqr_rolling_aci,0.95,2022-10-31,18,24,4402.23
cqr_rolling_aci,0.95,2022-11-01,24,24,5908.84
cqr_rolling_aci,0.95,2022-11-02,24,24,4463.6
cqr_rolling_aci,0.95,2022-11-03,22,24,4903.42
cqr_rolling_aci,0.95,2022-11-04,23,24,4029.75
cqr_rolling_aci,0.95,2022-11-05,23,24,4909.23
cqr_rolling_aci,0.95,2022-11-06,23,24,5692.24
cqr_rolling_aci,0.95,2022-11-07,24,24,6950.06
cqr_rolling_aci,0.95,2022-11-08,12,24,6534.34
cqr_rolling_aci,0.95,2022-11-09,8,24,4974.14
cqr_rolling_aci,0.95,2022-11-10,18,24,3989.94
cqr_rolling_aci,0.95,2022-11-11,24,24,7098.93
cqr_rolling_aci,0.95,2022-11-12,24,24,5285.15
cqr_rolling_aci,0.95,2022-11-13,24,24,5190.11
cqr_rolling_aci,0.95,2022-11-14,24,24,5011.44
cqr_rolling_aci,0.95,2022-11-15,24,24,4134.71
cqr_rolling_aci,0.95,2022-11-16,24,24,4001.33
cqr_rolling_aci,0.95,2022-11-17,24,24,4244.59
cqr_rolling_aci,0.95,2022-11-18,24,24,6069.88
cqr_rolling_aci,0.95,2022-11-19,18,24,4645.07
cqr_rolling_aci,0.95,2022-11-20,24,24,5071.96
cqr_rolling_aci,0.95,2022-11-21,24,24,6180.21
cqr_rolling_aci,0.95,2022-11-22,24,24,6080.03
cqr_rolling_aci,0.95,2022-11-23,24,24,5013.94
cqr_rolling_aci,0.95,2022-11-24,24,24,5562.91
cqr_rolling_aci,0.95,2022-11-25,15,24,5108.47
cqr_rolling_aci,0.95,2022-11-26,24,24,4065.3
cqr_rolling_aci,0.95,2022-11-27,24,24,4257.04
cqr_rolling_aci,0.95,2022-11-28,8,24,5173.49
cqr_rolling_aci,0.95,2022-11-29,23,24,5973.99
cqr_rolling_aci,0.95,2022-11-30,24,24,6266.75
cqr_rolling_aci,0.95,2022-12-01,23,24,5713.48
cqr_rolling_aci,0.95,2022-12-02,24,24,6301.15
cqr_rolling_aci,0.95,2022-12-03,17,24,4711.17
cqr_rolling_aci,0.95,2022-12-04,21,24,5389.65
cqr_rolling_aci,0.95,2022-12-05,24,24,6479.93
cqr_rolling_aci,0.95,2022-12-06,22,24,6176.69
cqr_rolling_aci,0.95,2022-12-07,23,24,6395.31
cqr_rolling_aci,0.95,2022-12-08,24,24,5478.22
cqr_rolling_aci,0.95,2022-12-09,13,24,5975.43
cqr_rolling_aci,0.95,2022-12-10,24,24,5087.67
cqr_rolling_aci,0.95,2022-12-11,24,24,5942.7
cqr_rolling_aci,0.95,2022-12-12,23,24,6420.06
cqr_rolling_aci,0.95,2022-12-13,24,24,6273.55
cqr_rolling_aci,0.95,2022-12-14,13,24,6432.27
cqr_rolling_aci,0.95,2022-12-15,16,24,6591.54
cqr_rolling_aci,0.95,2022-12-16,21,24,6208.2
cqr_rolling_aci,0.95,2022-12-17,24,24,7836.02
cqr_rolling_aci,0.95,2022-12-18,17,24,7139
cqr_rolling_aci,0.95,2022-12-19,0,24,7014.93
cqr_rolling_aci,0.95,2022-12-20,9,24,6971.87
cqr_rolling_aci,0.95,2022-12-21,24,24,15470.2
cqr_rolling_aci,0.95,2022-12-22,24,24,15516.3
cqr_rolling_aci,0.95,2022-12-23,24,24,17358.8
cqr_rolling_aci,0.95,2022-12-24,24,24,19147.3
cqr_rolling_aci,0.95,2022-12-25,24,24,21712.1
cqr_rolling_aci,0.95,2022-12-26,24,24,21549.1
cqr_rolling_aci,0.95,2022-12-27,24,24,20795.1
cqr_rolling_aci,0.95,2022-12-28,24,24,16716.9
cqr_rolling_aci,0.95,2022-12-29,24,24,16434.5
cqr_rolling_aci,0.95,2022-12-30,24,24,16504.4
cqr_rolling_aci,0.95,2022-12-31,24,24,16511.5
cqr_rolling_aci,0.95,2023-01-01,24,24,16997.3
cqr_rolling_aci,0.95,2023-01-02,24,24,17103.1
cqr_rolling_aci,0.95,2023-01-03,24,24,18262.4
cqr_rolling_aci,0.95,2023-01-04,24,24,16731.6
cqr_rolling_aci,0.95,2023-01-05,24,24,15958.4
cqr_rolling_aci,0.95,2023-01-06,24,24,16541.4
cqr_rolling_aci,0.95,2023-01-07,24,24,15628.7
cqr_rolling_aci,0.95,2023-01-08,24,24,16329.3
cqr_rolling_aci,0.95,2023-01-09,24,24,18714.8
cqr_rolling_aci,0.95,2023-01-10,24,24,17200
cqr_rolling_aci,0.95,2023-01-11,24,24,14121.1
cqr_rolling_aci,0.95,2023-01-12,24,24,14036.6
cqr_rolling_aci,0.95,2023-01-13,24,24,13749.4
cqr_rolling_aci,0.95,2023-01-14,24,24,12233.9
cqr_rolling_aci,0.95,2023-01-15,24,24,12652.6
cqr_rolling_aci,0.95,2023-01-16,24,24,14062.7
cqr_rolling_aci,0.95,2023-01-17,24,24,12897.1
cqr_rolling_aci,0.95,2023-01-18,24,24,11574.1
cqr_rolling_aci,0.95,2023-01-19,24,24,11221.7
cqr_rolling_aci,0.95,2023-01-20,24,24,10828.3
cqr_rolling_aci,0.95,2023-01-21,24,24,9613.65
cqr_rolling_aci,0.95,2023-01-22,24,24,10131.9
cqr_rolling_aci,0.95,2023-01-23,24,24,11850.9
cqr_rolling_aci,0.95,2023-01-24,24,24,11156.6
cqr_rolling_aci,0.95,2023-01-25,24,24,10514.3
cqr_rolling_aci,0.95,2023-01-26,24,24,9484.93
cqr_rolling_aci,0.95,2023-01-27,24,24,8973.26
cqr_rolling_aci,0.95,2023-01-28,24,24,8186.18
cqr_rolling_aci,0.95,2023-01-29,24,24,10672.7
cqr_rolling_aci,0.95,2023-01-30,24,24,9004.7
cqr_rolling_aci,0.95,2023-01-31,15,24,9409.9
cqr_rolling_aci,0.95,2023-02-01,17,24,8783.85
cqr_rolling_aci,0.95,2023-02-02,24,24,10394.4
cqr_rolling_aci,0.95,2023-02-03,24,24,10224.8
cqr_rolling_aci,0.95,2023-02-04,24,24,9716.18
cqr_rolling_aci,0.95,2023-02-05,24,24,11344.5
cqr_rolling_aci,0.95,2023-02-06,24,24,13348.3
cqr_rolling_aci,0.95,2023-02-07,24,24,12227.8
cqr_rolling_aci,0.95,2023-02-08,24,24,10819.1
cqr_rolling_aci,0.95,2023-02-09,24,24,10289
cqr_rolling_aci,0.95,2023-02-10,24,24,9651.7
cqr_rolling_aci,0.95,2023-02-11,24,24,8834.74
cqr_rolling_aci,0.95,2023-02-12,24,24,9850.42
cqr_rolling_aci,0.95,2023-02-13,24,24,11054.5
cqr_rolling_aci,0.95,2023-02-14,24,24,10059.5
cqr_rolling_aci,0.95,2023-02-15,24,24,10057.8
cqr_rolling_aci,0.95,2023-02-16,24,24,9286.3
cqr_rolling_aci,0.95,2023-02-17,24,24,8677.01
cqr_rolling_aci,0.95,2023-02-18,24,24,9535.82
cqr_rolling_aci,0.95,2023-02-19,24,24,10891.9
cqr_rolling_aci,0.95,2023-02-20,24,24,10089.2
cqr_rolling_aci,0.95,2023-02-21,23,24,9082.33
cqr_rolling_aci,0.95,2023-02-22,19,24,9280.43
cqr_rolling_aci,0.95,2023-02-23,15,24,8924.59
cqr_rolling_aci,0.95,2023-02-24,24,24,10214
cqr_rolling_aci,0.95,2023-02-25,24,24,9829.32
cqr_rolling_aci,0.95,2023-02-26,23,24,9458.18
cqr_rolling_aci,0.95,2023-02-27,23,24,10424.5
cqr_rolling_aci,0.95,2023-02-28,24,24,10270.5
cqr_rolling_aci,0.95,2023-03-01,24,24,10370.3
cqr_rolling_aci,0.95,2023-03-02,24,24,10836.2
cqr_rolling_aci,0.95,2023-03-03,24,24,10888.1
cqr_rolling_aci,0.95,2023-03-04,24,24,10448.5
cqr_rolling_aci,0.95,2023-03-05,24,24,11184.2
cqr_rolling_aci,0.95,2023-03-06,24,24,10630.2
cqr_rolling_aci,0.95,2023-03-07,24,24,10401.2
cqr_rolling_aci,0.95,2023-03-08,24,24,9569.78
cqr_rolling_aci,0.95,2023-03-09,24,24,9087.62
cqr_rolling_aci,0.95,2023-03-10,24,24,10046.5
cqr_rolling_aci,0.95,2023-03-11,24,24,10477.5
cqr_rolling_aci,0.95,2023-03-12,24,24,9533.96
cqr_rolling_aci,0.95,2023-03-13,24,24,11665.9
cqr_rolling_aci,0.95,2023-03-14,24,24,10715.4
cqr_rolling_aci,0.95,2023-03-15,24,24,10886.6
cqr_rolling_aci,0.95,2023-03-16,24,24,8729.55
cqr_rolling_aci,0.95,2023-03-17,24,24,9117.69
cqr_rolling_aci,0.95,2023-03-18,24,24,8873.07
cqr_rolling_aci,0.95,2023-03-19,24,24,8825.14
cqr_rolling_aci,0.95,2023-03-20,24,24,9216.64
cqr_rolling_aci,0.95,2023-03-21,24,24,7611.29
cqr_rolling_aci,0.95,2023-03-22,24,24,8712.92
cqr_rolling_aci,0.95,2023-03-23,24,24,7936.77
cqr_rolling_aci,0.95,2023-03-24,24,24,7731.51
cqr_rolling_aci,0.95,2023-03-25,22,24,6233.11
cqr_rolling_aci,0.95,2023-03-26,23,23,6151.32
cqr_rolling_aci,0.95,2023-03-27,24,24,8092.86
cqr_rolling_aci,0.95,2023-03-28,24,24,8387.89
cqr_rolling_aci,0.95,2023-03-29,24,24,5362.29
cqr_rolling_aci,0.95,2023-03-30,24,24,6704.19
cqr_rolling_aci,0.95,2023-03-31,24,24,6507.45
cqr_rolling_aci,0.95,2023-04-01,22,24,5887
cqr_rolling_aci,0.95,2023-04-02,24,24,5505.2
cqr_rolling_aci,0.95,2023-04-03,24,24,7676.77
cqr_rolling_aci,0.95,2023-04-04,24,24,7813.79
cqr_rolling_aci,0.95,2023-04-05,23,24,6833.75
cqr_rolling_aci,0.95,2023-04-06,24,24,5775.64
cqr_rolling_aci,0.95,2023-04-07,23,24,6193.1
cqr_rolling_aci,0.95,2023-04-08,24,24,6314.97
cqr_rolling_aci,0.95,2023-04-09,15,24,6698.6
cqr_rolling_aci,0.95,2023-04-10,18,24,8651.78
cqr_rolling_aci,0.95,2023-04-11,22,24,9207.08
cqr_rolling_aci,0.95,2023-04-12,12,24,8085.11
cqr_rolling_aci,0.95,2023-04-13,20,24,7662.56
cqr_rolling_aci,0.95,2023-04-14,20,24,7292.61
cqr_rolling_aci,0.95,2023-04-15,24,24,6675.23
cqr_rolling_aci,0.95,2023-04-16,22,24,6580.01
cqr_rolling_aci,0.95,2023-04-17,24,24,8859.73
cqr_rolling_aci,0.95,2023-04-18,24,24,7678.21
cqr_rolling_aci,0.95,2023-04-19,24,24,7363.2
cqr_rolling_aci,0.95,2023-04-20,17,24,7281.62
cqr_rolling_aci,0.95,2023-04-21,24,24,7586.4
cqr_rolling_aci,0.95,2023-04-22,24,24,7293.26
cqr_rolling_aci,0.95,2023-04-23,24,24,7491.52
cqr_rolling_aci,0.95,2023-04-24,24,24,8009.34
cqr_rolling_aci,0.95,2023-04-25,24,24,7307.06
cqr_rolling_aci,0.95,2023-04-26,24,24,6812.82
cqr_rolling_aci,0.95,2023-04-27,24,24,6403.45
cqr_rolling_aci,0.95,2023-04-28,24,24,7566.56
cqr_rolling_aci,0.95,2023-04-29,24,24,6501.32
cqr_rolling_aci,0.95,2023-04-30,24,24,6590.91
cqr_rolling_aci,0.95,2023-05-01,24,24,8931.01
cqr_rolling_aci,0.95,2023-05-02,24,24,8713.24
cqr_rolling_aci,0.95,2023-05-03,24,24,6685.56
cqr_rolling_aci,0.95,2023-05-04,24,24,5925.79
cqr_rolling_aci,0.95,2023-05-05,22,24,5260.43
cqr_rolling_aci,0.95,2023-05-06,24,24,5072
cqr_rolling_aci,0.95,2023-05-07,24,24,5489.89
cqr_rolling_aci,0.95,2023-05-08,17,24,5813.45
cqr_rolling_aci,0.95,2023-05-09,24,24,6146.84
cqr_rolling_aci,0.95,2023-05-10,24,24,6202.09
cqr_rolling_aci,0.95,2023-05-11,24,24,5587.94
cqr_rolling_aci,0.95,2023-05-12,24,24,5482.87
cqr_rolling_aci,0.95,2023-05-13,24,24,5160.14
cqr_rolling_aci,0.95,2023-05-14,24,24,5135.27
cqr_rolling_aci,0.95,2023-05-15,20,24,8233.67
cqr_rolling_aci,0.95,2023-05-16,24,24,6493.02
cqr_rolling_aci,0.95,2023-05-17,24,24,5993.75
cqr_rolling_aci,0.95,2023-05-18,24,24,8873.75
cqr_rolling_aci,0.95,2023-05-19,24,24,7460.39
cqr_rolling_aci,0.95,2023-05-20,24,24,6121.27
cqr_rolling_aci,0.95,2023-05-21,24,24,5470.36
cqr_rolling_aci,0.95,2023-05-22,24,24,5714.38
cqr_rolling_aci,0.95,2023-05-23,24,24,5757.47
cqr_rolling_aci,0.95,2023-05-24,24,24,5007.6
cqr_rolling_aci,0.95,2023-05-25,24,24,5884.66
cqr_rolling_aci,0.95,2023-05-26,24,24,5450.11
cqr_rolling_aci,0.95,2023-05-27,24,24,4586.94
cqr_rolling_aci,0.95,2023-05-28,24,24,4364.39
cqr_rolling_aci,0.95,2023-05-29,24,24,7015.52
cqr_rolling_aci,0.95,2023-05-30,24,24,4999.77
cqr_rolling_aci,0.95,2023-05-31,23,24,4405.28
cqr_rolling_aci,0.95,2023-06-01,24,24,4045.63
cqr_rolling_aci,0.95,2023-06-02,24,24,3779.51
cqr_rolling_aci,0.95,2023-06-03,24,24,3553.6
cqr_rolling_aci,0.95,2023-06-04,24,24,3838.93
cqr_rolling_aci,0.95,2023-06-05,24,24,4770.63
cqr_rolling_aci,0.95,2023-06-06,24,24,4045.42
cqr_rolling_aci,0.95,2023-06-07,24,24,3697.44
cqr_rolling_aci,0.95,2023-06-08,24,24,3519
cqr_rolling_aci,0.95,2023-06-09,24,24,3205.98
cqr_rolling_aci,0.95,2023-06-10,24,24,3245.68
cqr_rolling_aci,0.95,2023-06-11,24,24,3295.87
cqr_rolling_aci,0.95,2023-06-12,24,24,3753.53
cqr_rolling_aci,0.95,2023-06-13,24,24,3609.64
cqr_rolling_aci,0.95,2023-06-14,24,24,3156.69
cqr_rolling_aci,0.95,2023-06-15,24,24,2898.91
cqr_rolling_aci,0.95,2023-06-16,24,24,2876.65
cqr_rolling_aci,0.95,2023-06-17,24,24,2729.48
cqr_rolling_aci,0.95,2023-06-18,24,24,3313.05
cqr_rolling_aci,0.95,2023-06-19,24,24,3122.48
cqr_rolling_aci,0.95,2023-06-20,24,24,3096.79
cqr_rolling_aci,0.95,2023-06-21,24,24,2764.85
cqr_rolling_aci,0.95,2023-06-22,24,24,2807.36
cqr_rolling_aci,0.95,2023-06-23,24,24,2810.04
cqr_rolling_aci,0.95,2023-06-24,24,24,2528.9
cqr_rolling_aci,0.95,2023-06-25,23,24,2744.61
cqr_rolling_aci,0.95,2023-06-26,21,24,2808.39
cqr_rolling_aci,0.95,2023-06-27,24,24,2873.47
cqr_rolling_aci,0.95,2023-06-28,24,24,2756.29
cqr_rolling_aci,0.95,2023-06-29,24,24,2486.69
cqr_rolling_aci,0.95,2023-06-30,23,24,2539.4
cqr_rolling_aci,0.95,2023-07-01,24,24,2773.36
cqr_rolling_aci,0.95,2023-07-02,24,24,3177.21
cqr_rolling_aci,0.95,2023-07-03,24,24,3061.25
cqr_rolling_aci,0.95,2023-07-04,21,24,2671.28
cqr_rolling_aci,0.95,2023-07-05,23,24,2296.77
cqr_rolling_aci,0.95,2023-07-06,24,24,2289.55
cqr_rolling_aci,0.95,2023-07-07,18,24,2748.97
cqr_rolling_aci,0.95,2023-07-08,13,24,2392.95
cqr_rolling_aci,0.95,2023-07-09,22,24,2648.97
cqr_rolling_aci,0.95,2023-07-10,24,24,3359.71
cqr_rolling_aci,0.95,2023-07-11,24,24,3451.22
cqr_rolling_aci,0.95,2023-07-12,23,24,2986.34
cqr_rolling_aci,0.95,2023-07-13,16,24,2487.68
cqr_rolling_aci,0.95,2023-07-14,23,24,5525.73
cqr_rolling_aci,0.95,2023-07-15,24,24,3597.78
cqr_rolling_aci,0.95,2023-07-16,24,24,3386.09
cqr_rolling_aci,0.95,2023-07-17,24,24,3208.42
cqr_rolling_aci,0.95,2023-07-18,24,24,2825.6
cqr_rolling_aci,0.95,2023-07-19,23,24,2323.71
cqr_rolling_aci,0.95,2023-07-20,24,24,2368.6
cqr_rolling_aci,0.95,2023-07-21,24,24,3240.17
cqr_rolling_aci,0.95,2023-07-22,24,24,2812.94
cqr_rolling_aci,0.95,2023-07-23,24,24,2645.33
cqr_rolling_aci,0.95,2023-07-24,20,24,2527.38
cqr_rolling_aci,0.95,2023-07-25,12,24,3169.82
cqr_rolling_aci,0.95,2023-07-26,20,24,2621.22
cqr_rolling_aci,0.95,2023-07-27,24,24,2678.65
cqr_rolling_aci,0.95,2023-07-28,24,24,2587.05
cqr_rolling_aci,0.95,2023-07-29,23,24,2386.72
cqr_rolling_aci,0.95,2023-07-30,24,24,2822.42
cqr_rolling_aci,0.95,2023-07-31,23,24,3194.75
cqr_rolling_aci,0.95,2023-08-01,24,24,3180.09
cqr_rolling_aci,0.95,2023-08-02,24,24,2928.36
cqr_rolling_aci,0.95,2023-08-03,24,24,2828.65
cqr_rolling_aci,0.95,2023-08-04,21,24,2949.35
cqr_rolling_aci,0.95,2023-08-05,24,24,2697.53
cqr_rolling_aci,0.95,2023-08-06,23,24,3011.48
cqr_rolling_aci,0.95,2023-08-07,21,24,3244.11
cqr_rolling_aci,0.95,2023-08-08,24,24,2975.6
cqr_rolling_aci,0.95,2023-08-09,20,24,2900.99
cqr_rolling_aci,0.95,2023-08-10,24,24,3027.48
cqr_rolling_aci,0.95,2023-08-11,20,24,2795.63
cqr_rolling_aci,0.95,2023-08-12,23,24,2682.27
cqr_rolling_aci,0.95,2023-08-13,17,24,2405.8
cqr_rolling_aci,0.95,2023-08-14,21,24,3816.36
cqr_rolling_aci,0.95,2023-08-15,24,24,5536.77
cqr_rolling_aci,0.95,2023-08-16,24,24,2872.02
cqr_rolling_aci,0.95,2023-08-17,24,24,2643.77
cqr_rolling_aci,0.95,2023-08-18,24,24,2475.33
cqr_rolling_aci,0.95,2023-08-19,22,24,2400.36
cqr_rolling_aci,0.95,2023-08-20,19,24,2336.34
cqr_rolling_aci,0.95,2023-08-21,8,24,3391.47
cqr_rolling_aci,0.95,2023-08-22,0,24,4056.37
cqr_rolling_aci,0.95,2023-08-23,0,24,4063.42
cqr_rolling_aci,0.95,2023-08-24,24,24,4608.6
cqr_rolling_aci,0.95,2023-08-25,24,24,7125.85
cqr_rolling_aci,0.95,2023-08-26,24,24,6923.47
cqr_rolling_aci,0.95,2023-08-27,24,24,6296.37
cqr_rolling_aci,0.95,2023-08-28,24,24,6699.5
cqr_rolling_aci,0.95,2023-08-29,24,24,6675.71
cqr_rolling_aci,0.95,2023-08-30,24,24,6503.21
cqr_rolling_aci,0.95,2023-08-31,24,24,6303.52
cqr_rolling_aci,0.95,2023-09-01,24,24,5567.22
cqr_rolling_aci,0.95,2023-09-02,24,24,5051.85
cqr_rolling_aci,0.95,2023-09-03,24,24,4771.28
cqr_rolling_aci,0.95,2023-09-04,24,24,6006.26
cqr_rolling_aci,0.95,2023-09-05,24,24,6574.8
cqr_rolling_aci,0.95,2023-09-06,24,24,6055.57
cqr_rolling_aci,0.95,2023-09-07,24,24,5646.88
cqr_rolling_aci,0.95,2023-09-08,24,24,4812.04
cqr_rolling_aci,0.95,2023-09-09,24,24,5131.57
cqr_rolling_aci,0.95,2023-09-10,24,24,5199.93
cqr_rolling_aci,0.95,2023-09-11,24,24,4844.22
cqr_rolling_aci,0.95,2023-09-12,24,24,4875.52
cqr_rolling_aci,0.95,2023-09-13,24,24,4617.41
cqr_rolling_aci,0.95,2023-09-14,24,24,4283.32
cqr_rolling_aci,0.95,2023-09-15,24,24,4219
cqr_rolling_aci,0.95,2023-09-16,24,24,4091.62
cqr_rolling_aci,0.95,2023-09-17,24,24,4075.29
cqr_rolling_aci,0.95,2023-09-18,24,24,4161.63
cqr_rolling_aci,0.95,2023-09-19,24,24,3931.92
cqr_rolling_aci,0.95,2023-09-20,24,24,3656.92
cqr_rolling_aci,0.95,2023-09-21,24,24,3702.75
cqr_rolling_aci,0.95,2023-09-22,24,24,3796.45
cqr_rolling_aci,0.95,2023-09-23,24,24,3834.18
cqr_rolling_aci,0.95,2023-09-24,24,24,3965.84
cqr_rolling_aci,0.95,2023-09-25,24,24,4050.47
cqr_rolling_aci,0.95,2023-09-26,24,24,3867.96
cqr_rolling_aci,0.95,2023-09-27,24,24,3595.7
cqr_rolling_aci,0.95,2023-09-28,24,24,3537.6
cqr_rolling_aci,0.95,2023-09-29,24,24,3838.07
cqr_rolling_aci,0.95,2023-09-30,24,24,3571.38
cqr_rolling_aci,0.95,2023-10-01,24,24,3568.57
cqr_rolling_aci,0.95,2023-10-02,24,24,4062.21
cqr_rolling_aci,0.95,2023-10-03,24,24,3609.61
cqr_rolling_aci,0.95,2023-10-04,24,24,3222.47
cqr_rolling_aci,0.95,2023-10-05,24,24,3117.04
cqr_rolling_aci,0.95,2023-10-06,24,24,3117.35
cqr_rolling_aci,0.95,2023-10-07,24,24,3214.52
cqr_rolling_aci,0.95,2023-10-08,24,24,3230
cqr_rolling_aci,0.95,2023-10-09,24,24,3493.03
cqr_rolling_aci,0.95,2023-10-10,24,24,3350.63
cqr_rolling_aci,0.95,2023-10-11,24,24,3229.83
cqr_rolling_aci,0.95,2023-10-12,24,24,3056.86
cqr_rolling_aci,0.95,2023-10-13,24,24,3047.8
cqr_rolling_aci,0.95,2023-10-14,24,24,3080.59
cqr_rolling_aci,0.95,2023-10-15,24,24,3746.19
cqr_rolling_aci,0.95,2023-10-16,24,24,4655.52
cqr_rolling_aci,0.95,2023-10-17,24,24,3585.33
cqr_rolling_aci,0.95,2023-10-18,24,24,2901.52
cqr_rolling_aci,0.95,2023-10-19,24,24,2759.07
cqr_rolling_aci,0.95,2023-10-20,24,24,2899.94
cqr_rolling_aci,0.95,2023-10-21,24,24,2946.06
cqr_rolling_aci,0.95,2023-10-22,24,24,4370.67
cqr_rolling_aci,0.95,2023-10-23,24,24,4909.85
cqr_rolling_aci,0.95,2023-10-24,19,24,3785.88
cqr_rolling_aci,0.95,2023-10-25,24,24,3367.78
cqr_rolling_aci,0.95,2023-10-26,23,24,3246.81
cqr_rolling_aci,0.95,2023-10-27,24,24,3162.19
cqr_rolling_aci,0.95,2023-10-28,24,24,3702.37
cqr_rolling_aci,0.95,2023-10-29,23,24,4578.58
cqr_rolling_aci,0.95,2023-10-30,24,24,4740.31
cqr_rolling_aci,0.95,2023-10-31,21,24,3790.96
cqr_rolling_aci,0.95,2023-11-01,23,24,5859.1
cqr_rolling_aci,0.95,2023-11-02,24,24,5512.1
cqr_rolling_aci,0.95,2023-11-03,24,24,5618.33
cqr_rolling_aci,0.95,2023-11-04,24,24,4012.42
cqr_rolling_aci,0.95,2023-11-05,24,24,4280.13
cqr_rolling_aci,0.95,2023-11-06,23,24,5639.61
cqr_rolling_aci,0.95,2023-11-07,24,24,6030.46
cqr_rolling_aci,0.95,2023-11-08,24,24,6391.92
cqr_rolling_aci,0.95,2023-11-09,21,24,6078.5
cqr_rolling_aci,0.95,2023-11-10,23,24,6094.22
cqr_rolling_aci,0.95,2023-11-11,24,24,6821.71
cqr_rolling_aci,0.95,2023-11-12,24,24,4328.6
cqr_rolling_aci,0.95,2023-11-13,20,24,4622.63
cqr_rolling_aci,0.95,2023-11-14,24,24,4990.28
cqr_rolling_aci,0.95,2023-11-15,24,24,5016.31
cqr_rolling_aci,0.95,2023-11-16,24,24,5243.02
cqr_rolling_aci,0.95,2023-11-17,14,24,5155.66
cqr_rolling_aci,0.95,2023-11-18,24,24,3849.68
cqr_rolling_aci,0.95,2023-11-19,18,24,4296.75
cqr_rolling_aci,0.95,2023-11-20,24,24,6148.56
cqr_rolling_aci,0.95,2023-11-21,24,24,5725.05
cqr_rolling_aci,0.95,2023-11-22,24,24,4688.08
cqr_rolling_aci,0.95,2023-11-23,18,24,5085.37
cqr_rolling_aci,0.95,2023-11-24,24,24,5147.88
cqr_rolling_aci,0.95,2023-11-25,24,24,5710
cqr_rolling_aci,0.95,2023-11-26,22,24,5335.82
cqr_rolling_aci,0.95,2023-11-27,22,24,5762.02
cqr_rolling_aci,0.95,2023-11-28,19,24,5366.64
cqr_rolling_aci,0.95,2023-11-29,24,24,6044.8
cqr_rolling_aci,0.95,2023-11-30,6,24,5524.23
cqr_rolling_aci,0.95,2023-12-01,17,24,5184.84
cqr_rolling_aci,0.95,2023-12-02,24,24,5138.14
cqr_rolling_aci,0.95,2023-12-03,24,24,6253.05
cqr_rolling_aci,0.95,2023-12-04,24,24,5839.15
cqr_rolling_aci,0.95,2023-12-05,20,24,4767
cqr_rolling_aci,0.95,2023-12-06,21,24,4182.38
cqr_rolling_aci,0.95,2023-12-07,8,24,5148.49
cqr_rolling_aci,0.95,2023-12-08,15,24,5758.93
cqr_rolling_aci,0.95,2023-12-09,18,24,5869.65
cqr_rolling_aci,0.95,2023-12-10,20,24,5088.2
cqr_rolling_aci,0.95,2023-12-11,24,24,6035.02
cqr_rolling_aci,0.95,2023-12-12,24,24,5809.41
cqr_rolling_aci,0.95,2023-12-13,21,24,5616.29
cqr_rolling_aci,0.95,2023-12-14,24,24,5853.53
cqr_rolling_aci,0.95,2023-12-15,24,24,6223.7
cqr_rolling_aci,0.95,2023-12-16,22,24,6387.03
cqr_rolling_aci,0.95,2023-12-17,7,24,5403.38
cqr_rolling_aci,0.95,2023-12-18,12,24,6817.95
cqr_rolling_aci,0.95,2023-12-19,24,24,8223.77
cqr_rolling_aci,0.95,2023-12-20,23,24,9580.74
cqr_rolling_aci,0.95,2023-12-21,24,24,7886.84
cqr_rolling_aci,0.95,2023-12-22,23,24,7237.2
cqr_rolling_aci,0.95,2023-12-23,24,24,7840.02
cqr_rolling_aci,0.95,2023-12-24,22,24,8215.68
cqr_rolling_aci,0.95,2023-12-25,24,24,13374.4
cqr_rolling_aci,0.95,2023-12-26,24,24,15360.1
cqr_rolling_aci,0.95,2023-12-27,24,24,9326.15
cqr_rolling_aci,0.95,2023-12-28,24,24,8043.71
cqr_rolling_aci,0.95,2023-12-29,24,24,8598.76
cqr_rolling_aci,0.95,2023-12-30,24,24,8280.68
cqr_rolling_aci,0.95,2023-12-31,24,24,7696.6
cqr_rolling_aci,0.95,2024-01-01,24,24,9802.22
cqr_rolling_aci,0.95,2024-01-02,23,24,9799.48
cqr_rolling_aci,0.95,2024-01-03,24,24,9312.9
cqr_rolling_aci,0.95,2024-01-04,24,24,8436.47
cqr_rolling_aci,0.95,2024-01-05,24,24,7949.42
cqr_rolling_aci,0.95,2024-01-06,24,24,8661.71
cqr_rolling_aci,0.95,2024-01-07,24,24,7950.36
cqr_rolling_aci,0.95,2024-01-08,9,24,10781.5
cqr_rolling_aci,0.95,2024-01-09,4,24,13664.4
cqr_rolling_aci,0.95,2024-01-10,24,24,11623.4
cqr_rolling_aci,0.95,2024-01-11,24,24,19218.8
cqr_rolling_aci,0.95,2024-01-12,24,24,18737.4
cqr_rolling_aci,0.95,2024-01-13,24,24,17274.8
cqr_rolling_aci,0.95,2024-01-14,24,24,17473.2
cqr_rolling_aci,0.95,2024-01-15,24,24,18278
cqr_rolling_aci,0.95,2024-01-16,24,24,18948.6
cqr_rolling_aci,0.95,2024-01-17,24,24,17678.8
cqr_rolling_aci,0.95,2024-01-18,24,24,18519.7
cqr_rolling_aci,0.95,2024-01-19,24,24,17972.9
cqr_rolling_aci,0.95,2024-01-20,24,24,17351.5
cqr_rolling_aci,0.95,2024-01-21,24,24,16516.8
cqr_rolling_aci,0.95,2024-01-22,24,24,16200
cqr_rolling_aci,0.95,2024-01-23,24,24,16075.5
cqr_rolling_aci,0.95,2024-01-24,24,24,13114.2
cqr_rolling_aci,0.95,2024-01-25,24,24,13215.4
cqr_rolling_aci,0.95,2024-01-26,24,24,14041.8
cqr_rolling_aci,0.95,2024-01-27,24,24,14896.6
cqr_rolling_aci,0.95,2024-01-28,24,24,13040.1
cqr_rolling_aci,0.95,2024-01-29,24,24,13242.6
cqr_rolling_aci,0.95,2024-01-30,24,24,11913.1
cqr_rolling_aci,0.95,2024-01-31,24,24,12965.4
cqr_rolling_aci,0.95,2024-02-01,24,24,10644.8
cqr_rolling_aci,0.95,2024-02-02,24,24,10812.1
cqr_rolling_aci,0.95,2024-02-03,24,24,10527.7
cqr_rolling_aci,0.95,2024-02-04,24,24,11540.5
cqr_rolling_aci,0.95,2024-02-05,14,24,10489.7
cqr_rolling_aci,0.95,2024-02-06,24,24,10903.6
cqr_rolling_aci,0.95,2024-02-07,24,24,12428.5
cqr_rolling_aci,0.95,2024-02-08,24,24,12558.2
cqr_rolling_aci,0.95,2024-02-09,24,24,12198.9
cqr_rolling_aci,0.95,2024-02-10,24,24,11377.7
cqr_rolling_aci,0.95,2024-02-11,24,24,11056.6
cqr_rolling_aci,0.95,2024-02-12,24,24,12652
cqr_rolling_aci,0.95,2024-02-13,24,24,12543.1
cqr_rolling_aci,0.95,2024-02-14,24,24,11532.2
cqr_rolling_aci,0.95,2024-02-15,24,24,10580.2
cqr_rolling_aci,0.95,2024-02-16,24,24,9890.03
cqr_rolling_aci,0.95,2024-02-17,24,24,10888.9
cqr_rolling_aci,0.95,2024-02-18,24,24,10024
cqr_rolling_aci,0.95,2024-02-19,24,24,11674.7
cqr_rolling_aci,0.95,2024-02-20,24,24,10507
cqr_rolling_aci,0.95,2024-02-21,24,24,10506.6
cqr_rolling_aci,0.95,2024-02-22,24,24,9938.54
cqr_rolling_aci,0.95,2024-02-23,24,24,9921.03
cqr_rolling_aci,0.95,2024-02-24,24,24,9147.62
cqr_rolling_aci,0.95,2024-02-25,24,24,9342.39
cqr_rolling_aci,0.95,2024-02-26,24,24,10488.4
cqr_rolling_aci,0.95,2024-02-27,24,24,11008.3
cqr_rolling_aci,0.95,2024-02-28,24,24,10030.2
cqr_rolling_aci,0.95,2024-02-29,24,24,9224.19
cqr_rolling_aci,0.95,2024-03-01,24,24,9817.77
cqr_rolling_aci,0.95,2024-03-02,24,24,8648.34
cqr_rolling_aci,0.95,2024-03-03,24,24,9310.27
cqr_rolling_aci,0.95,2024-03-04,24,24,11259.1
cqr_rolling_aci,0.95,2024-03-05,24,24,9553.69
cqr_rolling_aci,0.95,2024-03-06,24,24,9600.2
cqr_rolling_aci,0.95,2024-03-07,24,24,9419.66
cqr_rolling_aci,0.95,2024-03-08,24,24,8420.69
cqr_rolling_aci,0.95,2024-03-09,24,24,7448.26
cqr_rolling_aci,0.95,2024-03-10,24,24,8589.96
cqr_rolling_aci,0.95,2024-03-11,24,24,9077.45
cqr_rolling_aci,0.95,2024-03-12,24,24,8523.32
cqr_rolling_aci,0.95,2024-03-13,24,24,8242.65
cqr_rolling_aci,0.95,2024-03-14,24,24,9157.86
cqr_rolling_aci,0.95,2024-03-15,24,24,10237.7
cqr_rolling_aci,0.95,2024-03-16,24,24,8925.52
cqr_rolling_aci,0.95,2024-03-17,24,24,9186.22
cqr_rolling_aci,0.95,2024-03-18,24,24,9882.04
cqr_rolling_aci,0.95,2024-03-19,24,24,9831.8
cqr_rolling_aci,0.95,2024-03-20,24,24,8756.28
cqr_rolling_aci,0.95,2024-03-21,24,24,8368.62
cqr_rolling_aci,0.95,2024-03-22,24,24,7280.95
cqr_rolling_aci,0.95,2024-03-23,24,24,6560.36
cqr_rolling_aci,0.95,2024-03-24,24,24,6748.74
cqr_rolling_aci,0.95,2024-03-25,24,24,8093.41
cqr_rolling_aci,0.95,2024-03-26,22,24,7664.71
cqr_rolling_aci,0.95,2024-03-27,18,24,6759.72
cqr_rolling_aci,0.95,2024-03-28,24,24,6990.23
cqr_rolling_aci,0.95,2024-03-29,24,24,7640.53
cqr_rolling_aci,0.95,2024-03-30,24,24,8754.4
cqr_rolling_aci,0.95,2024-03-31,22,23,8261.08
cqr_rolling_aci,0.95,2024-04-01,24,24,10061.8
cqr_rolling_aci,0.95,2024-04-02,24,24,8696.04
cqr_rolling_aci,0.95,2024-04-03,24,24,7274.02
cqr_rolling_aci,0.95,2024-04-04,24,24,6735.81
cqr_rolling_aci,0.95,2024-04-05,24,24,6741.13
cqr_rolling_aci,0.95,2024-04-06,24,24,7258.52
cqr_rolling_aci,0.95,2024-04-07,23,24,7015.38
cqr_rolling_aci,0.95,2024-04-08,24,24,7247.81
cqr_rolling_aci,0.95,2024-04-09,16,24,8263.58
cqr_rolling_aci,0.95,2024-04-10,24,24,6232.03
cqr_rolling_aci,0.95,2024-04-11,24,24,5306.41
cqr_rolling_aci,0.95,2024-04-12,24,24,5422.71
cqr_rolling_aci,0.95,2024-04-13,24,24,4597.06
cqr_rolling_aci,0.95,2024-04-14,24,24,4684.98
cqr_rolling_aci,0.95,2024-04-15,24,24,5626.94
cqr_rolling_aci,0.95,2024-04-16,24,24,6871.09
cqr_rolling_aci,0.95,2024-04-17,22,24,5645.57
cqr_rolling_aci,0.95,2024-04-18,24,24,5057.9
cqr_rolling_aci,0.95,2024-04-19,20,24,5204.83
cqr_rolling_aci,0.95,2024-04-20,24,24,7495.28
cqr_rolling_aci,0.95,2024-04-21,24,24,7018.59
cqr_rolling_aci,0.95,2024-04-22,24,24,8527.13
cqr_rolling_aci,0.95,2024-04-23,24,24,6506.39
cqr_rolling_aci,0.95,2024-04-24,23,24,6111.09
cqr_rolling_aci,0.95,2024-04-25,24,24,5590.27
cqr_rolling_aci,0.95,2024-04-26,22,24,5307.62
cqr_rolling_aci,0.95,2024-04-27,24,24,6450.94
cqr_rolling_aci,0.95,2024-04-28,24,24,7310.48
cqr_rolling_aci,0.95,2024-04-29,24,24,6539.36
cqr_rolling_aci,0.95,2024-04-30,21,24,5739.03
cqr_rolling_aci,0.95,2024-05-01,21,24,8329.84
cqr_rolling_aci,0.95,2024-05-02,19,24,8320.84
cqr_rolling_aci,0.95,2024-05-03,20,24,6409.47
cqr_rolling_aci,0.95,2024-05-04,24,24,5056.71
cqr_rolling_aci,0.95,2024-05-05,24,24,5391.37
cqr_rolling_aci,0.95,2024-05-06,23,24,5412.09
cqr_rolling_aci,0.95,2024-05-07,22,24,4310.4
cqr_rolling_aci,0.95,2024-05-08,24,24,6334.51
cqr_rolling_aci,0.95,2024-05-09,24,24,8141.55
cqr_rolling_aci,0.95,2024-05-10,18,24,8799.72
cqr_rolling_aci,0.95,2024-05-11,22,24,7843.9
cqr_rolling_aci,0.95,2024-05-12,24,24,4637.84
cqr_rolling_aci,0.95,2024-05-13,24,24,5842.1
cqr_rolling_aci,0.95,2024-05-14,24,24,5677.62
cqr_rolling_aci,0.95,2024-05-15,14,24,7065.87
cqr_rolling_aci,0.95,2024-05-16,24,24,5952.36
cqr_rolling_aci,0.95,2024-05-17,24,24,5466.6
cqr_rolling_aci,0.95,2024-05-18,9,24,3511.31
cqr_rolling_aci,0.95,2024-05-19,24,24,3904.48
cqr_rolling_aci,0.95,2024-05-20,24,24,7020.29
cqr_rolling_aci,0.95,2024-05-21,24,24,4540.1
cqr_rolling_aci,0.95,2024-05-22,24,24,3916.83
cqr_rolling_aci,0.95,2024-05-23,24,24,3923.7
cqr_rolling_aci,0.95,2024-05-24,24,24,3534.58
cqr_rolling_aci,0.95,2024-05-25,24,24,3317.76
cqr_rolling_aci,0.95,2024-05-26,24,24,3620.62
cqr_rolling_aci,0.95,2024-05-27,24,24,4695.83
cqr_rolling_aci,0.95,2024-05-28,24,24,4416.45
cqr_rolling_aci,0.95,2024-05-29,24,24,3566.9
cqr_rolling_aci,0.95,2024-05-30,24,24,3277.42
cqr_rolling_aci,0.95,2024-05-31,24,24,3539.7
cqr_rolling_aci,0.95,2024-06-01,24,24,3244.89
cqr_rolling_aci,0.95,2024-06-02,15,24,3148.73
cqr_rolling_aci,0.95,2024-06-03,24,24,3494.23
cqr_rolling_aci,0.95,2024-06-04,24,24,3624.16
cqr_rolling_aci,0.95,2024-06-05,24,24,2734.67
cqr_rolling_aci,0.95,2024-06-06,24,24,2710.03
cqr_rolling_aci,0.95,2024-06-07,24,24,2912.22
cqr_rolling_aci,0.95,2024-06-08,20,24,2842.91
cqr_rolling_aci,0.95,2024-06-09,19,24,2904.23
cqr_rolling_aci,0.95,2024-06-10,24,24,3792.81
cqr_rolling_aci,0.95,2024-06-11,24,24,3745.28
cqr_rolling_aci,0.95,2024-06-12,24,24,3091.89
cqr_rolling_aci,0.95,2024-06-13,24,24,2853.05
cqr_rolling_aci,0.95,2024-06-14,24,24,2759.19
cqr_rolling_aci,0.95,2024-06-15,24,24,2766.79
cqr_rolling_aci,0.95,2024-06-16,21,24,3143.48
cqr_rolling_aci,0.95,2024-06-17,24,24,3179.91
cqr_rolling_aci,0.95,2024-06-18,24,24,3559.38
cqr_rolling_aci,0.95,2024-06-19,24,24,3024.7
cqr_rolling_aci,0.95,2024-06-20,24,24,2659.82
cqr_rolling_aci,0.95,2024-06-21,24,24,2617.16
cqr_rolling_aci,0.95,2024-06-22,24,24,2721.32
cqr_rolling_aci,0.95,2024-06-23,24,24,2870.48
cqr_rolling_aci,0.95,2024-06-24,24,24,3014.49
cqr_rolling_aci,0.95,2024-06-25,24,24,2941.36
cqr_rolling_aci,0.95,2024-06-26,24,24,2847.28
cqr_rolling_aci,0.95,2024-06-27,24,24,2709.57
cqr_rolling_aci,0.95,2024-06-28,24,24,2293.4
cqr_rolling_aci,0.95,2024-06-29,24,24,2263.43
cqr_rolling_aci,0.95,2024-06-30,23,24,2407.92
cqr_rolling_aci,0.95,2024-07-01,24,24,2535.01
cqr_rolling_aci,0.95,2024-07-02,24,24,3009.41
cqr_rolling_aci,0.95,2024-07-03,24,24,2562.44
cqr_rolling_aci,0.95,2024-07-04,24,24,2384.47
cqr_rolling_aci,0.95,2024-07-05,23,24,1971.99
cqr_rolling_aci,0.95,2024-07-06,24,24,2316.27
cqr_rolling_aci,0.95,2024-07-07,24,24,2607.76
cqr_rolling_aci,0.95,2024-07-08,24,24,2568.6
cqr_rolling_aci,0.95,2024-07-09,22,24,2639.04
cqr_rolling_aci,0.95,2024-07-10,22,24,1994.83
cqr_rolling_aci,0.95,2024-07-11,20,24,2114.39
cqr_rolling_aci,0.95,2024-07-12,24,24,2154.77
cqr_rolling_aci,0.95,2024-07-13,24,24,2294.01
cqr_rolling_aci,0.95,2024-07-14,23,24,3071.85
cqr_rolling_aci,0.95,2024-07-15,24,24,2674.36
cqr_rolling_aci,0.95,2024-07-16,24,24,2518.5
cqr_rolling_aci,0.95,2024-07-17,24,24,1935.53
cqr_rolling_aci,0.95,2024-07-18,24,24,1764.56
cqr_rolling_aci,0.95,2024-07-19,24,24,2820.23
cqr_rolling_aci,0.95,2024-07-20,24,24,2638.69
cqr_rolling_aci,0.95,2024-07-21,23,24,2456.08
cqr_rolling_aci,0.95,2024-07-22,13,24,2445.01
cqr_rolling_aci,0.95,2024-07-23,24,24,2284.21
cqr_rolling_aci,0.95,2024-07-24,24,24,1941.3
cqr_rolling_aci,0.95,2024-07-25,21,24,1900.88
cqr_rolling_aci,0.95,2024-07-26,24,24,2404.23
cqr_rolling_aci,0.95,2024-07-27,24,24,2381.05
cqr_rolling_aci,0.95,2024-07-28,17,24,2154.4
cqr_rolling_aci,0.95,2024-07-29,22,24,2935.17
cqr_rolling_aci,0.95,2024-07-30,24,24,3250.62
cqr_rolling_aci,0.95,2024-07-31,24,24,2269.5
cqr_rolling_aci,0.95,2024-08-01,23,24,2107.56
cqr_rolling_aci,0.95,2024-08-02,14,24,2232.42
cqr_rolling_aci,0.95,2024-08-03,17,24,2164.45
cqr_rolling_aci,0.95,2024-08-04,24,24,2561.57
cqr_rolling_aci,0.95,2024-08-05,10,24,3327.88
cqr_rolling_aci,0.95,2024-08-06,19,24,3311.91
cqr_rolling_aci,0.95,2024-08-07,24,24,2976.07
cqr_rolling_aci,0.95,2024-08-08,24,24,2519.35
cqr_rolling_aci,0.95,2024-08-09,21,24,2536.54
cqr_rolling_aci,0.95,2024-08-10,21,24,2754.11
cqr_rolling_aci,0.95,2024-08-11,24,24,3310.37
cqr_rolling_aci,0.95,2024-08-12,24,24,3794.03
cqr_rolling_aci,0.95,2024-08-13,12,24,2862.36
cqr_rolling_aci,0.95,2024-08-14,12,24,2579.52
cqr_rolling_aci,0.95,2024-08-15,24,24,4664.5
cqr_rolling_aci,0.95,2024-08-16,22,24,4262.59
cqr_rolling_aci,0.95,2024-08-17,18,24,3555.95
cqr_rolling_aci,0.95,2024-08-18,17,24,3721.37
cqr_rolling_aci,0.95,2024-08-19,23,24,3811.94
cqr_rolling_aci,0.95,2024-08-20,24,24,3992
cqr_rolling_aci,0.95,2024-08-21,23,24,3614.83
cqr_rolling_aci,0.95,2024-08-22,24,24,4778.01
cqr_rolling_aci,0.95,2024-08-23,24,24,4560.92
cqr_rolling_aci,0.95,2024-08-24,22,24,3285.48
cqr_rolling_aci,0.95,2024-08-25,24,24,3060.82
cqr_rolling_aci,0.95,2024-08-26,24,24,3755.61
cqr_rolling_aci,0.95,2024-08-27,24,24,3854.3
cqr_rolling_aci,0.95,2024-08-28,24,24,3929.04
cqr_rolling_aci,0.95,2024-08-29,24,24,3403.85
cqr_rolling_aci,0.95,2024-08-30,24,24,3318.42
cqr_rolling_aci,0.95,2024-08-31,24,24,3256.96
cqr_rolling_aci,0.95,2024-09-01,15,24,3014.48
cqr_rolling_aci,0.95,2024-09-02,24,24,3197.64
cqr_rolling_aci,0.95,2024-09-03,24,24,3494.12
cqr_rolling_aci,0.95,2024-09-04,22,24,3168.56
cqr_rolling_aci,0.95,2024-09-05,23,24,3330.96
cqr_rolling_aci,0.95,2024-09-06,23,24,3018.04
cqr_rolling_aci,0.95,2024-09-07,24,24,3083.3
cqr_rolling_aci,0.95,2024-09-08,24,24,3901.71
cqr_rolling_aci,0.95,2024-09-09,24,24,3941.58
cqr_rolling_aci,0.95,2024-09-10,24,24,3469.84
cqr_rolling_aci,0.95,2024-09-11,24,24,3154.85
cqr_rolling_aci,0.95,2024-09-12,24,24,3496.6
cqr_rolling_aci,0.95,2024-09-13,24,24,3333.77
cqr_rolling_aci,0.95,2024-09-14,24,24,3330.13
cqr_rolling_aci,0.95,2024-09-15,24,24,3366.18
cqr_rolling_aci,0.95,2024-09-16,24,24,3175.67
cqr_rolling_aci,0.95,2024-09-17,24,24,2804.21
cqr_rolling_aci,0.95,2024-09-18,24,24,2633.91
cqr_rolling_aci,0.95,2024-09-19,24,24,3026.11
cqr_rolling_aci,0.95,2024-09-20,24,24,3106.84
cqr_rolling_aci,0.95,2024-09-21,24,24,3391.63
cqr_rolling_aci,0.95,2024-09-22,23,24,3590.96
cqr_rolling_aci,0.95,2024-09-23,24,24,3673.26
cqr_rolling_aci,0.95,2024-09-24,24,24,3407.73
cqr_rolling_aci,0.95,2024-09-25,23,24,2846.36
cqr_rolling_aci,0.95,2024-09-26,19,24,2602.72
cqr_rolling_aci,0.95,2024-09-27,20,24,2632.26
cqr_rolling_aci,0.95,2024-09-28,24,24,3457.13
cqr_rolling_aci,0.95,2024-09-29,24,24,3957.84
cqr_rolling_aci,0.95,2024-09-30,24,24,3640.93
cqr_rolling_aci,0.95,2024-10-01,19,24,3255.4
cqr_rolling_aci,0.95,2024-10-02,24,24,2889.02
cqr_rolling_aci,0.95,2024-10-03,24,24,3255.88
cqr_rolling_aci,0.95,2024-10-04,23,24,3657.44
cqr_rolling_aci,0.95,2024-10-05,24,24,3655.29
cqr_rolling_aci,0.95,2024-10-06,21,24,4661.72
cqr_rolling_aci,0.95,2024-10-07,24,24,3608.27
cqr_rolling_aci,0.95,2024-10-08,24,24,2960.4
cqr_rolling_aci,0.95,2024-10-09,24,24,3148.56
cqr_rolling_aci,0.95,2024-10-10,24,24,3301.68
cqr_rolling_aci,0.95,2024-10-11,23,24,3924.17
cqr_rolling_aci,0.95,2024-10-12,24,24,3703.65
cqr_rolling_aci,0.95,2024-10-13,24,24,4227.95
cqr_rolling_aci,0.95,2024-10-14,24,24,3578.58
cqr_rolling_aci,0.95,2024-10-15,21,24,2761.87
cqr_rolling_aci,0.95,2024-10-16,23,24,2768.13
cqr_rolling_aci,0.95,2024-10-17,24,24,2629.57
cqr_rolling_aci,0.95,2024-10-18,24,24,3449.45
cqr_rolling_aci,0.95,2024-10-19,24,24,3587.4
cqr_rolling_aci,0.95,2024-10-20,24,24,3817.5
cqr_rolling_aci,0.95,2024-10-21,24,24,3769.46
cqr_rolling_aci,0.95,2024-10-22,23,24,2984.11
cqr_rolling_aci,0.95,2024-10-23,13,24,2742.04
cqr_rolling_aci,0.95,2024-10-24,24,24,2811.45
cqr_rolling_aci,0.95,2024-10-25,18,24,3211.21
cqr_rolling_aci,0.95,2024-10-26,24,24,3329.65
cqr_rolling_aci,0.95,2024-10-27,23,24,4219.75
cqr_rolling_aci,0.95,2024-10-28,22,24,3879.94
cqr_rolling_aci,0.95,2024-10-29,23,24,3856.9
cqr_rolling_aci,0.95,2024-10-30,23,24,4091.27
cqr_rolling_aci,0.95,2024-10-31,21,24,3732.77
cqr_rolling_aci,0.95,2024-11-01,24,24,7021.84
cqr_rolling_aci,0.95,2024-11-02,24,24,5456.86
cqr_rolling_aci,0.95,2024-11-03,22,24,4887.91
cqr_rolling_aci,0.95,2024-11-04,17,24,4865.09
cqr_rolling_aci,0.95,2024-11-05,23,24,4486.16
cqr_rolling_aci,0.95,2024-11-06,24,24,4493.01
cqr_rolling_aci,0.95,2024-11-07,24,24,4772.53
cqr_rolling_aci,0.95,2024-11-08,22,24,6488.89
cqr_rolling_aci,0.95,2024-11-09,24,24,6150.72
cqr_rolling_aci,0.95,2024-11-10,20,24,4452.12
cqr_rolling_aci,0.95,2024-11-11,23,24,7108.55
cqr_rolling_aci,0.95,2024-11-12,24,24,6667.75
cqr_rolling_aci,0.95,2024-11-13,24,24,6353.97
cqr_rolling_aci,0.95,2024-11-14,24,24,5813.85
cqr_rolling_aci,0.95,2024-11-15,24,24,5917.22
cqr_rolling_aci,0.95,2024-11-16,24,24,5277.36
cqr_rolling_aci,0.95,2024-11-17,24,24,4509.8
cqr_rolling_aci,0.95,2024-11-18,24,24,6540.01
cqr_rolling_aci,0.95,2024-11-19,20,24,4953.23
cqr_rolling_aci,0.95,2024-11-20,14,24,6238.92
cqr_rolling_aci,0.95,2024-11-21,21,24,6393.24
cqr_rolling_aci,0.95,2024-11-22,24,24,7663.08
cqr_rolling_aci,0.95,2024-11-23,22,24,5852.29
cqr_rolling_aci,0.95,2024-11-24,12,24,6088.75
cqr_rolling_aci,0.95,2024-11-25,5,24,5471.34
cqr_rolling_aci,0.95,2024-11-26,24,24,7181.65
cqr_rolling_aci,0.95,2024-11-27,24,24,6401.32
cqr_rolling_aci,0.95,2024-11-28,11,24,6702.73
cqr_rolling_aci,0.95,2024-11-29,24,24,7622.51
cqr_rolling_aci,0.95,2024-11-30,24,24,8269.21
cqr_rolling_aci,0.95,2024-12-01,24,24,9496.68
cqr_rolling_aci,0.95,2024-12-02,24,24,7727.79
cqr_rolling_aci,0.95,2024-12-03,24,24,8646.03
cqr_rolling_aci,0.95,2024-12-04,24,24,9007.13
cqr_rolling_aci,0.95,2024-12-05,24,24,8983.82
cqr_rolling_aci,0.95,2024-12-06,24,24,9182.27
cqr_rolling_aci,0.95,2024-12-07,22,24,7154.55
cqr_rolling_aci,0.95,2024-12-08,22,24,8388.33
cqr_rolling_aci,0.95,2024-12-09,23,24,9289.46
cqr_rolling_aci,0.95,2024-12-10,24,24,9048.96
cqr_rolling_aci,0.95,2024-12-11,24,24,8691.17
cqr_rolling_aci,0.95,2024-12-12,24,24,8101.02
cqr_rolling_aci,0.95,2024-12-13,20,24,7725.51
cqr_rolling_aci,0.95,2024-12-14,24,24,7157.36
cqr_rolling_aci,0.95,2024-12-15,19,24,7930.31
cqr_rolling_aci,0.95,2024-12-16,24,24,8455.23
cqr_rolling_aci,0.95,2024-12-17,24,24,7784.43
cqr_rolling_aci,0.95,2024-12-18,24,24,7794.94
cqr_rolling_aci,0.95,2024-12-19,20,24,8018.2
cqr_rolling_aci,0.95,2024-12-20,24,24,9344.92
cqr_rolling_aci,0.95,2024-12-21,24,24,9153.14
cqr_rolling_aci,0.95,2024-12-22,24,24,9012.48
cqr_rolling_aci,0.95,2024-12-23,24,24,11409.8
cqr_rolling_aci,0.95,2024-12-24,19,24,11336
cqr_rolling_aci,0.95,2024-12-25,24,24,14472.5
cqr_rolling_aci,0.95,2024-12-26,24,24,10662.6
cqr_rolling_aci,0.95,2024-12-27,24,24,10283.5
cqr_rolling_aci,0.95,2024-12-28,24,24,10618.1
cqr_rolling_aci,0.95,2024-12-29,24,24,9499.03
cqr_rolling_aci,0.95,2024-12-30,24,24,10010.9
cqr_rolling_aci,0.95,2024-12-31,24,24,9480.33
cqr_rolling_aci,0.95,2025-01-01,24,24,12435.6
cqr_rolling_aci,0.95,2025-01-02,24,24,9972.81
cqr_rolling_aci,0.95,2025-01-03,24,24,9557.41
cqr_rolling_aci,0.95,2025-01-04,24,24,8781.66
cqr_rolling_aci,0.95,2025-01-05,24,24,10191.6
cqr_rolling_aci,0.95,2025-01-06,24,24,9674.95
cqr_rolling_aci,0.95,2025-01-07,22,24,9727.42
cqr_rolling_aci,0.95,2025-01-08,24,24,14328.2
cqr_rolling_aci,0.95,2025-01-09,24,24,9531.74
cqr_rolling_aci,0.95,2025-01-10,24,24,8558.12
cqr_rolling_aci,0.95,2025-01-11,24,24,7485.36
cqr_rolling_aci,0.95,2025-01-12,13,24,10197.9
cqr_rolling_aci,0.95,2025-01-13,16,24,9723.27
cqr_rolling_aci,0.95,2025-01-14,21,24,8582.62
cqr_rolling_aci,0.95,2025-01-15,22,24,9713.26
cqr_rolling_aci,0.95,2025-01-16,24,24,10094.5
cqr_rolling_aci,0.95,2025-01-17,24,24,10345.2
cqr_rolling_aci,0.95,2025-01-18,24,24,9118.37
cqr_rolling_aci,0.95,2025-01-19,24,24,9412.35
cqr_rolling_aci,0.95,2025-01-20,24,24,11239.1
cqr_rolling_aci,0.95,2025-01-21,24,24,11992.2
cqr_rolling_aci,0.95,2025-01-22,24,24,10397.8
cqr_rolling_aci,0.95,2025-01-23,24,24,11056.4
cqr_rolling_aci,0.95,2025-01-24,24,24,10198.7
cqr_rolling_aci,0.95,2025-01-25,21,24,8977.66
cqr_rolling_aci,0.95,2025-01-26,24,24,11134.9
cqr_rolling_aci,0.95,2025-01-27,24,24,10126.7
cqr_rolling_aci,0.95,2025-01-28,24,24,10845.3
cqr_rolling_aci,0.95,2025-01-29,24,24,9020.02
cqr_rolling_aci,0.95,2025-01-30,24,24,9510.76
cqr_rolling_aci,0.95,2025-01-31,24,24,9787.38
cqr_rolling_aci,0.95,2025-02-01,24,24,10315
cqr_rolling_aci,0.95,2025-02-02,24,24,8811.3
cqr_rolling_aci,0.95,2025-02-03,24,24,10423.6
cqr_rolling_aci,0.95,2025-02-04,24,24,9546.51
cqr_rolling_aci,0.95,2025-02-05,24,24,9483.88
cqr_rolling_aci,0.95,2025-02-06,24,24,9325.59
cqr_rolling_aci,0.95,2025-02-07,24,24,9589.83
cqr_rolling_aci,0.95,2025-02-08,24,24,8254.35
cqr_rolling_aci,0.95,2025-02-09,24,24,9663.26
cqr_rolling_aci,0.95,2025-02-10,24,24,10095.8
cqr_rolling_aci,0.95,2025-02-11,24,24,10774.3
cqr_rolling_aci,0.95,2025-02-12,24,24,9063.71
cqr_rolling_aci,0.95,2025-02-13,24,24,8733.31
cqr_rolling_aci,0.95,2025-02-14,24,24,8838.38
cqr_rolling_aci,0.95,2025-02-15,24,24,8809.01
cqr_rolling_aci,0.95,2025-02-16,24,24,8646.03
cqr_rolling_aci,0.95,2025-02-17,24,24,9781.72
cqr_rolling_aci,0.95,2025-02-18,24,24,9933.16
cqr_rolling_aci,0.95,2025-02-19,24,24,8860.3
cqr_rolling_aci,0.95,2025-02-20,24,24,8941.06
cqr_rolling_aci,0.95,2025-02-21,24,24,8077.76
cqr_rolling_aci,0.95,2025-02-22,24,24,9043.03
cqr_rolling_aci,0.95,2025-02-23,23,24,8596.49
cqr_rolling_aci,0.95,2025-02-24,24,24,9778.49
cqr_rolling_aci,0.95,2025-02-25,24,24,8753.2
cqr_rolling_aci,0.95,2025-02-26,20,24,7855.82
cqr_rolling_aci,0.95,2025-02-27,24,24,9608.02
cqr_rolling_aci,0.95,2025-02-28,24,24,8618.31
cqr_rolling_aci,0.95,2025-03-01,24,24,6712.26
cqr_rolling_aci,0.95,2025-03-02,24,24,7792.87
cqr_rolling_aci,0.95,2025-03-03,19,24,8777.81
cqr_rolling_aci,0.95,2025-03-04,22,24,8790.77
cqr_rolling_aci,0.95,2025-03-05,24,24,9062.4
cqr_rolling_aci,0.95,2025-03-06,24,24,7965.8
cqr_rolling_aci,0.95,2025-03-07,24,24,7256.63
cqr_rolling_aci,0.95,2025-03-08,24,24,7777.79
cqr_rolling_aci,0.95,2025-03-09,19,24,7592.47
cqr_rolling_aci,0.95,2025-03-10,13,24,9551.04
cqr_rolling_aci,0.95,2025-03-11,23,24,8575.53
cqr_rolling_aci,0.95,2025-03-12,24,24,10055.8
cqr_rolling_aci,0.95,2025-03-13,23,24,9539.71
cqr_rolling_aci,0.95,2025-03-14,24,24,9555.63
cqr_rolling_aci,0.95,2025-03-15,24,24,8047.43
cqr_rolling_aci,0.95,2025-03-16,24,24,7721.97
cqr_rolling_aci,0.95,2025-03-17,24,24,9622.83
cqr_rolling_aci,0.95,2025-03-18,24,24,9951.35
cqr_rolling_aci,0.95,2025-03-19,24,24,9797.24
cqr_rolling_aci,0.95,2025-03-20,24,24,8397.44
cqr_rolling_aci,0.95,2025-03-21,24,24,7896.89
cqr_rolling_aci,0.95,2025-03-22,24,24,7880.23
cqr_rolling_aci,0.95,2025-03-23,24,24,8722.09
cqr_rolling_aci,0.95,2025-03-24,24,24,9947.53
cqr_rolling_aci,0.95,2025-03-25,24,24,8800.35
cqr_rolling_aci,0.95,2025-03-26,24,24,8198.94
cqr_rolling_aci,0.95,2025-03-27,24,24,7291.44
cqr_rolling_aci,0.95,2025-03-28,24,24,7622.94
cqr_rolling_aci,0.95,2025-03-29,24,24,6841.04
cqr_rolling_aci,0.95,2025-03-30,21,23,7200.88
cqr_rolling_aci,0.95,2025-03-31,20,24,7798.72
cqr_rolling_aci,0.95,2025-04-01,24,24,7566.32
cqr_rolling_aci,0.95,2025-04-02,24,24,7304.54
cqr_rolling_aci,0.95,2025-04-03,24,24,6981.82
cqr_rolling_aci,0.95,2025-04-04,24,24,7073.29
cqr_rolling_aci,0.95,2025-04-05,23,24,6174.67
cqr_rolling_aci,0.95,2025-04-06,23,24,7314.63
cqr_rolling_aci,0.95,2025-04-07,24,24,8441.07
cqr_rolling_aci,0.95,2025-04-08,24,24,7347.46
cqr_rolling_aci,0.95,2025-04-09,24,24,5924.4
cqr_rolling_aci,0.95,2025-04-10,24,24,6513.37
cqr_rolling_aci,0.95,2025-04-11,24,24,5255.7
cqr_rolling_aci,0.95,2025-04-12,24,24,5045.06
cqr_rolling_aci,0.95,2025-04-13,24,24,5381.71
cqr_rolling_aci,0.95,2025-04-14,24,24,6165.79
cqr_rolling_aci,0.95,2025-04-15,22,24,5599.72
cqr_rolling_aci,0.95,2025-04-16,13,24,5447.33
cqr_rolling_aci,0.95,2025-04-17,21,24,5205.56
cqr_rolling_aci,0.95,2025-04-18,24,24,5418.08
cqr_rolling_aci,0.95,2025-04-19,24,24,5049.99
cqr_rolling_aci,0.95,2025-04-20,24,24,5769.17
cqr_rolling_aci,0.95,2025-04-21,24,24,7019.94
cqr_rolling_aci,0.95,2025-04-22,24,24,5461.28
cqr_rolling_aci,0.95,2025-04-23,24,24,5996.02
cqr_rolling_aci,0.95,2025-04-24,24,24,5277.99
cqr_rolling_aci,0.95,2025-04-25,24,24,5099.37
cqr_rolling_aci,0.95,2025-04-26,24,24,4732.6
cqr_rolling_aci,0.95,2025-04-27,24,24,5299.83
cqr_rolling_aci,0.95,2025-04-28,24,24,5192.88
cqr_rolling_aci,0.95,2025-04-29,22,24,5223.74
cqr_rolling_aci,0.95,2025-04-30,21,24,4548.16
cqr_rolling_aci,0.95,2025-05-01,9,24,7398.88
cqr_rolling_aci,0.95,2025-05-02,20,24,8570.76
cqr_rolling_aci,0.95,2025-05-03,24,24,7746.98
cqr_rolling_aci,0.95,2025-05-04,24,24,5854.99
cqr_rolling_aci,0.95,2025-05-05,24,24,6595.32
cqr_rolling_aci,0.95,2025-05-06,24,24,4976.21
cqr_rolling_aci,0.95,2025-05-07,24,24,4457.35
cqr_rolling_aci,0.95,2025-05-08,24,24,6123.32
cqr_rolling_aci,0.95,2025-05-09,24,24,7042.43
cqr_rolling_aci,0.95,2025-05-10,24,24,5472.78
cqr_rolling_aci,0.95,2025-05-11,24,24,5186.03
cqr_rolling_aci,0.95,2025-05-12,24,24,5963.61
cqr_rolling_aci,0.95,2025-05-13,24,24,5509.08
cqr_rolling_aci,0.95,2025-05-14,24,24,4428.83
cqr_rolling_aci,0.95,2025-05-15,19,24,5964.7
cqr_rolling_aci,0.95,2025-05-16,24,24,5018.51
cqr_rolling_aci,0.95,2025-05-17,24,24,4492.43
cqr_rolling_aci,0.95,2025-05-18,24,24,3656.72
cqr_rolling_aci,0.95,2025-05-19,24,24,3757.83
cqr_rolling_aci,0.95,2025-05-20,24,24,3685.64
cqr_rolling_aci,0.95,2025-05-21,19,24,3154.18
cqr_rolling_aci,0.95,2025-05-22,24,24,3569.79
cqr_rolling_aci,0.95,2025-05-23,24,24,3925.83
cqr_rolling_aci,0.95,2025-05-24,24,24,3753.86
cqr_rolling_aci,0.95,2025-05-25,24,24,3962.65
cqr_rolling_aci,0.95,2025-05-26,24,24,3448.21
cqr_rolling_aci,0.95,2025-05-27,24,24,3435.57
cqr_rolling_aci,0.95,2025-05-28,23,24,3484.34
cqr_rolling_aci,0.95,2025-05-29,24,24,6135.53
cqr_rolling_aci,0.95,2025-05-30,24,24,5954.8
cqr_rolling_aci,0.95,2025-05-31,24,24,4238.12
cqr_rolling_aci,0.95,2025-06-01,24,24,3700.37
cqr_rolling_aci,0.95,2025-06-02,24,24,3768.74
cqr_rolling_aci,0.95,2025-06-03,24,24,3337.62
cqr_rolling_aci,0.95,2025-06-04,24,24,2959.12
cqr_rolling_aci,0.95,2025-06-05,20,24,3312.17
cqr_rolling_aci,0.95,2025-06-06,24,24,3323.86
cqr_rolling_aci,0.95,2025-06-07,23,24,3067.71
cqr_rolling_aci,0.95,2025-06-08,21,24,3153.02
cqr_rolling_aci,0.95,2025-06-09,24,24,5572.11
cqr_rolling_aci,0.95,2025-06-10,24,24,3108.26
cqr_rolling_aci,0.95,2025-06-11,24,24,3149.86
cqr_rolling_aci,0.95,2025-06-12,24,24,2895.87
cqr_rolling_aci,0.95,2025-06-13,24,24,3025.34
cqr_rolling_aci,0.95,2025-06-14,22,24,2396.37
cqr_rolling_aci,0.95,2025-06-15,24,24,2808.45
cqr_rolling_aci,0.95,2025-06-16,24,24,3683.26
cqr_rolling_aci,0.95,2025-06-17,24,24,3197.34
cqr_rolling_aci,0.95,2025-06-18,24,24,2373.71
cqr_rolling_aci,0.95,2025-06-19,22,24,2175.76
cqr_rolling_aci,0.95,2025-06-20,24,24,2039.16
cqr_rolling_aci,0.95,2025-06-21,24,24,2181.01
cqr_rolling_aci,0.95,2025-06-22,24,24,2465.15
cqr_rolling_aci,0.95,2025-06-23,23,24,2425.05
cqr_rolling_aci,0.95,2025-06-24,20,24,2199.42
cqr_rolling_aci,0.95,2025-06-25,24,24,2210.42
cqr_rolling_aci,0.95,2025-06-26,21,24,2184.52
cqr_rolling_aci,0.95,2025-06-27,24,24,2117.63
cqr_rolling_aci,0.95,2025-06-28,24,24,2506.71
cqr_rolling_aci,0.95,2025-06-29,24,24,2715.68
cqr_rolling_aci,0.95,2025-06-30,9,24,3232.07
cqr_rolling_aci,0.95,2025-07-01,18,24,3348.2
cqr_rolling_aci,0.95,2025-07-02,20,24,3099.53
cqr_rolling_aci,0.95,2025-07-03,24,24,2980.97
cqr_rolling_aci,0.95,2025-07-04,24,24,2525.12
cqr_rolling_aci,0.95,2025-07-05,17,24,2561.33
cqr_rolling_aci,0.95,2025-07-06,18,24,3814.54
cqr_rolling_aci,0.95,2025-07-07,4,24,4110.12
cqr_rolling_aci,0.95,2025-07-08,18,24,4237.13
cqr_rolling_aci,0.95,2025-07-09,24,24,4120.03
cqr_rolling_aci,0.95,2025-07-10,24,24,4161.83
cqr_rolling_aci,0.95,2025-07-11,24,24,3661.27
cqr_rolling_aci,0.95,2025-07-12,24,24,3153.14
cqr_rolling_aci,0.95,2025-07-13,24,24,3688.29
cqr_rolling_aci,0.95,2025-07-14,23,24,5901.04
cqr_rolling_aci,0.95,2025-07-15,24,24,3906.86
cqr_rolling_aci,0.95,2025-07-16,24,24,3200.61
cqr_rolling_aci,0.95,2025-07-17,24,24,2811
cqr_rolling_aci,0.95,2025-07-18,24,24,2488.72
cqr_rolling_aci,0.95,2025-07-19,22,24,2789.94
cqr_rolling_aci,0.95,2025-07-20,24,24,3526.11
cqr_rolling_aci,0.95,2025-07-21,24,24,4189.26
cqr_rolling_aci,0.95,2025-07-22,15,24,3353.03
cqr_rolling_aci,0.95,2025-07-23,23,24,2901.59
cqr_rolling_aci,0.95,2025-07-24,24,24,3391.3
cqr_rolling_aci,0.95,2025-07-25,24,24,3285.95
cqr_rolling_aci,0.95,2025-07-26,24,24,3181.25
cqr_rolling_aci,0.95,2025-07-27,24,24,3401.5
cqr_rolling_aci,0.95,2025-07-28,24,24,3470.8
cqr_rolling_aci,0.95,2025-07-29,24,24,3346.55
cqr_rolling_aci,0.95,2025-07-30,24,24,3082.4
cqr_rolling_aci,0.95,2025-07-31,24,24,3001.99
cqr_rolling_aci,0.95,2025-08-01,24,24,2783.06
cqr_rolling_aci,0.95,2025-08-02,24,24,2725.82
cqr_rolling_aci,0.95,2025-08-03,24,24,3057.86
cqr_rolling_aci,0.95,2025-08-04,21,24,3640.47
cqr_rolling_aci,0.95,2025-08-05,24,24,3090.03
cqr_rolling_aci,0.95,2025-08-06,15,24,2710.41
cqr_rolling_aci,0.95,2025-08-07,22,24,2627.03
cqr_rolling_aci,0.95,2025-08-08,24,24,3358.88
cqr_rolling_aci,0.95,2025-08-09,21,24,3464.61
cqr_rolling_aci,0.95,2025-08-10,24,24,3372.99
cqr_rolling_aci,0.95,2025-08-11,24,24,3947.18
cqr_rolling_aci,0.95,2025-08-12,24,24,4332.79
cqr_rolling_aci,0.95,2025-08-13,24,24,3959.57
cqr_rolling_aci,0.95,2025-08-14,23,24,3354.25
cqr_rolling_aci,0.95,2025-08-15,24,24,5249.5
cqr_rolling_aci,0.95,2025-08-16,24,24,3203.04
cqr_rolling_aci,0.95,2025-08-17,24,24,3210.25
cqr_rolling_aci,0.95,2025-08-18,21,24,3100.11
cqr_rolling_aci,0.95,2025-08-19,20,24,3067.4
cqr_rolling_aci,0.95,2025-08-20,24,24,3955.07
cqr_rolling_aci,0.95,2025-08-21,24,24,3279.77
cqr_rolling_aci,0.95,2025-08-22,19,24,3762.42
cqr_rolling_aci,0.95,2025-08-23,14,24,3329.22
cqr_rolling_aci,0.95,2025-08-24,24,24,3631.51
cqr_rolling_aci,0.95,2025-08-25,24,24,4256.05
cqr_rolling_aci,0.95,2025-08-26,24,24,3942.3
cqr_rolling_aci,0.95,2025-08-27,22,24,3369.64
cqr_rolling_aci,0.95,2025-08-28,24,24,3183.58
cqr_rolling_aci,0.95,2025-08-29,24,24,3381.34
cqr_rolling_aci,0.95,2025-08-30,24,24,3295.58
cqr_rolling_aci,0.95,2025-08-31,24,24,3191.11
cqr_rolling_aci,0.95,2025-09-01,24,24,3732.58
cqr_rolling_aci,0.95,2025-09-02,24,24,3925.7
cqr_rolling_aci,0.95,2025-09-03,20,24,3316.63
cqr_rolling_aci,0.95,2025-09-04,24,24,3239.25
cqr_rolling_aci,0.95,2025-09-05,24,24,3015.27
cqr_rolling_aci,0.95,2025-09-06,24,24,2982.6
cqr_rolling_aci,0.95,2025-09-07,24,24,3037.71
cqr_rolling_aci,0.95,2025-09-08,24,24,3202.69
cqr_rolling_aci,0.95,2025-09-09,24,24,3221.01
cqr_rolling_aci,0.95,2025-09-10,23,24,3030.39
cqr_rolling_aci,0.95,2025-09-11,24,24,3019.41
cqr_rolling_aci,0.95,2025-09-12,24,24,2706.91
cqr_rolling_aci,0.95,2025-09-13,24,24,3135.97
cqr_rolling_aci,0.95,2025-09-14,24,24,3241.6
cqr_rolling_aci,0.95,2025-09-15,21,24,3122.08
cqr_rolling_aci,0.95,2025-09-16,24,24,3080.77
cqr_rolling_aci,0.95,2025-09-17,24,24,2701.51
cqr_rolling_aci,0.95,2025-09-18,14,24,2699.75
cqr_rolling_aci,0.95,2025-09-19,24,24,2933.03
cqr_rolling_aci,0.95,2025-09-20,24,24,3086.52
cqr_rolling_aci,0.95,2025-09-21,24,24,3347.47
cqr_rolling_aci,0.95,2025-09-22,23,24,3871.88
cqr_rolling_aci,0.95,2025-09-23,24,24,4393.37
cqr_rolling_aci,0.95,2025-09-24,24,24,3993.56
cqr_rolling_aci,0.95,2025-09-25,24,24,3664.15
cqr_rolling_aci,0.95,2025-09-26,20,24,3788.8
cqr_rolling_aci,0.95,2025-09-27,23,24,3899.42
cqr_rolling_aci,0.95,2025-09-28,24,24,4050.82
cqr_rolling_aci,0.95,2025-09-29,24,24,3701.12
cqr_rolling_aci,0.95,2025-09-30,24,24,3603.57
cqr_rolling_aci,0.95,2025-10-01,24,24,3529.82
cqr_rolling_aci,0.95,2025-10-02,24,24,3271.07
cqr_rolling_aci,0.95,2025-10-03,24,24,3502.19
cqr_rolling_aci,0.95,2025-10-04,22,24,3024.85
cqr_rolling_aci,0.95,2025-10-05,24,24,3743.62
cqr_rolling_aci,0.95,2025-10-06,24,24,3830.17
cqr_rolling_aci,0.95,2025-10-07,24,24,3066.22
cqr_rolling_aci,0.95,2025-10-08,24,24,2858.8
cqr_rolling_aci,0.95,2025-10-09,20,24,2737.73
cqr_rolling_aci,0.95,2025-10-10,24,24,2542.48
cqr_rolling_aci,0.95,2025-10-11,24,24,2660.65
cqr_rolling_aci,0.95,2025-10-12,24,24,3060.4
cqr_rolling_aci,0.95,2025-10-13,24,24,3610.29
cqr_rolling_aci,0.95,2025-10-14,24,24,3103.34
cqr_rolling_aci,0.95,2025-10-15,21,24,2760.07
cqr_rolling_aci,0.95,2025-10-16,21,24,2449.85
cqr_rolling_aci,0.95,2025-10-17,24,24,2933.85
cqr_rolling_aci,0.95,2025-10-18,24,24,3034.09
cqr_rolling_aci,0.95,2025-10-19,21,24,3735.08
cqr_rolling_aci,0.95,2025-10-20,22,24,3882.83
cqr_rolling_aci,0.95,2025-10-21,24,24,3175.86
cqr_rolling_aci,0.95,2025-10-22,23,24,2907.76
cqr_rolling_aci,0.95,2025-10-23,16,24,3183.85
cqr_rolling_aci,0.95,2025-10-24,21,24,3736.44
cqr_rolling_aci,0.95,2025-10-25,24,24,3385.27
cqr_rolling_aci,0.95,2025-10-26,22,24,4440.41
cqr_rolling_aci,0.95,2025-10-27,24,24,4903.64
cqr_rolling_aci,0.95,2025-10-28,24,24,4114.78
cqr_rolling_aci,0.95,2025-10-29,24,24,3815.29
cqr_rolling_aci,0.95,2025-10-30,21,24,4152.73
cqr_rolling_aci,0.95,2025-10-31,23,24,4232.21
cqr_rolling_aci,0.95,2025-11-01,24,24,5568.69
cqr_rolling_aci,0.95,2025-11-02,24,24,5786.06
cqr_rolling_aci,0.95,2025-11-03,24,24,5309.12
cqr_rolling_aci,0.95,2025-11-04,23,24,4452.29
cqr_rolling_aci,0.95,2025-11-05,21,24,3839.04
cqr_rolling_aci,0.95,2025-11-06,24,24,4200.92
cqr_rolling_aci,0.95,2025-11-07,24,24,4521.9
cqr_rolling_aci,0.95,2025-11-08,22,24,4558.84
cqr_rolling_aci,0.95,2025-11-09,24,24,4469.99
cqr_rolling_aci,0.95,2025-11-10,24,24,7319.13
cqr_rolling_aci,0.95,2025-11-11,24,24,7007.71
cqr_rolling_aci,0.95,2025-11-12,24,24,3944.61
cqr_rolling_aci,0.95,2025-11-13,24,24,3763.42
cqr_rolling_aci,0.95,2025-11-14,24,24,3634.37
cqr_rolling_aci,0.95,2025-11-15,24,24,4110.76
cqr_rolling_aci,0.95,2025-11-16,24,24,4954.24
cqr_rolling_aci,0.95,2025-11-17,24,24,8096.58
cqr_rolling_aci,0.95,2025-11-18,20,24,8371.83
cqr_rolling_aci,0.95,2025-11-19,12,24,6928.91
cqr_rolling_aci,0.95,2025-11-20,24,24,6710.81
cqr_rolling_aci,0.95,2025-11-21,24,24,7942.24
cqr_rolling_aci,0.95,2025-11-22,15,24,5960.36
cqr_rolling_aci,0.95,2025-11-23,20,24,6487.98
cqr_rolling_aci,0.95,2025-11-24,2,24,7656.08
cqr_rolling_aci,0.95,2025-11-25,12,24,6525.02
cqr_rolling_aci,0.95,2025-11-26,24,24,7009.76
cqr_rolling_aci,0.95,2025-11-27,24,24,6995.99
cqr_rolling_aci,0.95,2025-11-28,21,24,7015.91
cqr_rolling_aci,0.95,2025-11-29,17,24,6639.56
cqr_rolling_aci,0.95,2025-11-30,20,24,6872.24
cqr_rolling_aci,0.95,2025-12-01,19,24,9581.24
cqr_rolling_aci,0.95,2025-12-02,21,24,7486.07
cqr_rolling_aci,0.95,2025-12-03,15,24,7361.8
cqr_rolling_aci,0.95,2025-12-04,24,24,8278.35
cqr_rolling_aci,0.95,2025-12-05,24,24,9517.32
cqr_rolling_aci,0.95,2025-12-06,24,24,7592.19
cqr_rolling_aci,0.95,2025-12-07,24,24,8049.04
cqr_rolling_aci,0.95,2025-12-08,24,24,9043.31
cqr_rolling_aci,0.95,2025-12-09,24,24,8004.1
cqr_rolling_aci,0.95,2025-12-10,24,24,7960.98
cqr_rolling_aci,0.95,2025-12-11,24,24,8024.21
cqr_rolling_aci,0.95,2025-12-12,24,24,8051.9
cqr_rolling_aci,0.95,2025-12-13,24,24,7507.91
cqr_rolling_aci,0.95,2025-12-14,24,24,7789.22
cqr_rolling_aci,0.95,2025-12-15,24,24,7957.04
cqr_rolling_aci,0.95,2025-12-16,24,24,7453.54
cqr_rolling_aci,0.95,2025-12-17,24,24,7138.52
cqr_rolling_aci,0.95,2025-12-18,24,24,7594.47
cqr_rolling_aci,0.95,2025-12-19,24,24,6923.73
cqr_rolling_aci,0.95,2025-12-20,24,24,6348.6
cqr_rolling_aci,0.95,2025-12-21,24,24,6972.24
cqr_rolling_aci,0.95,2025-12-22,24,24,8104.93
cqr_rolling_aci,0.95,2025-12-23,22,24,8327.62
cqr_rolling_aci,0.95,2025-12-24,24,24,9159
cqr_rolling_aci,0.95,2025-12-25,24,24,14164.1
cqr_rolling_aci,0.95,2025-12-26,24,24,10984
cqr_rolling_aci,0.95,2025-12-27,6,24,7389.37
cqr_rolling_aci,0.95,2025-12-28,24,24,6746.89
cqr_rolling_aci,0.95,2025-12-29,24,24,11391.7
cqr_rolling_aci,0.95,2025-12-30,24,24,11119.4
cqr_rolling_aci,0.95,2025-12-31,24,24,10610.4
cqr_rolling_aci,0.95,2026-01-01,24,24,14853.8
cqr_rolling_aci,0.95,2026-01-02,24,24,10490.4
cqr_rolling_aci,0.95,2026-01-03,24,24,10349.7
cqr_rolling_aci,0.95,2026-01-04,24,24,11305.9
cqr_rolling_aci,0.95,2026-01-05,19,24,11279.2
cqr_rolling_aci,0.95,2026-01-06,22,24,11623.5
cqr_rolling_aci,0.95,2026-01-07,24,24,12779.5
cqr_rolling_aci,0.95,2026-01-08,20,24,12278
cqr_rolling_aci,0.95,2026-01-09,24,24,11992
cqr_rolling_aci,0.95,2026-01-10,24,24,9305.53
cqr_rolling_aci,0.95,2026-01-11,24,24,10299.3
cqr_rolling_aci,0.95,2026-01-12,24,24,10909.5
cqr_rolling_aci,0.95,2026-01-13,20,24,10301.1
cqr_rolling_aci,0.95,2026-01-14,19,24,9223.59
cqr_rolling_aci,0.95,2026-01-15,24,24,9224.5
cqr_rolling_aci,0.95,2026-01-16,24,24,8982.79
cqr_rolling_aci,0.95,2026-01-17,24,24,8077.09
cqr_rolling_aci,0.95,2026-01-18,24,24,8718.68
cqr_rolling_aci,0.95,2026-01-19,24,24,9774.49
cqr_rolling_aci,0.95,2026-01-20,23,24,10113.2
cqr_rolling_aci,0.95,2026-01-21,24,24,9601.93
cqr_rolling_aci,0.95,2026-01-22,24,24,9240.47
cqr_rolling_aci,0.95,2026-01-23,24,24,8856.51
cqr_rolling_aci,0.95,2026-01-24,24,24,8014.68
cqr_rolling_aci,0.95,2026-01-25,24,24,8564.86
cqr_rolling_aci,0.95,2026-01-26,24,24,9915.03
cqr_rolling_aci,0.95,2026-01-27,24,24,9320.74
cqr_rolling_aci,0.95,2026-01-28,24,24,8924.66
cqr_rolling_aci,0.95,2026-01-29,24,24,9055.85
cqr_rolling_aci,0.95,2026-01-30,24,24,8938.84
cqr_rolling_aci,0.95,2026-01-31,24,24,7432.31
cqr_rolling_aci,0.95,2026-02-01,24,24,8478.92
cqr_rolling_aci,0.95,2026-02-02,24,24,9813.71
cqr_rolling_aci,0.95,2026-02-03,24,24,8737.72
cqr_rolling_aci,0.95,2026-02-04,24,24,7911.17
cqr_rolling_aci,0.95,2026-02-05,24,24,8555.85
cqr_rolling_aci,0.95,2026-02-06,24,24,7381.14
cqr_rolling_aci,0.95,2026-02-07,24,24,7892.41
cqr_rolling_aci,0.95,2026-02-08,24,24,7758.7
cqr_rolling_aci,0.95,2026-02-09,24,24,8753.54
cqr_rolling_aci,0.95,2026-02-10,24,24,7788.42
cqr_rolling_aci,0.95,2026-02-11,24,24,8060.48
cqr_rolling_aci,0.95,2026-02-12,24,24,8200.52
cqr_rolling_aci,0.95,2026-02-13,24,24,8712.62
cqr_rolling_aci,0.95,2026-02-14,23,24,9513.72
cqr_rolling_aci,0.95,2026-02-15,18,24,8729.28
cqr_rolling_aci,0.95,2026-02-16,24,24,9010.59
cqr_rolling_aci,0.95,2026-02-17,24,24,9531.64
cqr_rolling_aci,0.95,2026-02-18,24,24,8371.2
cqr_rolling_aci,0.95,2026-02-19,24,24,8281.45
cqr_rolling_aci,0.95,2026-02-20,24,24,7880.71
cqr_rolling_aci,0.95,2026-02-21,17,24,7386.86
cqr_rolling_aci,0.95,2026-02-22,24,24,8750.31
cqr_rolling_aci,0.95,2026-02-23,24,24,9492.55
cqr_rolling_aci,0.95,2026-02-24,24,24,7203.86
cqr_rolling_aci,0.95,2026-02-25,24,24,6985.68
cqr_rolling_aci,0.95,2026-02-26,24,24,7496.52
cqr_rolling_aci,0.95,2026-02-27,24,24,8239.63
cqr_rolling_aci,0.95,2026-02-28,24,24,7768.05
cqr_rolling_aci,0.95,2026-03-01,21,24,6742.73
cqr_rolling_aci,0.95,2026-03-02,24,24,7931.44
cqr_rolling_aci,0.95,2026-03-03,24,24,6530.25
cqr_rolling_aci,0.95,2026-03-04,24,24,6289.89
cqr_rolling_aci,0.95,2026-03-05,24,24,6486.88
cqr_rolling_aci,0.95,2026-03-06,24,24,6505.28
cqr_rolling_aci,0.95,2026-03-07,24,24,6312.23
cqr_rolling_aci,0.95,2026-03-08,24,24,6813.71
cqr_rolling_aci,0.95,2026-03-09,24,24,6886.38
cqr_rolling_aci,0.95,2026-03-10,24,24,6162.88
cqr_rolling_aci,0.95,2026-03-11,14,24,6288.79
cqr_rolling_aci,0.95,2026-03-12,23,24,5226.64
cqr_rolling_aci,0.95,2026-03-13,24,24,5920.58
cqr_rolling_aci,0.95,2026-03-14,24,24,6466.96
cqr_rolling_aci,0.95,2026-03-15,22,24,6188.67
cqr_rolling_aci,0.95,2026-03-16,24,24,7160.35
cqr_rolling_aci,0.95,2026-03-17,24,24,6498.84
cqr_rolling_aci,0.95,2026-03-18,24,24,7282.42
cqr_rolling_aci,0.95,2026-03-19,24,24,8148.25
cqr_rolling_aci,0.95,2026-03-20,24,24,7917.8
cqr_rolling_aci,0.95,2026-03-21,24,24,7855.69
cqr_rolling_aci,0.95,2026-03-22,18,24,8540.92
cqr_rolling_aci,0.95,2026-03-23,24,24,7826.55
cqr_rolling_aci,0.95,2026-03-24,24,24,6937.62
cqr_rolling_aci,0.95,2026-03-25,21,24,6530.18
cqr_rolling_aci,0.95,2026-03-26,23,24,7992.98
cqr_rolling_aci,0.95,2026-03-27,24,24,7713.76
cqr_rolling_aci,0.95,2026-03-28,24,24,6649.13
cqr_rolling_aci,0.95,2026-03-29,22,23,8305.27
cqr_rolling_aci,0.95,2026-03-30,21,24,7361.04
cqr_rolling_aci,0.95,2026-03-31,24,24,7111.34
cqr_rolling_aci,0.95,2026-04-01,24,24,7170.84
cqr_rolling_aci,0.95,2026-04-02,24,24,7760.85
cqr_rolling_aci,0.95,2026-04-03,24,24,6923.35
cqr_rolling_aci,0.95,2026-04-04,16,24,6583.05
cqr_rolling_aci,0.95,2026-04-05,10,24,6797.64
cqr_rolling_aci,0.95,2026-04-06,24,24,9355.36
cqr_rolling_aci,0.95,2026-04-07,21,24,10931.6
cqr_rolling_aci,0.95,2026-04-08,24,24,7592.6
cqr_rolling_aci,0.95,2026-04-09,24,24,7422.8
cqr_rolling_aci,0.95,2026-04-10,24,24,7523.91
cqr_rolling_aci,0.95,2026-04-11,20,24,6250.26
cqr_rolling_aci,0.95,2026-04-12,17,24,6765.82
cqr_rolling_aci,0.95,2026-04-13,24,24,11471.9
cqr_rolling_aci,0.95,2026-04-14,24,24,7010.03
cqr_rolling_aci,0.95,2026-04-15,24,24,6293.84
cqr_rolling_aci,0.95,2026-04-16,24,24,5461.4
cqr_rolling_aci,0.95,2026-04-17,24,24,5857.32
cqr_rolling_aci,0.95,2026-04-18,24,24,5500.26
cqr_rolling_aci,0.95,2026-04-19,24,24,6832.01
cqr_rolling_aci,0.95,2026-04-20,24,24,7511.92
cqr_rolling_aci,0.95,2026-04-21,24,24,6605.95
cqr_rolling_aci,0.95,2026-04-22,24,24,5773.01
cqr_rolling_aci,0.95,2026-04-23,24,24,4704.24
cqr_rolling_aci,0.95,2026-04-24,24,24,4630.3
cqr_rolling_aci,0.95,2026-04-25,24,24,4514.16
cqr_rolling_aci,0.95,2026-04-26,24,24,4956.82
cqr_rolling_aci,0.95,2026-04-27,24,24,4864.26
cqr_rolling_aci,0.95,2026-04-28,24,24,5053.24
cqr_rolling_aci,0.95,2026-04-29,24,24,4514.54
cqr_rolling_aci,0.95,2026-04-30,23,24,4139.87
cqr_rolling_aci,0.95,2026-05-01,20,24,6445.22
cqr_rolling_aci,0.95,2026-05-02,22,24,4956.49
cqr_rolling_aci,0.95,2026-05-03,23,24,5367.02
cqr_rolling_aci,0.95,2026-05-04,22,24,4845.48
cqr_rolling_aci,0.95,2026-05-05,24,24,4921.59
cqr_rolling_aci,0.95,2026-05-06,24,24,4768.52
cqr_rolling_aci,0.95,2026-05-07,24,24,3937.06
cqr_rolling_aci,0.95,2026-05-08,24,24,6304.16
cqr_rolling_aci,0.95,2026-05-09,24,24,5121.43
cqr_rolling_aci,0.95,2026-05-10,24,24,4905.79
cqr_rolling_aci,0.95,2026-05-11,24,24,5412.36
cqr_rolling_aci,0.95,2026-05-12,23,24,5123.39
cqr_rolling_aci,0.95,2026-05-13,24,24,5013.08
cqr_rolling_aci,0.95,2026-05-14,24,24,7454.01
cqr_rolling_aci,0.95,2026-05-15,24,24,8330.38
cqr_rolling_aci,0.95,2026-05-16,24,24,6579.2
cqr_rolling_aci,0.95,2026-05-17,24,24,5983.88
cqr_rolling_aci,0.95,2026-05-18,24,24,5276.32
cqr_rolling_aci,0.95,2026-05-19,24,24,4538.36
cqr_rolling_aci,0.95,2026-05-20,24,24,4281.06
cqr_rolling_aci,0.95,2026-05-21,24,24,4820.42
cqr_rolling_aci,0.95,2026-05-22,24,24,5348
cqr_rolling_aci,0.95,2026-05-23,22,24,5775.02
cqr_rolling_aci,0.95,2026-05-24,24,24,4758.47
cqr_rolling_aci,0.95,2026-05-25,24,24,7470.21
cqr_rolling_aci,0.95,2026-05-26,24,24,5858.49
cqr_rolling_aci,0.95,2026-05-27,14,24,4882.17
cqr_rolling_aci,0.95,2026-05-28,14,24,4084.26
cqr_rolling_aci,0.95,2026-05-29,18,24,3512.65
cqr_rolling_aci,0.95,2026-05-30,24,24,3621.43
cqr_rolling_aci,0.95,2026-05-31,24,24,4629.63
cqr_rolling_aci,0.95,2026-06-01,24,24,5990.58
cqr_rolling_aci,0.95,2026-06-02,23,24,4304.27
cqr_rolling_aci,0.95,2026-06-03,24,24,4013.56
cqr_rolling_aci,0.95,2026-06-04,24,24,4608.85
cqr_rolling_aci,0.95,2026-06-05,24,24,4189.36
cqr_rolling_aci,0.95,2026-06-06,24,24,4073.11
cqr_rolling_aci,0.95,2026-06-07,24,24,3736.21
cqr_rolling_aci,0.95,2026-06-08,24,24,3952.02
cqr_rolling_aci,0.95,2026-06-09,24,24,3627.96
cqr_rolling_aci,0.95,2026-06-10,24,24,3025.22
cqr_rolling_aci,0.95,2026-06-11,24,24,3062.73
cqr_rolling_aci,0.95,2026-06-12,21,24,2851.78
cqr_rolling_aci,0.95,2026-06-13,24,24,3111.93
cqr_rolling_aci,0.95,2026-06-14,24,24,3302.5
cqr_rolling_aci,0.95,2026-06-15,24,24,3411.25
cqr_rolling_aci,0.95,2026-06-16,24,24,3311.65
cqr_rolling_aci,0.95,2026-06-17,18,24,3009.55
cqr_rolling_aci,0.95,2026-06-18,21,24,3074.2
cqr_rolling_aci,0.95,2026-06-19,24,24,3470.31
cqr_rolling_aci,0.95,2026-06-20,24,24,3387.83
cqr_rolling_aci,0.95,2026-06-21,21,24,3649.55
cqr_rolling_aci,0.95,2026-06-22,24,24,5387.78
cqr_rolling_aci,0.95,2026-06-23,24,24,5305.75
cqr_rolling_aci,0.95,2026-06-24,24,24,4611.54
cqr_rolling_aci,0.95,2026-06-25,24,24,5085.72
cqr_rolling_aci,0.95,2026-06-26,24,24,4286.31
cqr_rolling_aci,0.95,2026-06-27,24,24,4244.71
cqr_rolling_aci,0.95,2026-06-28,23,24,4201.89
cqr_rolling_aci,0.95,2026-06-29,19,24,4509.28
cqr_rolling_aci,0.95,2026-06-30,22,24,3886.91
cqr_rolling_aci,0.95,2026-07-01,12,24,4172.48
cqr_rolling_aci,0.95,2026-07-02,15,24,4555.68
cqr_rolling_aci,0.95,2026-07-03,23,24,4647.75
cqr_rolling_aci,0.95,2026-07-04,19,24,4165.4
cqr_rolling_aci,0.95,2026-07-05,21,24,4452.96
cqr_rolling_aci,0.95,2026-07-06,22,24,4729.92
cqr_rolling_aci,0.95,2026-07-07,24,24,4410.57
cqr_rolling_aci,0.95,2026-07-08,23,24,4186.01
cqr_rolling_aci,0.95,2026-07-09,20,24,3804.69
cqr_rolling_aci,0.95,2026-07-10,24,24,3842.21
cqr_rolling_aci,0.95,2026-07-11,24,24,3416.39
cqr_rolling_aci,0.95,2026-07-12,24,24,4217.45
cqr_rolling_aci,0.95,2026-07-13,22,24,5652.63
cqr_rolling_aci,0.95,2026-07-14,24,24,8002.87
cqr_rolling_aci,0.95,2026-07-15,22,24,4431.66
cqr_rolling_aci,0.95,2026-07-16,24,24,4138.25
cqr_rolling_aci,0.95,2026-07-17,23,24,3421.07
cqr_rolling_aci,0.95,2026-07-18,24,24,3242.47
cqr_rolling_aci,0.95,2026-07-19,24,24,3865.56
cqr_rolling_aci,0.95,2026-07-20,24,24,4948.77
cqr_rolling_aci,0.95,2026-07-21,24,24,5053.88
cqr_rolling_aci,0.95,2026-07-22,7,24,4047.85
cqr_rolling_aci,0.95,2026-07-23,24,24,3966.3
cqr_rolling_aci,0.95,2026-07-24,24,24,3876.01
cqr_rolling_aci,0.95,2026-07-25,23,24,3951.79
cqr_rolling_aci,0.95,2026-07-26,22,24,3903.06
cqr_rolling_aci,0.95,2026-07-27,24,24,3902.69
cqr_rolling_aci,0.95,2026-07-28,24,24,4025.81
cqr_rolling_aci,0.95,2026-07-29,14,24,4252.44
cqr_rolling_aci,0.95,2026-07-30,22,24,3636.48
cqr_rolling_aci,0.95,2026-07-31,18,24,3915.06
cqr_rolling_aci,0.95,2026-08-01,24,24,4181.35
cqr_rolling_aci,0.95,2026-08-02,24,24,4336.43
cqr_rolling_aci,0.95,2026-08-03,24,24,5306.33
cqr_rolling_aci,0.95,2026-08-04,24,24,4628.77
cqr_rolling_aci,0.95,2026-08-05,24,24,4903.75
cqr_rolling_aci,0.95,2026-08-06,24,24,4432.96
cqr_rolling_aci,0.95,2026-08-07,24,24,4078.12
cqr_rolling_aci,0.95,2026-08-08,24,24,4069.94
cqr_rolling_aci,0.95,2026-08-09,24,24,4430.25
cqr_rolling_aci,0.95,2026-08-10,24,24,4685.46
cqr_rolling_aci,0.95,2026-08-11,24,24,4293.03
cqr_rolling_aci,0.95,2026-08-12,24,24,4692.08
cqr_rolling_aci,0.95,2026-08-13,21,24,4994.88
cqr_rolling_aci,0.95,2026-08-14,20,24,4402.82
cqr_rolling_aci,0.95,2026-08-15,21,24,5491.91
cqr_rolling_aci,0.95,2026-08-16,24,24,4687.7
cqr_rolling_aci,0.95,2026-08-17,24,24,4536.14
cqr_rolling_aci,0.95,2026-08-18,24,24,4162.19
cqr_rolling_aci,0.95,2026-08-19,24,24,4438.76
cqr_rolling_aci,0.95,2026-08-20,24,24,4727.92
cqr_rolling_aci,0.95,2026-08-21,17,24,5116.58
cqr_rolling_aci,0.95,2026-08-22,20,24,4794.93
cqr_rolling_aci,0.95,2026-08-23,22,24,4860.01
cqr_rolling_aci,0.95,2026-08-24,19,24,5230.91
cqr_rolling_aci,0.95,2026-08-25,24,24,5107.46
cqr_rolling_aci,0.95,2026-08-26,24,24,4936.36
cqr_rolling_aci,0.95,2026-08-27,22,24,5058.71
cqr_rolling_aci,0.95,2026-08-28,22,24,4751.45
cqr_rolling_aci,0.95,2026-08-29,24,24,4296.11
cqr_rolling_aci,0.95,2026-08-30,24,24,4404.35
cqr_rolling_aci,0.95,2026-08-31,24,24,4952.22
qr_raw,0.8,2022-04-01,1,24,2111.79
qr_raw,0.8,2022-04-02,6,24,3618.19
qr_raw,0.8,2022-04-03,21,24,5338.87
qr_raw,0.8,2022-04-04,19,24,3633.12
qr_raw,0.8,2022-04-05,18,24,2908.97
qr_raw,0.8,2022-04-06,3,24,2707.37
qr_raw,0.8,2022-04-07,13,24,2755.89
qr_raw,0.8,2022-04-08,1,24,3873.76
qr_raw,0.8,2022-04-09,9,24,3207.97
qr_raw,0.8,2022-04-10,13,24,3677.55
qr_raw,0.8,2022-04-11,10,24,2904.19
qr_raw,0.8,2022-04-12,11,24,3026.29
qr_raw,0.8,2022-04-13,24,24,3221.98
qr_raw,0.8,2022-04-14,11,24,2937.07
qr_raw,0.8,2022-04-15,10,24,2825.29
qr_raw,0.8,2022-04-16,0,24,1649.52
qr_raw,0.8,2022-04-17,13,24,2700.17
qr_raw,0.8,2022-04-18,21,24,4103.48
qr_raw,0.8,2022-04-19,0,24,3730.44
qr_raw,0.8,2022-04-20,24,24,2668.17
qr_raw,0.8,2022-04-21,19,24,1808.25
qr_raw,0.8,2022-04-22,16,24,1443.66
qr_raw,0.8,2022-04-23,8,24,1548.03
qr_raw,0.8,2022-04-24,6,24,2238.59
qr_raw,0.8,2022-04-25,6,24,4148.59
qr_raw,0.8,2022-04-26,10,24,1946.21
qr_raw,0.8,2022-04-27,5,24,1285.3
qr_raw,0.8,2022-04-28,16,24,1329.03
qr_raw,0.8,2022-04-29,23,24,1547.96
qr_raw,0.8,2022-04-30,17,24,1871.35
qr_raw,0.8,2022-05-01,9,24,2035.73
qr_raw,0.8,2022-05-02,18,24,2078.24
qr_raw,0.8,2022-05-03,6,24,1201.5
qr_raw,0.8,2022-05-04,2,24,1138.84
qr_raw,0.8,2022-05-05,3,24,933.805
qr_raw,0.8,2022-05-06,0,24,1164.77
qr_raw,0.8,2022-05-07,6,24,1862.69
qr_raw,0.8,2022-05-08,9,24,1686.35
qr_raw,0.8,2022-05-09,3,24,1544.34
qr_raw,0.8,2022-05-10,18,24,1730.79
qr_raw,0.8,2022-05-11,10,24,1830.9
qr_raw,0.8,2022-05-12,12,24,1528.41
qr_raw,0.8,2022-05-13,12,24,1127.03
qr_raw,0.8,2022-05-14,6,24,1334.64
qr_raw,0.8,2022-05-15,12,24,1409.11
qr_raw,0.8,2022-05-16,18,24,1536.99
qr_raw,0.8,2022-05-17,10,24,1583.85
qr_raw,0.8,2022-05-18,2,24,1177.55
qr_raw,0.8,2022-05-19,14,24,1465.66
qr_raw,0.8,2022-05-20,13,24,1432.6
qr_raw,0.8,2022-05-21,12,24,999.246
qr_raw,0.8,2022-05-22,5,24,1423.16
qr_raw,0.8,2022-05-23,9,24,822.107
qr_raw,0.8,2022-05-24,7,24,996.438
qr_raw,0.8,2022-05-25,10,24,961.008
qr_raw,0.8,2022-05-26,17,24,2663.52
qr_raw,0.8,2022-05-27,7,24,2000.84
qr_raw,0.8,2022-05-28,6,24,885.359
qr_raw,0.8,2022-05-29,11,24,1351.07
qr_raw,0.8,2022-05-30,9,24,867.629
qr_raw,0.8,2022-05-31,9,24,1296.85
qr_raw,0.8,2022-06-01,17,24,739.782
qr_raw,0.8,2022-06-02,19,24,1056.41
qr_raw,0.8,2022-06-03,22,24,1204.52
qr_raw,0.8,2022-06-04,8,24,909.306
qr_raw,0.8,2022-06-05,22,24,1427.12
qr_raw,0.8,2022-06-06,16,24,1792.27
qr_raw,0.8,2022-06-07,14,24,1300.14
qr_raw,0.8,2022-06-08,18,24,1266.03
qr_raw,0.8,2022-06-09,8,24,487.898
qr_raw,0.8,2022-06-10,8,24,582.409
qr_raw,0.8,2022-06-11,12,24,595.732
qr_raw,0.8,2022-06-12,9,24,767.247
qr_raw,0.8,2022-06-13,18,24,1253.24
qr_raw,0.8,2022-06-14,4,24,1003.91
qr_raw,0.8,2022-06-15,18,24,1118
qr_raw,0.8,2022-06-16,15,24,1010.15
qr_raw,0.8,2022-06-17,19,24,1051.62
qr_raw,0.8,2022-06-18,22,24,1447.79
qr_raw,0.8,2022-06-19,12,24,913.991
qr_raw,0.8,2022-06-20,12,24,1050.69
qr_raw,0.8,2022-06-21,3,24,730.024
qr_raw,0.8,2022-06-22,4,24,910.881
qr_raw,0.8,2022-06-23,4,24,989.78
qr_raw,0.8,2022-06-24,7,24,1032.85
qr_raw,0.8,2022-06-25,1,24,572.435
qr_raw,0.8,2022-06-26,15,24,1206.35
qr_raw,0.8,2022-06-27,20,24,887.472
qr_raw,0.8,2022-06-28,5,24,949.245
qr_raw,0.8,2022-06-29,14,24,769.936
qr_raw,0.8,2022-06-30,8,24,786.658
qr_raw,0.8,2022-07-01,17,24,715.361
qr_raw,0.8,2022-07-02,13,24,749.85
qr_raw,0.8,2022-07-03,2,24,970.047
qr_raw,0.8,2022-07-04,2,24,1219.32
qr_raw,0.8,2022-07-05,8,24,821.174
qr_raw,0.8,2022-07-06,9,24,771.021
qr_raw,0.8,2022-07-07,16,24,878.062
qr_raw,0.8,2022-07-08,2,24,939.388
qr_raw,0.8,2022-07-09,19,24,821.501
qr_raw,0.8,2022-07-10,1,24,718.103
qr_raw,0.8,2022-07-11,5,24,1357.04
qr_raw,0.8,2022-07-12,12,24,1036.28
qr_raw,0.8,2022-07-13,15,24,1067.04
qr_raw,0.8,2022-07-14,22,24,3855.92
qr_raw,0.8,2022-07-15,16,24,1801.6
qr_raw,0.8,2022-07-16,14,24,1354.22
qr_raw,0.8,2022-07-17,20,24,1268.63
qr_raw,0.8,2022-07-18,11,24,1210.69
qr_raw,0.8,2022-07-19,20,24,1329.67
qr_raw,0.8,2022-07-20,21,24,1377.2
qr_raw,0.8,2022-07-21,18,24,1745.28
qr_raw,0.8,2022-07-22,17,24,916.1
qr_raw,0.8,2022-07-23,24,24,1448.02
qr_raw,0.8,2022-07-24,0,24,918.489
qr_raw,0.8,2022-07-25,10,24,1085.92
qr_raw,0.8,2022-07-26,7,24,489.01
qr_raw,0.8,2022-07-27,11,24,967.104
qr_raw,0.8,2022-07-28,20,24,1145.6
qr_raw,0.8,2022-07-29,10,24,942.326
qr_raw,0.8,2022-07-30,9,24,937.605
qr_raw,0.8,2022-07-31,16,24,934.18
qr_raw,0.8,2022-08-01,10,24,1348.05
qr_raw,0.8,2022-08-02,14,24,1403.18
qr_raw,0.8,2022-08-03,12,24,1345.05
qr_raw,0.8,2022-08-04,24,24,1243.7
qr_raw,0.8,2022-08-05,18,24,1181.13
qr_raw,0.8,2022-08-06,7,24,874.224
qr_raw,0.8,2022-08-07,20,24,963.285
qr_raw,0.8,2022-08-08,21,24,1280.05
qr_raw,0.8,2022-08-09,19,24,1208.8
qr_raw,0.8,2022-08-10,12,24,829.144
qr_raw,0.8,2022-08-11,17,24,924.915
qr_raw,0.8,2022-08-12,17,24,1388.97
qr_raw,0.8,2022-08-13,17,24,1173.89
qr_raw,0.8,2022-08-14,8,24,1414.94
qr_raw,0.8,2022-08-15,16,24,1775.64
qr_raw,0.8,2022-08-16,16,24,1266.29
qr_raw,0.8,2022-08-17,11,24,781.074
qr_raw,0.8,2022-08-18,9,24,990.968
qr_raw,0.8,2022-08-19,18,24,1024.33
qr_raw,0.8,2022-08-20,19,24,1107.26
qr_raw,0.8,2022-08-21,11,24,1511.76
qr_raw,0.8,2022-08-22,15,24,2018.8
qr_raw,0.8,2022-08-23,15,24,2068.24
qr_raw,0.8,2022-08-24,16,24,1362.17
qr_raw,0.8,2022-08-25,17,24,1415.15
qr_raw,0.8,2022-08-26,20,24,1216.46
qr_raw,0.8,2022-08-27,15,24,1113.69
qr_raw,0.8,2022-08-28,21,24,857.81
qr_raw,0.8,2022-08-29,18,24,1535.07
qr_raw,0.8,2022-08-30,10,24,1103.34
qr_raw,0.8,2022-08-31,20,24,1228.56
qr_raw,0.8,2022-09-01,21,24,984.021
qr_raw,0.8,2022-09-02,18,24,999.469
qr_raw,0.8,2022-09-03,16,24,942.548
qr_raw,0.8,2022-09-04,11,24,1212.71
qr_raw,0.8,2022-09-05,18,24,1263.22
qr_raw,0.8,2022-09-06,10,24,1368.94
qr_raw,0.8,2022-09-07,24,24,1214.71
qr_raw,0.8,2022-09-08,17,24,792.284
qr_raw,0.8,2022-09-09,4,24,722.805
qr_raw,0.8,2022-09-10,12,24,862.8
qr_raw,0.8,2022-09-11,21,24,827.227
qr_raw,0.8,2022-09-12,20,24,1273.71
qr_raw,0.8,2022-09-13,14,24,1430.93
qr_raw,0.8,2022-09-14,17,24,751.7
qr_raw,0.8,2022-09-15,15,24,618.965
qr_raw,0.8,2022-09-16,23,24,1197.33
qr_raw,0.8,2022-09-17,4,24,1224.97
qr_raw,0.8,2022-09-18,9,24,1223.04
qr_raw,0.8,2022-09-19,11,24,1228.05
qr_raw,0.8,2022-09-20,18,24,1436.41
qr_raw,0.8,2022-09-21,20,24,1077.19
qr_raw,0.8,2022-09-22,13,24,796.08
qr_raw,0.8,2022-09-23,21,24,1049.64
qr_raw,0.8,2022-09-24,23,24,1406.64
qr_raw,0.8,2022-09-25,20,24,1480.47
qr_raw,0.8,2022-09-26,17,24,1385.69
qr_raw,0.8,2022-09-27,10,24,1163.34
qr_raw,0.8,2022-09-28,20,24,1130.54
qr_raw,0.8,2022-09-29,12,24,1184.67
qr_raw,0.8,2022-09-30,12,24,1235.42
qr_raw,0.8,2022-10-01,21,24,1690.29
qr_raw,0.8,2022-10-02,14,24,1434.6
qr_raw,0.8,2022-10-03,10,24,1070.86
qr_raw,0.8,2022-10-04,8,24,716.467
qr_raw,0.8,2022-10-05,12,24,727.319
qr_raw,0.8,2022-10-06,14,24,724.909
qr_raw,0.8,2022-10-07,11,24,598.9
qr_raw,0.8,2022-10-08,9,24,1257.19
qr_raw,0.8,2022-10-09,13,24,1446.22
qr_raw,0.8,2022-10-10,11,24,880.42
qr_raw,0.8,2022-10-11,21,24,1463.38
qr_raw,0.8,2022-10-12,11,24,897.41
qr_raw,0.8,2022-10-13,11,24,913.871
qr_raw,0.8,2022-10-14,8,24,991.008
qr_raw,0.8,2022-10-15,6,24,847.818
qr_raw,0.8,2022-10-16,14,24,1111.26
qr_raw,0.8,2022-10-17,10,24,1095.38
qr_raw,0.8,2022-10-18,11,24,888.744
qr_raw,0.8,2022-10-19,16,24,800.995
qr_raw,0.8,2022-10-20,13,24,752
qr_raw,0.8,2022-10-21,19,24,1083.84
qr_raw,0.8,2022-10-22,22,24,1485.08
qr_raw,0.8,2022-10-23,16,24,1278.06
qr_raw,0.8,2022-10-24,9,24,1158.28
qr_raw,0.8,2022-10-25,23,24,1344.66
qr_raw,0.8,2022-10-26,20,24,1247.54
qr_raw,0.8,2022-10-27,20,24,1292.71
qr_raw,0.8,2022-10-28,18,24,1289.02
qr_raw,0.8,2022-10-29,13,24,1415.34
qr_raw,0.8,2022-10-30,13,24,1675.36
qr_raw,0.8,2022-10-31,6,24,2300.57
qr_raw,0.8,2022-11-01,14,24,2974.55
qr_raw,0.8,2022-11-02,21,24,2282.05
qr_raw,0.8,2022-11-03,16,24,2419.32
qr_raw,0.8,2022-11-04,22,24,2450.88
qr_raw,0.8,2022-11-05,21,24,2591.73
qr_raw,0.8,2022-11-06,23,24,3157.09
qr_raw,0.8,2022-11-07,20,24,4275.5
qr_raw,0.8,2022-11-08,6,24,3233.45
qr_raw,0.8,2022-11-09,2,24,2961.69
qr_raw,0.8,2022-11-10,13,24,2278.62
qr_raw,0.8,2022-11-11,14,24,1842.58
qr_raw,0.8,2022-11-12,16,24,2512.56
qr_raw,0.8,2022-11-13,24,24,2723
qr_raw,0.8,2022-11-14,17,24,2176.59
qr_raw,0.8,2022-11-15,12,24,1546.96
qr_raw,0.8,2022-11-16,20,24,2088.7
qr_raw,0.8,2022-11-17,20,24,2100.11
qr_raw,0.8,2022-11-18,18,24,3054.55
qr_raw,0.8,2022-11-19,5,24,2206.67
qr_raw,0.8,2022-11-20,24,24,3360.62
qr_raw,0.8,2022-11-21,19,24,3853.96
qr_raw,0.8,2022-11-22,13,24,3595.49
qr_raw,0.8,2022-11-23,4,24,2762.8
qr_raw,0.8,2022-11-24,10,24,3101.43
qr_raw,0.8,2022-11-25,3,24,2189.57
qr_raw,0.8,2022-11-26,21,24,2055.9
qr_raw,0.8,2022-11-27,18,24,2287.29
qr_raw,0.8,2022-11-28,0,24,2947.15
qr_raw,0.8,2022-11-29,1,24,2529.53
qr_raw,0.8,2022-11-30,7,24,2449.87
qr_raw,0.8,2022-12-01,14,24,1878.34
qr_raw,0.8,2022-12-02,23,24,3009.86
qr_raw,0.8,2022-12-03,10,24,2392.82
qr_raw,0.8,2022-12-04,13,24,2349.69
qr_raw,0.8,2022-12-05,14,24,1649.16
qr_raw,0.8,2022-12-06,5,24,1811.7
qr_raw,0.8,2022-12-07,15,24,2782.65
qr_raw,0.8,2022-12-08,14,24,2241.65
qr_raw,0.8,2022-12-09,0,24,2430.9
qr_raw,0.8,2022-12-10,8,24,2111.06
qr_raw,0.8,2022-12-11,5,24,1838.11
qr_raw,0.8,2022-12-12,3,24,1688.73
qr_raw,0.8,2022-12-13,7,24,2227.43
qr_raw,0.8,2022-12-14,0,24,2886.08
qr_raw,0.8,2022-12-15,3,24,2831.16
qr_raw,0.8,2022-12-16,4,24,1468.26
qr_raw,0.8,2022-12-17,17,24,1751.24
qr_raw,0.8,2022-12-18,13,24,2852.14
qr_raw,0.8,2022-12-19,0,24,2654.58
qr_raw,0.8,2022-12-20,0,24,2041.17
qr_raw,0.8,2022-12-21,17,24,2015.29
qr_raw,0.8,2022-12-22,19,24,2107.08
qr_raw,0.8,2022-12-23,4,24,2842.31
qr_raw,0.8,2022-12-24,17,24,4182.44
qr_raw,0.8,2022-12-25,23,24,7518.41
qr_raw,0.8,2022-12-26,18,24,6688.11
qr_raw,0.8,2022-12-27,14,24,6244.97
qr_raw,0.8,2022-12-28,17,24,2878.88
qr_raw,0.8,2022-12-29,2,24,1675.08
qr_raw,0.8,2022-12-30,19,24,3596.08
qr_raw,0.8,2022-12-31,21,24,2106.02
qr_raw,0.8,2023-01-01,16,24,2608.74
qr_raw,0.8,2023-01-02,13,24,2255.23
qr_raw,0.8,2023-01-03,10,24,3393.91
qr_raw,0.8,2023-01-04,9,24,2506.57
qr_raw,0.8,2023-01-05,19,24,2146.93
qr_raw,0.8,2023-01-06,16,24,2933.94
qr_raw,0.8,2023-01-07,7,24,1795.72
qr_raw,0.8,2023-01-08,4,24,1625.22
qr_raw,0.8,2023-01-09,16,24,4690.36
qr_raw,0.8,2023-01-10,13,24,3832.87
qr_raw,0.8,2023-01-11,8,24,2962.21
qr_raw,0.8,2023-01-12,14,24,2785.86
qr_raw,0.8,2023-01-13,24,24,2902.04
qr_raw,0.8,2023-01-14,10,24,1986.69
qr_raw,0.8,2023-01-15,18,24,2405.77
qr_raw,0.8,2023-01-16,24,24,3126.12
qr_raw,0.8,2023-01-17,14,24,2454.8
qr_raw,0.8,2023-01-18,6,24,3068.92
qr_raw,0.8,2023-01-19,18,24,2306.08
qr_raw,0.8,2023-01-20,12,24,2470.42
qr_raw,0.8,2023-01-21,12,24,1525.89
qr_raw,0.8,2023-01-22,3,24,2157.77
qr_raw,0.8,2023-01-23,19,24,3027.58
qr_raw,0.8,2023-01-24,7,24,2940.38
qr_raw,0.8,2023-01-25,12,24,2659.21
qr_raw,0.8,2023-01-26,15,24,2694.81
qr_raw,0.8,2023-01-27,6,24,2081.86
qr_raw,0.8,2023-01-28,5,24,1591.51
qr_raw,0.8,2023-01-29,3,24,1220.02
qr_raw,0.8,2023-01-30,9,24,2047.83
qr_raw,0.8,2023-01-31,1,24,1904.09
qr_raw,0.8,2023-02-01,1,24,3133.63
qr_raw,0.8,2023-02-02,15,24,3087.85
qr_raw,0.8,2023-02-03,9,24,2131.37
qr_raw,0.8,2023-02-04,12,24,1157.92
qr_raw,0.8,2023-02-05,18,24,3162.15
qr_raw,0.8,2023-02-06,22,24,3403.41
qr_raw,0.8,2023-02-07,21,24,3109.69
qr_raw,0.8,2023-02-08,9,24,2903.15
qr_raw,0.8,2023-02-09,14,24,2810.86
qr_raw,0.8,2023-02-10,19,24,2651.54
qr_raw,0.8,2023-02-11,6,24,2250.16
qr_raw,0.8,2023-02-12,24,24,3032.51
qr_raw,0.8,2023-02-13,17,24,3168.4
qr_raw,0.8,2023-02-14,21,24,3008.2
qr_raw,0.8,2023-02-15,20,24,3332.45
qr_raw,0.8,2023-02-16,16,24,2577.34
qr_raw,0.8,2023-02-17,11,24,2097.49
qr_raw,0.8,2023-02-18,10,24,2340.87
qr_raw,0.8,2023-02-19,19,24,4016.26
qr_raw,0.8,2023-02-20,0,24,3340.39
qr_raw,0.8,2023-02-21,3,24,3181
qr_raw,0.8,2023-02-22,10,24,3542.94
qr_raw,0.8,2023-02-23,6,24,2619.74
qr_raw,0.8,2023-02-24,23,24,3453.09
qr_raw,0.8,2023-02-25,9,24,1320.05
qr_raw,0.8,2023-02-26,8,24,2215.61
qr_raw,0.8,2023-02-27,0,24,2242.73
qr_raw,0.8,2023-02-28,9,24,2296.85
qr_raw,0.8,2023-03-01,14,24,1876.54
qr_raw,0.8,2023-03-02,11,24,2553.87
qr_raw,0.8,2023-03-03,20,24,2975.5
qr_raw,0.8,2023-03-04,15,24,3437.18
qr_raw,0.8,2023-03-05,7,24,3213.74
qr_raw,0.8,2023-03-06,3,24,3066.8
qr_raw,0.8,2023-03-07,7,24,3613.43
qr_raw,0.8,2023-03-08,12,24,3197.85
qr_raw,0.8,2023-03-09,12,24,2581.92
qr_raw,0.8,2023-03-10,9,24,3926.72
qr_raw,0.8,2023-03-11,23,24,3458.24
qr_raw,0.8,2023-03-12,17,24,2746.1
qr_raw,0.8,2023-03-13,19,24,2852.75
qr_raw,0.8,2023-03-14,18,24,4369.8
qr_raw,0.8,2023-03-15,19,24,3925.07
qr_raw,0.8,2023-03-16,8,24,2473.25
qr_raw,0.8,2023-03-17,10,24,3097.01
qr_raw,0.8,2023-03-18,18,24,2957.08
qr_raw,0.8,2023-03-19,16,24,3137.44
qr_raw,0.8,2023-03-20,10,24,3580.62
qr_raw,0.8,2023-03-21,10,24,3180.26
qr_raw,0.8,2023-03-22,22,24,4369.89
qr_raw,0.8,2023-03-23,19,24,4526.79
qr_raw,0.8,2023-03-24,11,24,3924.98
qr_raw,0.8,2023-03-25,0,24,1878.07
qr_raw,0.8,2023-03-26,13,23,2215.29
qr_raw,0.8,2023-03-27,18,24,4105.41
qr_raw,0.8,2023-03-28,20,24,3741.05
qr_raw,0.8,2023-03-29,21,24,2058.98
qr_raw,0.8,2023-03-30,23,24,3141
qr_raw,0.8,2023-03-31,8,24,1980.83
qr_raw,0.8,2023-04-01,10,24,1827.89
qr_raw,0.8,2023-04-02,21,24,2339.12
qr_raw,0.8,2023-04-03,24,24,3089.76
qr_raw,0.8,2023-04-04,23,24,3600.27
qr_raw,0.8,2023-04-05,15,24,2952.32
qr_raw,0.8,2023-04-06,10,24,1322.05
qr_raw,0.8,2023-04-07,1,24,1432.98
qr_raw,0.8,2023-04-08,8,24,2028.11
qr_raw,0.8,2023-04-09,12,24,2659.78
qr_raw,0.8,2023-04-10,7,24,2174.49
qr_raw,0.8,2023-04-11,9,24,4033.4
qr_raw,0.8,2023-04-12,8,24,3170.75
qr_raw,0.8,2023-04-13,1,24,2600.74
qr_raw,0.8,2023-04-14,6,24,1598.62
qr_raw,0.8,2023-04-15,8,24,2223.68
qr_raw,0.8,2023-04-16,9,24,2038.98
qr_raw,0.8,2023-04-17,10,24,3930.7
qr_raw,0.8,2023-04-18,13,24,2567.24
qr_raw,0.8,2023-04-19,8,24,2041.1
qr_raw,0.8,2023-04-20,5,24,1965.37
qr_raw,0.8,2023-04-21,11,24,2369.44
qr_raw,0.8,2023-04-22,15,24,1691.85
qr_raw,0.8,2023-04-23,10,24,2765.49
qr_raw,0.8,2023-04-24,17,24,2801.92
qr_raw,0.8,2023-04-25,19,24,1934.16
qr_raw,0.8,2023-04-26,4,24,1677.69
qr_raw,0.8,2023-04-27,16,24,1738.5
qr_raw,0.8,2023-04-28,12,24,2502.07
qr_raw,0.8,2023-04-29,12,24,1740.33
qr_raw,0.8,2023-04-30,13,24,2479.33
qr_raw,0.8,2023-05-01,15,24,2239.46
qr_raw,0.8,2023-05-02,20,24,3324.32
qr_raw,0.8,2023-05-03,20,24,2005.66
qr_raw,0.8,2023-05-04,8,24,1985.44
qr_raw,0.8,2023-05-05,0,24,1562.19
qr_raw,0.8,2023-05-06,2,24,1242.65
qr_raw,0.8,2023-05-07,15,24,1766.52
qr_raw,0.8,2023-05-08,2,24,1286.41
qr_raw,0.8,2023-05-09,9,24,1644.2
qr_raw,0.8,2023-05-10,6,24,1562.73
qr_raw,0.8,2023-05-11,12,24,1587.31
qr_raw,0.8,2023-05-12,13,24,1321.97
qr_raw,0.8,2023-05-13,16,24,1554.79
qr_raw,0.8,2023-05-14,1,24,1449.36
qr_raw,0.8,2023-05-15,11,24,3759.6
qr_raw,0.8,2023-05-16,13,24,2048.85
qr_raw,0.8,2023-05-17,4,24,1431.36
qr_raw,0.8,2023-05-18,20,24,2754.44
qr_raw,0.8,2023-05-19,14,24,2265.81
qr_raw,0.8,2023-05-20,11,24,2225.38
qr_raw,0.8,2023-05-21,15,24,1454.03
qr_raw,0.8,2023-05-22,14,24,1410.03
qr_raw,0.8,2023-05-23,23,24,1670.73
qr_raw,0.8,2023-05-24,12,24,1099.73
qr_raw,0.8,2023-05-25,12,24,1817.99
qr_raw,0.8,2023-05-26,20,24,2013.34
qr_raw,0.8,2023-05-27,18,24,1333.13
qr_raw,0.8,2023-05-28,16,24,1173.23
qr_raw,0.8,2023-05-29,15,24,2148.64
qr_raw,0.8,2023-05-30,18,24,1523.44
qr_raw,0.8,2023-05-31,1,24,1448.17
qr_raw,0.8,2023-06-01,3,24,1178.1
qr_raw,0.8,2023-06-02,10,24,902.966
qr_raw,0.8,2023-06-03,16,24,967.755
qr_raw,0.8,2023-06-04,9,24,1176.43
qr_raw,0.8,2023-06-05,22,24,1498.55
qr_raw,0.8,2023-06-06,8,24,1093.07
qr_raw,0.8,2023-06-07,2,24,951.727
qr_raw,0.8,2023-06-08,22,24,1099.25
qr_raw,0.8,2023-06-09,18,24,938.304
qr_raw,0.8,2023-06-10,23,24,1034.48
qr_raw,0.8,2023-06-11,14,24,1121.06
qr_raw,0.8,2023-06-12,13,24,1030.14
qr_raw,0.8,2023-06-13,18,24,1236.82
qr_raw,0.8,2023-06-14,14,24,914.273
qr_raw,0.8,2023-06-15,18,24,829.648
qr_raw,0.8,2023-06-16,19,24,800.458
qr_raw,0.8,2023-06-17,15,24,621.937
qr_raw,0.8,2023-06-18,21,24,1268.62
qr_raw,0.8,2023-06-19,14,24,754.23
qr_raw,0.8,2023-06-20,12,24,1083.62
qr_raw,0.8,2023-06-21,20,24,942.655
qr_raw,0.8,2023-06-22,15,24,1047.18
qr_raw,0.8,2023-06-23,21,24,1037.05
qr_raw,0.8,2023-06-24,16,24,827.758
qr_raw,0.8,2023-06-25,8,24,931.235
qr_raw,0.8,2023-06-26,12,24,777.507
qr_raw,0.8,2023-06-27,19,24,1163.46
qr_raw,0.8,2023-06-28,14,24,745.842
qr_raw,0.8,2023-06-29,10,24,893.885
qr_raw,0.8,2023-06-30,5,24,654.239
qr_raw,0.8,2023-07-01,24,24,1341.31
qr_raw,0.8,2023-07-02,24,24,1573.16
qr_raw,0.8,2023-07-03,23,24,1042.28
qr_raw,0.8,2023-07-04,3,24,815.637
qr_raw,0.8,2023-07-05,0,24,572.371
qr_raw,0.8,2023-07-06,21,24,785.3
qr_raw,0.8,2023-07-07,1,24,1270.57
qr_raw,0.8,2023-07-08,4,24,779.56
qr_raw,0.8,2023-07-09,12,24,1065.64
qr_raw,0.8,2023-07-10,21,24,1457.4
qr_raw,0.8,2023-07-11,12,24,1021.51
qr_raw,0.8,2023-07-12,11,24,1053.58
qr_raw,0.8,2023-07-13,7,24,792.499
qr_raw,0.8,2023-07-14,13,24,2678.25
qr_raw,0.8,2023-07-15,19,24,1832.04
qr_raw,0.8,2023-07-16,20,24,1439.81
qr_raw,0.8,2023-07-17,23,24,1418.04
qr_raw,0.8,2023-07-18,22,24,1169.36
qr_raw,0.8,2023-07-19,2,24,751.419
qr_raw,0.8,2023-07-20,19,24,1006.7
qr_raw,0.8,2023-07-21,19,24,1698.94
qr_raw,0.8,2023-07-22,20,24,1138.45
qr_raw,0.8,2023-07-23,19,24,1188.63
qr_raw,0.8,2023-07-24,7,24,749.257
qr_raw,0.8,2023-07-25,4,24,1067.7
qr_raw,0.8,2023-07-26,2,24,778.77
qr_raw,0.8,2023-07-27,10,24,889.554
qr_raw,0.8,2023-07-28,16,24,947.097
qr_raw,0.8,2023-07-29,13,24,915.468
qr_raw,0.8,2023-07-30,14,24,969.38
qr_raw,0.8,2023-07-31,10,24,1007.73
qr_raw,0.8,2023-08-01,15,24,1294.33
qr_raw,0.8,2023-08-02,11,24,1391.24
qr_raw,0.8,2023-08-03,15,24,878.107
qr_raw,0.8,2023-08-04,10,24,1082.58
qr_raw,0.8,2023-08-05,7,24,939.845
qr_raw,0.8,2023-08-06,15,24,1319.94
qr_raw,0.8,2023-08-07,12,24,1396.32
qr_raw,0.8,2023-08-08,20,24,1144.62
qr_raw,0.8,2023-08-09,13,24,1367.33
qr_raw,0.8,2023-08-10,24,24,1724.47
qr_raw,0.8,2023-08-11,12,24,1437.33
qr_raw,0.8,2023-08-12,17,24,1272.12
qr_raw,0.8,2023-08-13,6,24,1122.32
qr_raw,0.8,2023-08-14,17,24,1597.33
qr_raw,0.8,2023-08-15,22,24,2606.08
qr_raw,0.8,2023-08-16,22,24,1237.94
qr_raw,0.8,2023-08-17,20,24,968.061
qr_raw,0.8,2023-08-18,21,24,1140.15
qr_raw,0.8,2023-08-19,16,24,1144.85
qr_raw,0.8,2023-08-20,8,24,972.421
qr_raw,0.8,2023-08-21,1,24,1037.13
qr_raw,0.8,2023-08-22,0,24,1344.75
qr_raw,0.8,2023-08-23,0,24,1723.46
qr_raw,0.8,2023-08-24,23,24,2005.43
qr_raw,0.8,2023-08-25,11,24,1784.85
qr_raw,0.8,2023-08-26,1,24,1760.59
qr_raw,0.8,2023-08-27,7,24,1442.25
qr_raw,0.8,2023-08-28,5,24,1888.85
qr_raw,0.8,2023-08-29,5,24,1953.01
qr_raw,0.8,2023-08-30,11,24,1709.73
qr_raw,0.8,2023-08-31,20,24,1666.41
qr_raw,0.8,2023-09-01,8,24,1383.38
qr_raw,0.8,2023-09-02,6,24,1137.07
qr_raw,0.8,2023-09-03,6,24,1084.89
qr_raw,0.8,2023-09-04,19,24,1523.63
qr_raw,0.8,2023-09-05,23,24,1538.54
qr_raw,0.8,2023-09-06,18,24,1285.12
qr_raw,0.8,2023-09-07,14,24,890.505
qr_raw,0.8,2023-09-08,5,24,811.976
qr_raw,0.8,2023-09-09,11,24,975.33
qr_raw,0.8,2023-09-10,9,24,1106.25
qr_raw,0.8,2023-09-11,19,24,1260.29
qr_raw,0.8,2023-09-12,23,24,1710.34
qr_raw,0.8,2023-09-13,20,24,1210.09
qr_raw,0.8,2023-09-14,18,24,971.172
qr_raw,0.8,2023-09-15,19,24,1151.08
qr_raw,0.8,2023-09-16,19,24,1349.64
qr_raw,0.8,2023-09-17,13,24,1233.86
qr_raw,0.8,2023-09-18,20,24,1091.13
qr_raw,0.8,2023-09-19,17,24,842.441
qr_raw,0.8,2023-09-20,13,24,694.473
qr_raw,0.8,2023-09-21,17,24,798.512
qr_raw,0.8,2023-09-22,20,24,879.448
qr_raw,0.8,2023-09-23,15,24,1262.2
qr_raw,0.8,2023-09-24,14,24,1097.39
qr_raw,0.8,2023-09-25,14,24,1169.37
qr_raw,0.8,2023-09-26,18,24,1092.47
qr_raw,0.8,2023-09-27,17,24,884.042
qr_raw,0.8,2023-09-28,12,24,681.205
qr_raw,0.8,2023-09-29,16,24,1043.21
qr_raw,0.8,2023-09-30,14,24,1213.34
qr_raw,0.8,2023-10-01,18,24,1415.65
qr_raw,0.8,2023-10-02,21,24,1211.94
qr_raw,0.8,2023-10-03,11,24,1299.28
qr_raw,0.8,2023-10-04,23,24,1018.31
qr_raw,0.8,2023-10-05,16,24,860.397
qr_raw,0.8,2023-10-06,13,24,934.615
qr_raw,0.8,2023-10-07,21,24,1032.46
qr_raw,0.8,2023-10-08,21,24,1197.35
qr_raw,0.8,2023-10-09,19,24,1308.2
qr_raw,0.8,2023-10-10,10,24,1210.49
qr_raw,0.8,2023-10-11,4,24,751.727
qr_raw,0.8,2023-10-12,16,24,657.958
qr_raw,0.8,2023-10-13,15,24,830.139
qr_raw,0.8,2023-10-14,21,24,1193.53
qr_raw,0.8,2023-10-15,20,24,1409
qr_raw,0.8,2023-10-16,17,24,1813.53
qr_raw,0.8,2023-10-17,19,24,1412.18
qr_raw,0.8,2023-10-18,18,24,1137.24
qr_raw,0.8,2023-10-19,15,24,1163.01
qr_raw,0.8,2023-10-20,17,24,824.812
qr_raw,0.8,2023-10-21,20,24,1265.54
qr_raw,0.8,2023-10-22,20,24,1948.91
qr_raw,0.8,2023-10-23,19,24,2647.68
qr_raw,0.8,2023-10-24,8,24,1884.39
qr_raw,0.8,2023-10-25,9,24,1714.11
qr_raw,0.8,2023-10-26,15,24,1275.97
qr_raw,0.8,2023-10-27,21,24,1412.16
qr_raw,0.8,2023-10-28,24,24,1771.46
qr_raw,0.8,2023-10-29,21,24,2198.66
qr_raw,0.8,2023-10-30,14,24,2075.44
qr_raw,0.8,2023-10-31,13,24,2264.86
qr_raw,0.8,2023-11-01,8,24,1283.95
qr_raw,0.8,2023-11-02,20,24,2893.29
qr_raw,0.8,2023-11-03,24,24,3146.89
qr_raw,0.8,2023-11-04,16,24,1470.28
qr_raw,0.8,2023-11-05,20,24,2144.84
qr_raw,0.8,2023-11-06,21,24,2793.54
qr_raw,0.8,2023-11-07,14,24,2466.61
qr_raw,0.8,2023-11-08,6,24,2732.4
qr_raw,0.8,2023-11-09,10,24,3145.4
qr_raw,0.8,2023-11-10,19,24,3107.39
qr_raw,0.8,2023-11-11,17,24,3909.64
qr_raw,0.8,2023-11-12,20,24,2206.43
qr_raw,0.8,2023-11-13,11,24,2243.74
qr_raw,0.8,2023-11-14,14,24,1864.16
qr_raw,0.8,2023-11-15,2,24,1802.02
qr_raw,0.8,2023-11-16,15,24,2224.6
qr_raw,0.8,2023-11-17,4,24,2595.88
qr_raw,0.8,2023-11-18,17,24,1705.47
qr_raw,0.8,2023-11-19,5,24,1578.81
qr_raw,0.8,2023-11-20,21,24,2749.73
qr_raw,0.8,2023-11-21,21,24,2197.38
qr_raw,0.8,2023-11-22,23,24,2103.95
qr_raw,0.8,2023-11-23,17,24,3052.18
qr_raw,0.8,2023-11-24,21,24,2738.09
qr_raw,0.8,2023-11-25,11,24,2840.15
qr_raw,0.8,2023-11-26,9,24,2471.6
qr_raw,0.8,2023-11-27,18,24,2266.5
qr_raw,0.8,2023-11-28,7,24,2505.3
qr_raw,0.8,2023-11-29,19,24,2793.92
qr_raw,0.8,2023-11-30,2,24,2288.5
qr_raw,0.8,2023-12-01,12,24,2663.47
qr_raw,0.8,2023-12-02,10,24,2549.86
qr_raw,0.8,2023-12-03,11,24,2467.83
qr_raw,0.8,2023-12-04,20,24,3087.99
qr_raw,0.8,2023-12-05,7,24,2266.24
qr_raw,0.8,2023-12-06,11,24,2023.17
qr_raw,0.8,2023-12-07,0,24,2833.95
qr_raw,0.8,2023-12-08,12,24,2484.96
qr_raw,0.8,2023-12-09,15,24,2699.56
qr_raw,0.8,2023-12-10,3,24,1456.78
qr_raw,0.8,2023-12-11,11,24,1880.04
qr_raw,0.8,2023-12-12,23,24,1826.75
qr_raw,0.8,2023-12-13,17,24,2211.68
qr_raw,0.8,2023-12-14,19,24,2337.87
qr_raw,0.8,2023-12-15,21,24,2508.4
qr_raw,0.8,2023-12-16,14,24,2593.4
qr_raw,0.8,2023-12-17,1,24,2127.77
qr_raw,0.8,2023-12-18,0,24,2966.32
qr_raw,0.8,2023-12-19,3,24,2359.7
qr_raw,0.8,2023-12-20,7,24,3045.11
qr_raw,0.8,2023-12-21,2,24,1695.81
qr_raw,0.8,2023-12-22,0,24,2109.47
qr_raw,0.8,2023-12-23,12,24,2010.67
qr_raw,0.8,2023-12-24,5,24,1123.8
qr_raw,0.8,2023-12-25,11,24,4000
qr_raw,0.8,2023-12-26,2,24,6662.3
qr_raw,0.8,2023-12-27,15,24,2523.61
qr_raw,0.8,2023-12-28,23,24,2261.91
qr_raw,0.8,2023-12-29,18,24,1981.25
qr_raw,0.8,2023-12-30,14,24,1920.84
qr_raw,0.8,2023-12-31,9,24,1895.5
qr_raw,0.8,2024-01-01,14,24,2411.22
qr_raw,0.8,2024-01-02,13,24,2695.47
qr_raw,0.8,2024-01-03,13,24,2383.08
qr_raw,0.8,2024-01-04,20,24,2371.44
qr_raw,0.8,2024-01-05,17,24,2385.31
qr_raw,0.8,2024-01-06,12,24,2450.97
qr_raw,0.8,2024-01-07,8,24,1135.71
qr_raw,0.8,2024-01-08,1,24,2038.69
qr_raw,0.8,2024-01-09,0,24,5628.82
qr_raw,0.8,2024-01-10,18,24,3014.32
qr_raw,0.8,2024-01-11,13,24,3006.87
qr_raw,0.8,2024-01-12,3,24,2939.55
qr_raw,0.8,2024-01-13,8,24,2418.34
qr_raw,0.8,2024-01-14,14,24,2335.67
qr_raw,0.8,2024-01-15,0,24,3129.92
qr_raw,0.8,2024-01-16,2,24,3038.31
qr_raw,0.8,2024-01-17,1,24,2671.18
qr_raw,0.8,2024-01-18,4,24,3334.1
qr_raw,0.8,2024-01-19,9,24,2070.25
qr_raw,0.8,2024-01-20,8,24,2180.94
qr_raw,0.8,2024-01-21,14,24,2795.11
qr_raw,0.8,2024-01-22,17,24,3121.99
qr_raw,0.8,2024-01-23,12,24,3339.68
qr_raw,0.8,2024-01-24,13,24,1884.95
qr_raw,0.8,2024-01-25,8,24,1769.99
qr_raw,0.8,2024-01-26,2,24,3191.04
qr_raw,0.8,2024-01-27,21,24,3034.79
qr_raw,0.8,2024-01-28,21,24,3301.6
qr_raw,0.8,2024-01-29,14,24,3226.38
qr_raw,0.8,2024-01-30,7,24,1974.6
qr_raw,0.8,2024-01-31,18,24,2856.22
qr_raw,0.8,2024-02-01,16,24,2405.66
qr_raw,0.8,2024-02-02,23,24,2281.44
qr_raw,0.8,2024-02-03,7,24,2465.94
qr_raw,0.8,2024-02-04,11,24,2626.77
qr_raw,0.8,2024-02-05,1,24,2388.29
qr_raw,0.8,2024-02-06,0,24,2935.45
qr_raw,0.8,2024-02-07,17,24,2446.38
qr_raw,0.8,2024-02-08,24,24,3178.62
qr_raw,0.8,2024-02-09,23,24,2615.75
qr_raw,0.8,2024-02-10,12,24,2475.11
qr_raw,0.8,2024-02-11,24,24,2969.22
qr_raw,0.8,2024-02-12,19,24,3444.36
qr_raw,0.8,2024-02-13,19,24,3742.33
qr_raw,0.8,2024-02-14,5,24,3203.1
qr_raw,0.8,2024-02-15,15,24,2710.45
qr_raw,0.8,2024-02-16,22,24,2266.75
qr_raw,0.8,2024-02-17,16,24,3018.49
qr_raw,0.8,2024-02-18,24,24,3207.5
qr_raw,0.8,2024-02-19,22,24,3446.79
qr_raw,0.8,2024-02-20,21,24,2905.01
qr_raw,0.8,2024-02-21,1,24,3268.77
qr_raw,0.8,2024-02-22,10,24,2945.42
qr_raw,0.8,2024-02-23,3,24,2186.92
qr_raw,0.8,2024-02-24,20,24,1695.23
qr_raw,0.8,2024-02-25,21,24,2394.4
qr_raw,0.8,2024-02-26,22,24,3526.13
qr_raw,0.8,2024-02-27,24,24,3812.72
qr_raw,0.8,2024-02-28,22,24,2882.52
qr_raw,0.8,2024-02-29,12,24,3037.31
qr_raw,0.8,2024-03-01,13,24,3255.45
qr_raw,0.8,2024-03-02,24,24,3228.13
qr_raw,0.8,2024-03-03,18,24,3016.21
qr_raw,0.8,2024-03-04,16,24,4176.25
qr_raw,0.8,2024-03-05,1,24,3611.68
qr_raw,0.8,2024-03-06,24,24,3889.68
qr_raw,0.8,2024-03-07,18,24,3326.22
qr_raw,0.8,2024-03-08,22,24,2987.39
qr_raw,0.8,2024-03-09,11,24,1803.75
qr_raw,0.8,2024-03-10,8,24,2537.52
qr_raw,0.8,2024-03-11,18,24,3305.34
qr_raw,0.8,2024-03-12,11,24,2716.1
qr_raw,0.8,2024-03-13,24,24,3018.21
qr_raw,0.8,2024-03-14,23,24,3542.53
qr_raw,0.8,2024-03-15,24,24,4606.79
qr_raw,0.8,2024-03-16,24,24,3616.17
qr_raw,0.8,2024-03-17,14,24,3587.41
qr_raw,0.8,2024-03-18,18,24,4122.37
qr_raw,0.8,2024-03-19,20,24,4491.96
qr_raw,0.8,2024-03-20,23,24,3905.74
qr_raw,0.8,2024-03-21,17,24,3968.18
qr_raw,0.8,2024-03-22,20,24,3130.95
qr_raw,0.8,2024-03-23,8,24,1959.93
qr_raw,0.8,2024-03-24,16,24,2342.14
qr_raw,0.8,2024-03-25,14,24,3304.61
qr_raw,0.8,2024-03-26,8,24,2972.02
qr_raw,0.8,2024-03-27,4,24,2226.37
qr_raw,0.8,2024-03-28,5,24,2058.69
qr_raw,0.8,2024-03-29,17,24,2961.38
qr_raw,0.8,2024-03-30,18,24,4359.09
qr_raw,0.8,2024-03-31,16,23,3535.6
qr_raw,0.8,2024-04-01,12,24,2607.4
qr_raw,0.8,2024-04-02,24,24,4112.9
qr_raw,0.8,2024-04-03,21,24,2444.12
qr_raw,0.8,2024-04-04,23,24,2856.7
qr_raw,0.8,2024-04-05,19,24,2614.2
qr_raw,0.8,2024-04-06,15,24,1858.03
qr_raw,0.8,2024-04-07,16,24,2397.08
qr_raw,0.8,2024-04-08,12,24,1945.87
qr_raw,0.8,2024-04-09,0,24,4002.65
qr_raw,0.8,2024-04-10,20,24,2126.8
qr_raw,0.8,2024-04-11,13,24,1738.35
qr_raw,0.8,2024-04-12,15,24,1710.95
qr_raw,0.8,2024-04-13,10,24,1322.18
qr_raw,0.8,2024-04-14,21,24,1555.43
qr_raw,0.8,2024-04-15,15,24,2285.41
qr_raw,0.8,2024-04-16,17,24,2630.94
qr_raw,0.8,2024-04-17,12,24,2522.31
qr_raw,0.8,2024-04-18,14,24,1714.47
qr_raw,0.8,2024-04-19,11,24,1951.73
qr_raw,0.8,2024-04-20,23,24,3579.28
qr_raw,0.8,2024-04-21,19,24,3253.93
qr_raw,0.8,2024-04-22,24,24,5410.79
qr_raw,0.8,2024-04-23,10,24,3233.23
qr_raw,0.8,2024-04-24,13,24,2816.73
qr_raw,0.8,2024-04-25,16,24,2008.16
qr_raw,0.8,2024-04-26,11,24,1843.65
qr_raw,0.8,2024-04-27,11,24,3199.45
qr_raw,0.8,2024-04-28,8,24,2643.65
qr_raw,0.8,2024-04-29,10,24,1963.47
qr_raw,0.8,2024-04-30,14,24,2101.93
qr_raw,0.8,2024-05-01,15,24,3065.88
qr_raw,0.8,2024-05-02,15,24,3834.93
qr_raw,0.8,2024-05-03,9,24,2695.17
qr_raw,0.8,2024-05-04,24,24,2280.54
qr_raw,0.8,2024-05-05,14,24,1983.98
qr_raw,0.8,2024-05-06,17,24,2086.32
qr_raw,0.8,2024-05-07,12,24,1849.98
qr_raw,0.8,2024-05-08,10,24,2165.84
qr_raw,0.8,2024-05-09,20,24,3518.19
qr_raw,0.8,2024-05-10,2,24,4020.22
qr_raw,0.8,2024-05-11,4,24,3091.17
qr_raw,0.8,2024-05-12,19,24,1563.91
qr_raw,0.8,2024-05-13,17,24,3054.47
qr_raw,0.8,2024-05-14,16,24,1942.82
qr_raw,0.8,2024-05-15,8,24,4004.95
qr_raw,0.8,2024-05-16,21,24,3132.67
qr_raw,0.8,2024-05-17,11,24,2566.91
qr_raw,0.8,2024-05-18,0,24,1205.45
qr_raw,0.8,2024-05-19,13,24,1748.33
qr_raw,0.8,2024-05-20,21,24,2803.21
qr_raw,0.8,2024-05-21,13,24,1524.36
qr_raw,0.8,2024-05-22,13,24,1083.04
qr_raw,0.8,2024-05-23,17,24,1547.57
qr_raw,0.8,2024-05-24,11,24,1072.31
qr_raw,0.8,2024-05-25,11,24,1124.73
qr_raw,0.8,2024-05-26,12,24,1212.16
qr_raw,0.8,2024-05-27,3,24,1650.94
qr_raw,0.8,2024-05-28,16,24,1770.07
qr_raw,0.8,2024-05-29,17,24,1423.78
qr_raw,0.8,2024-05-30,15,24,950.996
qr_raw,0.8,2024-05-31,20,24,1536.94
qr_raw,0.8,2024-06-01,20,24,1355.09
qr_raw,0.8,2024-06-02,1,24,1306.62
qr_raw,0.8,2024-06-03,10,24,975.842
qr_raw,0.8,2024-06-04,3,24,1210.13
qr_raw,0.8,2024-06-05,8,24,768.543
qr_raw,0.8,2024-06-06,15,24,629.547
qr_raw,0.8,2024-06-07,14,24,676.676
qr_raw,0.8,2024-06-08,3,24,945.603
qr_raw,0.8,2024-06-09,3,24,1066.54
qr_raw,0.8,2024-06-10,15,24,1531.45
qr_raw,0.8,2024-06-11,23,24,1558.64
qr_raw,0.8,2024-06-12,21,24,988.487
qr_raw,0.8,2024-06-13,18,24,672.187
qr_raw,0.8,2024-06-14,15,24,856.889
qr_raw,0.8,2024-06-15,4,24,890.599
qr_raw,0.8,2024-06-16,14,24,1206.54
qr_raw,0.8,2024-06-17,13,24,573.103
qr_raw,0.8,2024-06-18,13,24,885.664
qr_raw,0.8,2024-06-19,9,24,832.55
qr_raw,0.8,2024-06-20,19,24,857
qr_raw,0.8,2024-06-21,7,24,844.468
qr_raw,0.8,2024-06-22,17,24,867.851
qr_raw,0.8,2024-06-23,16,24,1063.17
qr_raw,0.8,2024-06-24,19,24,895.125
qr_raw,0.8,2024-06-25,20,24,1039.91
qr_raw,0.8,2024-06-26,22,24,1293.16
qr_raw,0.8,2024-06-27,22,24,1068.72
qr_raw,0.8,2024-06-28,15,24,1063.33
qr_raw,0.8,2024-06-29,19,24,996.801
qr_raw,0.8,2024-06-30,18,24,1017.98
qr_raw,0.8,2024-07-01,7,24,662.955
qr_raw,0.8,2024-07-02,20,24,1586.38
qr_raw,0.8,2024-07-03,15,24,1233.53
qr_raw,0.8,2024-07-04,23,24,1162.78
qr_raw,0.8,2024-07-05,13,24,901.769
qr_raw,0.8,2024-07-06,19,24,1001.85
qr_raw,0.8,2024-07-07,23,24,1327.55
qr_raw,0.8,2024-07-08,17,24,818.711
qr_raw,0.8,2024-07-09,8,24,871.996
qr_raw,0.8,2024-07-10,18,24,857.316
qr_raw,0.8,2024-07-11,13,24,869.604
qr_raw,0.8,2024-07-12,18,24,880.139
qr_raw,0.8,2024-07-13,17,24,1014.67
qr_raw,0.8,2024-07-14,11,24,1495.04
qr_raw,0.8,2024-07-15,23,24,1084.73
qr_raw,0.8,2024-07-16,21,24,963.013
qr_raw,0.8,2024-07-17,22,24,1094.96
qr_raw,0.8,2024-07-18,18,24,854.069
qr_raw,0.8,2024-07-19,15,24,942.484
qr_raw,0.8,2024-07-20,11,24,948.131
qr_raw,0.8,2024-07-21,15,24,1176.65
qr_raw,0.8,2024-07-22,4,24,1322.77
qr_raw,0.8,2024-07-23,13,24,1067.75
qr_raw,0.8,2024-07-24,19,24,889.492
qr_raw,0.8,2024-07-25,16,24,907.182
qr_raw,0.8,2024-07-26,19,24,1348.63
qr_raw,0.8,2024-07-27,20,24,1070.99
qr_raw,0.8,2024-07-28,7,24,713.637
qr_raw,0.8,2024-07-29,13,24,1613.31
qr_raw,0.8,2024-07-30,12,24,1500.63
qr_raw,0.8,2024-07-31,21,24,1020.61
qr_raw,0.8,2024-08-01,1,24,863.935
qr_raw,0.8,2024-08-02,1,24,876.963
qr_raw,0.8,2024-08-03,1,24,978.348
qr_raw,0.8,2024-08-04,18,24,1150.48
qr_raw,0.8,2024-08-05,5,24,1462.77
qr_raw,0.8,2024-08-06,6,24,1349
qr_raw,0.8,2024-08-07,17,24,1334.04
qr_raw,0.8,2024-08-08,15,24,874.041
qr_raw,0.8,2024-08-09,10,24,1289.81
qr_raw,0.8,2024-08-10,7,24,1320.55
qr_raw,0.8,2024-08-11,21,24,1325.04
qr_raw,0.8,2024-08-12,14,24,1640.34
qr_raw,0.8,2024-08-13,5,24,586.719
qr_raw,0.8,2024-08-14,2,24,1097.86
qr_raw,0.8,2024-08-15,16,24,1974.11
qr_raw,0.8,2024-08-16,6,24,1997.52
qr_raw,0.8,2024-08-17,9,24,1389.12
qr_raw,0.8,2024-08-18,8,24,1572.64
qr_raw,0.8,2024-08-19,4,24,1348.13
qr_raw,0.8,2024-08-20,23,24,1393.21
qr_raw,0.8,2024-08-21,8,24,1227.43
qr_raw,0.8,2024-08-22,19,24,1776.6
qr_raw,0.8,2024-08-23,20,24,1890.18
qr_raw,0.8,2024-08-24,1,24,1057.86
qr_raw,0.8,2024-08-25,14,24,1024.74
qr_raw,0.8,2024-08-26,15,24,1193.54
qr_raw,0.8,2024-08-27,16,24,1249.31
qr_raw,0.8,2024-08-28,16,24,1301.44
qr_raw,0.8,2024-08-29,9,24,1168.91
qr_raw,0.8,2024-08-30,19,24,964.285
qr_raw,0.8,2024-08-31,20,24,789.935
qr_raw,0.8,2024-09-01,8,24,1075.38
qr_raw,0.8,2024-09-02,16,24,1063.73
qr_raw,0.8,2024-09-03,14,24,1091.91
qr_raw,0.8,2024-09-04,11,24,1047.88
qr_raw,0.8,2024-09-05,10,24,1136.05
qr_raw,0.8,2024-09-06,16,24,883.088
qr_raw,0.8,2024-09-07,18,24,744.296
qr_raw,0.8,2024-09-08,22,24,1356.41
qr_raw,0.8,2024-09-09,15,24,1441.6
qr_raw,0.8,2024-09-10,22,24,1101.09
qr_raw,0.8,2024-09-11,15,24,933.894
qr_raw,0.8,2024-09-12,21,24,1369.45
qr_raw,0.8,2024-09-13,16,24,957.091
qr_raw,0.8,2024-09-14,17,24,1116.4
qr_raw,0.8,2024-09-15,21,24,1229.19
qr_raw,0.8,2024-09-16,8,24,1007.61
qr_raw,0.8,2024-09-17,19,24,985.475
qr_raw,0.8,2024-09-18,17,24,772.407
qr_raw,0.8,2024-09-19,14,24,846.758
qr_raw,0.8,2024-09-20,19,24,918.809
qr_raw,0.8,2024-09-21,18,24,1641.52
qr_raw,0.8,2024-09-22,13,24,1569.64
qr_raw,0.8,2024-09-23,15,24,1432.44
qr_raw,0.8,2024-09-24,21,24,1382.25
qr_raw,0.8,2024-09-25,18,24,1249.76
qr_raw,0.8,2024-09-26,4,24,696.732
qr_raw,0.8,2024-09-27,1,24,823.236
qr_raw,0.8,2024-09-28,17,24,1039.12
qr_raw,0.8,2024-09-29,14,24,1243.59
qr_raw,0.8,2024-09-30,9,24,1602.18
qr_raw,0.8,2024-10-01,1,24,1200.22
qr_raw,0.8,2024-10-02,21,24,1029.12
qr_raw,0.8,2024-10-03,21,24,1154.85
qr_raw,0.8,2024-10-04,14,24,1115.7
qr_raw,0.8,2024-10-05,16,24,1417.44
qr_raw,0.8,2024-10-06,12,24,2124.19
qr_raw,0.8,2024-10-07,9,24,1337.97
qr_raw,0.8,2024-10-08,20,24,1164.48
qr_raw,0.8,2024-10-09,23,24,1498.81
qr_raw,0.8,2024-10-10,21,24,1400.61
qr_raw,0.8,2024-10-11,16,24,1601.93
qr_raw,0.8,2024-10-12,20,24,1785.42
qr_raw,0.8,2024-10-13,16,24,1804.78
qr_raw,0.8,2024-10-14,21,24,1461.22
qr_raw,0.8,2024-10-15,9,24,964.778
qr_raw,0.8,2024-10-16,8,24,1106.65
qr_raw,0.8,2024-10-17,12,24,1022.29
qr_raw,0.8,2024-10-18,24,24,1609.78
qr_raw,0.8,2024-10-19,21,24,1719.29
qr_raw,0.8,2024-10-20,16,24,1771.36
qr_raw,0.8,2024-10-21,13,24,1727.07
qr_raw,0.8,2024-10-22,12,24,1043.49
qr_raw,0.8,2024-10-23,4,24,1117.22
qr_raw,0.8,2024-10-24,16,24,1138.37
qr_raw,0.8,2024-10-25,10,24,1429.35
qr_raw,0.8,2024-10-26,22,24,1229.12
qr_raw,0.8,2024-10-27,18,24,2050.64
qr_raw,0.8,2024-10-28,11,24,1710.64
qr_raw,0.8,2024-10-29,13,24,1665.15
qr_raw,0.8,2024-10-30,15,24,1635.66
qr_raw,0.8,2024-10-31,15,24,1612.95
qr_raw,0.8,2024-11-01,15,24,3315.74
qr_raw,0.8,2024-11-02,12,24,2858.26
qr_raw,0.8,2024-11-03,9,24,1956.73
qr_raw,0.8,2024-11-04,3,24,1825.22
qr_raw,0.8,2024-11-05,23,24,1842.04
qr_raw,0.8,2024-11-06,15,24,1922.72
qr_raw,0.8,2024-11-07,13,24,2071.83
qr_raw,0.8,2024-11-08,3,24,2621.82
qr_raw,0.8,2024-11-09,17,24,2904.85
qr_raw,0.8,2024-11-10,4,24,2002.56
qr_raw,0.8,2024-11-11,14,24,2826.83
qr_raw,0.8,2024-11-12,20,24,3441.23
qr_raw,0.8,2024-11-13,24,24,2903.9
qr_raw,0.8,2024-11-14,14,24,2415.99
qr_raw,0.8,2024-11-15,17,24,2997
qr_raw,0.8,2024-11-16,24,24,2566.72
qr_raw,0.8,2024-11-17,22,24,2221.03
qr_raw,0.8,2024-11-18,23,24,3595.28
qr_raw,0.8,2024-11-19,6,24,2010.87
qr_raw,0.8,2024-11-20,6,24,2519.15
qr_raw,0.8,2024-11-21,12,24,2536.39
qr_raw,0.8,2024-11-22,14,24,2991.93
qr_raw,0.8,2024-11-23,17,24,3196.49
qr_raw,0.8,2024-11-24,4,24,3240.88
qr_raw,0.8,2024-11-25,0,24,2305.76
qr_raw,0.8,2024-11-26,16,24,2812.9
qr_raw,0.8,2024-11-27,10,24,2481.55
qr_raw,0.8,2024-11-28,0,24,2777.92
qr_raw,0.8,2024-11-29,18,24,3240.8
qr_raw,0.8,2024-11-30,3,24,2458.97
qr_raw,0.8,2024-12-01,17,24,3823.62
qr_raw,0.8,2024-12-02,16,24,1806.91
qr_raw,0.8,2024-12-03,16,24,2787.13
qr_raw,0.8,2024-12-04,16,24,2794.35
qr_raw,0.8,2024-12-05,6,24,2904.4
qr_raw,0.8,2024-12-06,12,24,3680.98
qr_raw,0.8,2024-12-07,9,24,2282.16
qr_raw,0.8,2024-12-08,5,24,2608.34
qr_raw,0.8,2024-12-09,14,24,3281.64
qr_raw,0.8,2024-12-10,20,24,2345.58
qr_raw,0.8,2024-12-11,19,24,2828.22
qr_raw,0.8,2024-12-12,21,24,2931.05
qr_raw,0.8,2024-12-13,3,24,2044.12
qr_raw,0.8,2024-12-14,17,24,2238.19
qr_raw,0.8,2024-12-15,0,24,2014.56
qr_raw,0.8,2024-12-16,10,24,2271.16
qr_raw,0.8,2024-12-17,2,24,1997.76
qr_raw,0.8,2024-12-18,10,24,2490.47
qr_raw,0.8,2024-12-19,7,24,2198.23
qr_raw,0.8,2024-12-20,14,24,3010.51
qr_raw,0.8,2024-12-21,18,24,2341.11
qr_raw,0.8,2024-12-22,10,24,2292.99
qr_raw,0.8,2024-12-23,12,24,3682.13
qr_raw,0.8,2024-12-24,3,24,3440.54
qr_raw,0.8,2024-12-25,14,24,6551.91
qr_raw,0.8,2024-12-26,5,24,4009.84
qr_raw,0.8,2024-12-27,13,24,3805.33
qr_raw,0.8,2024-12-28,2,24,3439.11
qr_raw,0.8,2024-12-29,18,24,3167.66
qr_raw,0.8,2024-12-30,10,24,3148.15
qr_raw,0.8,2024-12-31,3,24,2713.52
qr_raw,0.8,2025-01-01,13,24,4718.42
qr_raw,0.8,2025-01-02,7,24,2921.74
qr_raw,0.8,2025-01-03,5,24,3072.3
qr_raw,0.8,2025-01-04,8,24,2158.31
qr_raw,0.8,2025-01-05,20,24,4181.58
qr_raw,0.8,2025-01-06,17,24,2993.55
qr_raw,0.8,2025-01-07,15,24,3644.87
qr_raw,0.8,2025-01-08,17,24,6545.34
qr_raw,0.8,2025-01-09,21,24,2775.61
qr_raw,0.8,2025-01-10,14,24,2716.66
qr_raw,0.8,2025-01-11,8,24,2019.4
qr_raw,0.8,2025-01-12,2,24,3736.42
qr_raw,0.8,2025-01-13,4,24,2305.27
qr_raw,0.8,2025-01-14,5,24,2298.21
qr_raw,0.8,2025-01-15,7,24,3088.87
qr_raw,0.8,2025-01-16,22,24,2513.73
qr_raw,0.8,2025-01-17,23,24,2808.54
qr_raw,0.8,2025-01-18,0,24,2166.4
qr_raw,0.8,2025-01-19,13,24,2625.97
qr_raw,0.8,2025-01-20,14,24,4079.45
qr_raw,0.8,2025-01-21,20,24,4412.96
qr_raw,0.8,2025-01-22,6,24,3383.68
qr_raw,0.8,2025-01-23,20,24,3586.09
qr_raw,0.8,2025-01-24,18,24,3761.29
qr_raw,0.8,2025-01-25,1,24,2739.96
qr_raw,0.8,2025-01-26,16,24,4094.97
qr_raw,0.8,2025-01-27,15,24,2422.24
qr_raw,0.8,2025-01-28,23,24,2900.68
qr_raw,0.8,2025-01-29,17,24,1822.72
qr_raw,0.8,2025-01-30,23,24,2747.95
qr_raw,0.8,2025-01-31,18,24,2486.69
qr_raw,0.8,2025-02-01,21,24,3142.29
qr_raw,0.8,2025-02-02,15,24,2550.99
qr_raw,0.8,2025-02-03,15,24,2953.1
qr_raw,0.8,2025-02-04,18,24,2449.57
qr_raw,0.8,2025-02-05,24,24,3103.86
qr_raw,0.8,2025-02-06,24,24,3291.79
qr_raw,0.8,2025-02-07,24,24,3639.31
qr_raw,0.8,2025-02-08,20,24,2356.93
qr_raw,0.8,2025-02-09,24,24,3762.63
qr_raw,0.8,2025-02-10,13,24,4165.55
qr_raw,0.8,2025-02-11,24,24,4366.29
qr_raw,0.8,2025-02-12,9,24,2993.96
qr_raw,0.8,2025-02-13,7,24,2961.63
qr_raw,0.8,2025-02-14,6,24,3287.51
qr_raw,0.8,2025-02-15,18,24,3642.13
qr_raw,0.8,2025-02-16,16,24,2491.05
qr_raw,0.8,2025-02-17,12,24,3560.89
qr_raw,0.8,2025-02-18,5,24,3242.27
qr_raw,0.8,2025-02-19,20,24,3149.15
qr_raw,0.8,2025-02-20,13,24,3103.33
qr_raw,0.8,2025-02-21,14,24,2179.35
qr_raw,0.8,2025-02-22,15,24,2954.97
qr_raw,0.8,2025-02-23,4,24,2183.96
qr_raw,0.8,2025-02-24,15,24,3489.83
qr_raw,0.8,2025-02-25,11,24,3300.43
qr_raw,0.8,2025-02-26,2,24,2655.07
qr_raw,0.8,2025-02-27,23,24,4134.59
qr_raw,0.8,2025-02-28,20,24,3415.53
qr_raw,0.8,2025-03-01,13,24,1738.25
qr_raw,0.8,2025-03-02,19,24,2906.97
qr_raw,0.8,2025-03-03,9,24,3030.07
qr_raw,0.8,2025-03-04,4,24,3719.82
qr_raw,0.8,2025-03-05,11,24,3602.43
qr_raw,0.8,2025-03-06,17,24,3253.89
qr_raw,0.8,2025-03-07,11,24,2427.34
qr_raw,0.8,2025-03-08,23,24,2361.02
qr_raw,0.8,2025-03-09,1,24,1755.89
qr_raw,0.8,2025-03-10,10,24,5050.73
qr_raw,0.8,2025-03-11,12,24,2984.32
qr_raw,0.8,2025-03-12,7,24,4388.94
qr_raw,0.8,2025-03-13,10,24,3941.56
qr_raw,0.8,2025-03-14,10,24,3764.87
qr_raw,0.8,2025-03-15,9,24,2062.27
qr_raw,0.8,2025-03-16,18,24,1912.33
qr_raw,0.8,2025-03-17,14,24,2866.8
qr_raw,0.8,2025-03-18,17,24,3399.19
qr_raw,0.8,2025-03-19,11,24,4664.33
qr_raw,0.8,2025-03-20,8,24,3318.43
qr_raw,0.8,2025-03-21,18,24,2947.43
qr_raw,0.8,2025-03-22,23,24,2587.36
qr_raw,0.8,2025-03-23,18,24,3532.94
qr_raw,0.8,2025-03-24,19,24,5178.55
qr_raw,0.8,2025-03-25,11,24,3834.42
qr_raw,0.8,2025-03-26,8,24,3533.63
qr_raw,0.8,2025-03-27,6,24,3050.67
qr_raw,0.8,2025-03-28,23,24,3075.77
qr_raw,0.8,2025-03-29,17,24,1901.11
qr_raw,0.8,2025-03-30,15,23,3270.04
qr_raw,0.8,2025-03-31,1,24,3507.38
qr_raw,0.8,2025-04-01,6,24,2326.19
qr_raw,0.8,2025-04-02,23,24,2254.57
qr_raw,0.8,2025-04-03,24,24,2868.06
qr_raw,0.8,2025-04-04,11,24,2331.1
qr_raw,0.8,2025-04-05,6,24,1628.94
qr_raw,0.8,2025-04-06,17,24,2795.97
qr_raw,0.8,2025-04-07,19,24,3020.24
qr_raw,0.8,2025-04-08,19,24,2509.61
qr_raw,0.8,2025-04-09,5,24,1819.75
qr_raw,0.8,2025-04-10,23,24,2143.13
qr_raw,0.8,2025-04-11,17,24,1806.28
qr_raw,0.8,2025-04-12,10,24,1952.32
qr_raw,0.8,2025-04-13,9,24,2079.21
qr_raw,0.8,2025-04-14,5,24,2791.78
qr_raw,0.8,2025-04-15,8,24,2153.17
qr_raw,0.8,2025-04-16,3,24,1890.14
qr_raw,0.8,2025-04-17,0,24,2068.73
qr_raw,0.8,2025-04-18,13,24,2319.03
qr_raw,0.8,2025-04-19,23,24,2187.36
qr_raw,0.8,2025-04-20,14,24,1992.91
qr_raw,0.8,2025-04-21,14,24,2146.6
qr_raw,0.8,2025-04-22,21,24,2579.44
qr_raw,0.8,2025-04-23,13,24,2404.64
qr_raw,0.8,2025-04-24,18,24,1663.34
qr_raw,0.8,2025-04-25,22,24,1848.12
qr_raw,0.8,2025-04-26,24,24,2059.49
qr_raw,0.8,2025-04-27,22,24,2158.07
qr_raw,0.8,2025-04-28,19,24,2219.06
qr_raw,0.8,2025-04-29,7,24,2146.57
qr_raw,0.8,2025-04-30,15,24,1528.49
qr_raw,0.8,2025-05-01,1,24,3016.06
qr_raw,0.8,2025-05-02,10,24,4450.08
qr_raw,0.8,2025-05-03,14,24,4126.66
qr_raw,0.8,2025-05-04,16,24,1996.34
qr_raw,0.8,2025-05-05,21,24,3181.34
qr_raw,0.8,2025-05-06,10,24,1207.81
qr_raw,0.8,2025-05-07,16,24,940.932
qr_raw,0.8,2025-05-08,5,24,2321.45
qr_raw,0.8,2025-05-09,13,24,2415.26
qr_raw,0.8,2025-05-10,6,24,1604.1
qr_raw,0.8,2025-05-11,18,24,1708.26
qr_raw,0.8,2025-05-12,23,24,2802.36
qr_raw,0.8,2025-05-13,24,24,2534.91
qr_raw,0.8,2025-05-14,22,24,1402.51
qr_raw,0.8,2025-05-15,10,24,3222.95
qr_raw,0.8,2025-05-16,14,24,1863.01
qr_raw,0.8,2025-05-17,18,24,1731.67
qr_raw,0.8,2025-05-18,11,24,1334.15
qr_raw,0.8,2025-05-19,24,24,1512.28
qr_raw,0.8,2025-05-20,20,24,1051.47
qr_raw,0.8,2025-05-21,5,24,731.463
qr_raw,0.8,2025-05-22,7,24,1052.34
qr_raw,0.8,2025-05-23,23,24,1516.13
qr_raw,0.8,2025-05-24,21,24,1642.6
qr_raw,0.8,2025-05-25,24,24,1553.22
qr_raw,0.8,2025-05-26,21,24,1174.64
qr_raw,0.8,2025-05-27,3,24,921.644
qr_raw,0.8,2025-05-28,6,24,1344.43
qr_raw,0.8,2025-05-29,19,24,2965.32
qr_raw,0.8,2025-05-30,19,24,2612.47
qr_raw,0.8,2025-05-31,21,24,1945.42
qr_raw,0.8,2025-06-01,15,24,1414.39
qr_raw,0.8,2025-06-02,20,24,1522.1
qr_raw,0.8,2025-06-03,21,24,1509.08
qr_raw,0.8,2025-06-04,20,24,1294.49
qr_raw,0.8,2025-06-05,14,24,1235.15
qr_raw,0.8,2025-06-06,16,24,1185.42
qr_raw,0.8,2025-06-07,12,24,1105.5
qr_raw,0.8,2025-06-08,18,24,1189.31
qr_raw,0.8,2025-06-09,18,24,1997.91
qr_raw,0.8,2025-06-10,23,24,1377.64
qr_raw,0.8,2025-06-11,16,24,1168.54
qr_raw,0.8,2025-06-12,20,24,1088.52
qr_raw,0.8,2025-06-13,19,24,1152.35
qr_raw,0.8,2025-06-14,9,24,856.803
qr_raw,0.8,2025-06-15,17,24,1035.7
qr_raw,0.8,2025-06-16,20,24,1013.05
qr_raw,0.8,2025-06-17,12,24,1294.44
qr_raw,0.8,2025-06-18,14,24,977.349
qr_raw,0.8,2025-06-19,8,24,791.839
qr_raw,0.8,2025-06-20,11,24,766.774
qr_raw,0.8,2025-06-21,18,24,850.911
qr_raw,0.8,2025-06-22,15,24,898.645
qr_raw,0.8,2025-06-23,11,24,801.182
qr_raw,0.8,2025-06-24,5,24,729.315
qr_raw,0.8,2025-06-25,20,24,849.731
qr_raw,0.8,2025-06-26,15,24,866.588
qr_raw,0.8,2025-06-27,11,24,883.951
qr_raw,0.8,2025-06-28,14,24,1466.88
qr_raw,0.8,2025-06-29,14,24,1264.94
qr_raw,0.8,2025-06-30,5,24,1527.28
qr_raw,0.8,2025-07-01,9,24,1216.46
qr_raw,0.8,2025-07-02,13,24,1426.18
qr_raw,0.8,2025-07-03,2,24,1044.4
qr_raw,0.8,2025-07-04,12,24,947.806
qr_raw,0.8,2025-07-05,10,24,845.066
qr_raw,0.8,2025-07-06,17,24,2155.43
qr_raw,0.8,2025-07-07,0,24,1663.11
qr_raw,0.8,2025-07-08,2,24,1429.66
qr_raw,0.8,2025-07-09,18,24,1420.06
qr_raw,0.8,2025-07-10,15,24,1526.47
qr_raw,0.8,2025-07-11,20,24,1404.67
qr_raw,0.8,2025-07-12,5,24,987.214
qr_raw,0.8,2025-07-13,19,24,1505.91
qr_raw,0.8,2025-07-14,17,24,2859.02
qr_raw,0.8,2025-07-15,16,24,1502.7
qr_raw,0.8,2025-07-16,5,24,873.947
qr_raw,0.8,2025-07-17,16,24,863.063
qr_raw,0.8,2025-07-18,12,24,621.523
qr_raw,0.8,2025-07-19,7,24,807.723
qr_raw,0.8,2025-07-20,21,24,1288.12
qr_raw,0.8,2025-07-21,22,24,1719.6
qr_raw,0.8,2025-07-22,5,24,1039.97
qr_raw,0.8,2025-07-23,0,24,897.521
qr_raw,0.8,2025-07-24,18,24,1069.03
qr_raw,0.8,2025-07-25,17,24,995.657
qr_raw,0.8,2025-07-26,10,24,971.39
qr_raw,0.8,2025-07-27,16,24,1252.6
qr_raw,0.8,2025-07-28,16,24,967.203
qr_raw,0.8,2025-07-29,15,24,1137.11
qr_raw,0.8,2025-07-30,17,24,937.958
qr_raw,0.8,2025-07-31,14,24,1013.23
qr_raw,0.8,2025-08-01,20,24,978.187
qr_raw,0.8,2025-08-02,22,24,865.609
qr_raw,0.8,2025-08-03,15,24,1213.96
qr_raw,0.8,2025-08-04,15,24,1842.9
qr_raw,0.8,2025-08-05,17,24,1171.18
qr_raw,0.8,2025-08-06,6,24,836.864
qr_raw,0.8,2025-08-07,5,24,1038.8
qr_raw,0.8,2025-08-08,20,24,1695.88
qr_raw,0.8,2025-08-09,7,24,1404.17
qr_raw,0.8,2025-08-10,9,24,1495.35
qr_raw,0.8,2025-08-11,22,24,1513.15
qr_raw,0.8,2025-08-12,11,24,1028.58
qr_raw,0.8,2025-08-13,19,24,1296.23
qr_raw,0.8,2025-08-14,12,24,1261.35
qr_raw,0.8,2025-08-15,23,24,2999.82
qr_raw,0.8,2025-08-16,11,24,1119.41
qr_raw,0.8,2025-08-17,10,24,1064.57
qr_raw,0.8,2025-08-18,10,24,1018.75
qr_raw,0.8,2025-08-19,7,24,925.035
qr_raw,0.8,2025-08-20,11,24,1384.65
qr_raw,0.8,2025-08-21,17,24,1454.58
qr_raw,0.8,2025-08-22,9,24,1611.55
qr_raw,0.8,2025-08-23,5,24,1195.45
qr_raw,0.8,2025-08-24,19,24,1479.2
qr_raw,0.8,2025-08-25,20,24,1844.02
qr_raw,0.8,2025-08-26,24,24,1580.66
qr_raw,0.8,2025-08-27,5,24,1136.62
qr_raw,0.8,2025-08-28,9,24,1104.5
qr_raw,0.8,2025-08-29,18,24,1412.41
qr_raw,0.8,2025-08-30,17,24,940.358
qr_raw,0.8,2025-08-31,15,24,997.097
qr_raw,0.8,2025-09-01,14,24,1007.65
qr_raw,0.8,2025-09-02,17,24,1618.01
qr_raw,0.8,2025-09-03,7,24,1198.85
qr_raw,0.8,2025-09-04,18,24,1165.12
qr_raw,0.8,2025-09-05,11,24,1078.88
qr_raw,0.8,2025-09-06,17,24,934.004
qr_raw,0.8,2025-09-07,11,24,948.07
qr_raw,0.8,2025-09-08,16,24,926.565
qr_raw,0.8,2025-09-09,14,24,1100.92
qr_raw,0.8,2025-09-10,4,24,932.037
qr_raw,0.8,2025-09-11,9,24,1206.55
qr_raw,0.8,2025-09-12,12,24,949.966
qr_raw,0.8,2025-09-13,19,24,1303.64
qr_raw,0.8,2025-09-14,14,24,1058.47
qr_raw,0.8,2025-09-15,4,24,1039.41
qr_raw,0.8,2025-09-16,20,24,1208.21
qr_raw,0.8,2025-09-17,19,24,992.939
qr_raw,0.8,2025-09-18,4,24,841.455
qr_raw,0.8,2025-09-19,17,24,728.546
qr_raw,0.8,2025-09-20,11,24,1066.58
qr_raw,0.8,2025-09-21,15,24,1267.13
qr_raw,0.8,2025-09-22,4,24,1572.1
qr_raw,0.8,2025-09-23,4,24,1818.28
qr_raw,0.8,2025-09-24,20,24,1559.69
qr_raw,0.8,2025-09-25,18,24,1282.36
qr_raw,0.8,2025-09-26,4,24,1772.19
qr_raw,0.8,2025-09-27,2,24,818.444
qr_raw,0.8,2025-09-28,20,24,1515.19
qr_raw,0.8,2025-09-29,11,24,1578.75
qr_raw,0.8,2025-09-30,12,24,1561.46
qr_raw,0.8,2025-10-01,17,24,1407.16
qr_raw,0.8,2025-10-02,14,24,1334.98
qr_raw,0.8,2025-10-03,22,24,1601.16
qr_raw,0.8,2025-10-04,10,24,1063.78
qr_raw,0.8,2025-10-05,13,24,1629
qr_raw,0.8,2025-10-06,13,24,1473.9
qr_raw,0.8,2025-10-07,21,24,1226.88
qr_raw,0.8,2025-10-08,24,24,1334.59
qr_raw,0.8,2025-10-09,17,24,1190.39
qr_raw,0.8,2025-10-10,18,24,1156.8
qr_raw,0.8,2025-10-11,10,24,1116.96
qr_raw,0.8,2025-10-12,17,24,1181.6
qr_raw,0.8,2025-10-13,24,24,1750
qr_raw,0.8,2025-10-14,11,24,1346.72
qr_raw,0.8,2025-10-15,7,24,1396.95
qr_raw,0.8,2025-10-16,5,24,975.581
qr_raw,0.8,2025-10-17,17,24,1326.02
qr_raw,0.8,2025-10-18,15,24,1371.47
qr_raw,0.8,2025-10-19,16,24,1720.41
qr_raw,0.8,2025-10-20,19,24,1942.35
qr_raw,0.8,2025-10-21,19,24,1458.96
qr_raw,0.8,2025-10-22,17,24,1535.8
qr_raw,0.8,2025-10-23,8,24,1515.48
qr_raw,0.8,2025-10-24,13,24,1769.49
qr_raw,0.8,2025-10-25,11,24,1024.54
qr_raw,0.8,2025-10-26,10,24,1636.52
qr_raw,0.8,2025-10-27,17,24,2246.32
qr_raw,0.8,2025-10-28,5,24,1508.09
qr_raw,0.8,2025-10-29,21,24,1499.18
qr_raw,0.8,2025-10-30,10,24,1882.6
qr_raw,0.8,2025-10-31,19,24,2066.64
qr_raw,0.8,2025-11-01,21,24,2921.74
qr_raw,0.8,2025-11-02,19,24,2690.49
qr_raw,0.8,2025-11-03,19,24,2290.94
qr_raw,0.8,2025-11-04,14,24,1544.29
qr_raw,0.8,2025-11-05,14,24,1746.72
qr_raw,0.8,2025-11-06,19,24,2005.28
qr_raw,0.8,2025-11-07,18,24,2253.78
qr_raw,0.8,2025-11-08,17,24,2045.05
qr_raw,0.8,2025-11-09,18,24,1712.13
qr_raw,0.8,2025-11-10,24,24,4088.45
qr_raw,0.8,2025-11-11,16,24,2906.17
qr_raw,0.8,2025-11-12,23,24,1549.75
qr_raw,0.8,2025-11-13,17,24,1781.43
qr_raw,0.8,2025-11-14,12,24,1777.3
qr_raw,0.8,2025-11-15,24,24,2448.53
qr_raw,0.8,2025-11-16,13,24,2396.74
qr_raw,0.8,2025-11-17,19,24,4524.01
qr_raw,0.8,2025-11-18,12,24,4127.23
qr_raw,0.8,2025-11-19,3,24,4149.23
qr_raw,0.8,2025-11-20,19,24,3954.06
qr_raw,0.8,2025-11-21,7,24,4117.25
qr_raw,0.8,2025-11-22,3,24,3799.45
qr_raw,0.8,2025-11-23,17,24,3404.45
qr_raw,0.8,2025-11-24,0,24,4177
qr_raw,0.8,2025-11-25,9,24,3676.79
qr_raw,0.8,2025-11-26,22,24,3032.07
qr_raw,0.8,2025-11-27,15,24,2925.19
qr_raw,0.8,2025-11-28,12,24,3382.81
qr_raw,0.8,2025-11-29,4,24,3011.68
qr_raw,0.8,2025-11-30,4,24,2319.59
qr_raw,0.8,2025-12-01,3,24,4450.95
qr_raw,0.8,2025-12-02,10,24,2374.69
qr_raw,0.8,2025-12-03,0,24,2536.3
qr_raw,0.8,2025-12-04,10,24,2340.36
qr_raw,0.8,2025-12-05,13,24,2792.76
qr_raw,0.8,2025-12-06,13,24,1876.87
qr_raw,0.8,2025-12-07,17,24,2145.63
qr_raw,0.8,2025-12-08,0,24,1967.15
qr_raw,0.8,2025-12-09,20,24,2830.43
qr_raw,0.8,2025-12-10,24,24,2503.71
qr_raw,0.8,2025-12-11,17,24,2186.77
qr_raw,0.8,2025-12-12,24,24,2301.48
qr_raw,0.8,2025-12-13,17,24,2523.47
qr_raw,0.8,2025-12-14,1,24,2877.82
qr_raw,0.8,2025-12-15,11,24,2504.15
qr_raw,0.8,2025-12-16,21,24,1987.05
qr_raw,0.8,2025-12-17,10,24,1838.21
qr_raw,0.8,2025-12-18,16,24,3012.92
qr_raw,0.8,2025-12-19,16,24,2569.96
qr_raw,0.8,2025-12-20,19,24,2078.59
qr_raw,0.8,2025-12-21,14,24,1936.59
qr_raw,0.8,2025-12-22,13,24,3058.14
qr_raw,0.8,2025-12-23,10,24,2814.9
qr_raw,0.8,2025-12-24,12,24,2923.43
qr_raw,0.8,2025-12-25,17,24,4932.27
qr_raw,0.8,2025-12-26,10,24,4021.71
qr_raw,0.8,2025-12-27,0,24,2850
qr_raw,0.8,2025-12-28,11,24,1775.67
qr_raw,0.8,2025-12-29,21,24,3659.23
qr_raw,0.8,2025-12-30,17,24,3935.21
qr_raw,0.8,2025-12-31,12,24,3624.51
qr_raw,0.8,2026-01-01,5,24,5969.03
qr_raw,0.8,2026-01-02,15,24,1412.23
qr_raw,0.8,2026-01-03,21,24,2791.22
qr_raw,0.8,2026-01-04,16,24,3164.85
qr_raw,0.8,2026-01-05,1,24,3353.78
qr_raw,0.8,2026-01-06,12,24,3409.19
qr_raw,0.8,2026-01-07,19,24,3859.4
qr_raw,0.8,2026-01-08,14,24,4553.21
qr_raw,0.8,2026-01-09,19,24,4271.69
qr_raw,0.8,2026-01-10,24,24,3652.75
qr_raw,0.8,2026-01-11,23,24,4058.14
qr_raw,0.8,2026-01-12,20,24,3814.56
qr_raw,0.8,2026-01-13,3,24,4130.93
qr_raw,0.8,2026-01-14,0,24,2062.85
qr_raw,0.8,2026-01-15,11,24,2563.04
qr_raw,0.8,2026-01-16,10,24,2294.69
qr_raw,0.8,2026-01-17,0,24,1805.04
qr_raw,0.8,2026-01-18,11,24,2019.39
qr_raw,0.8,2026-01-19,8,24,2900.79
qr_raw,0.8,2026-01-20,7,24,2960.21
qr_raw,0.8,2026-01-21,15,24,3307.86
qr_raw,0.8,2026-01-22,10,24,2587.68
qr_raw,0.8,2026-01-23,15,24,2395.89
qr_raw,0.8,2026-01-24,9,24,2282.03
qr_raw,0.8,2026-01-25,21,24,2672.53
qr_raw,0.8,2026-01-26,14,24,2421.71
qr_raw,0.8,2026-01-27,18,24,2255.9
qr_raw,0.8,2026-01-28,8,24,2598.99
qr_raw,0.8,2026-01-29,23,24,3298.81
qr_raw,0.8,2026-01-30,15,24,2330.31
qr_raw,0.8,2026-01-31,6,24,1771.05
qr_raw,0.8,2026-02-01,14,24,2826.66
qr_raw,0.8,2026-02-02,23,24,2923.51
qr_raw,0.8,2026-02-03,9,24,2304.95
qr_raw,0.8,2026-02-04,11,24,2484.18
qr_raw,0.8,2026-02-05,22,24,3487.18
qr_raw,0.8,2026-02-06,14,24,1752.8
qr_raw,0.8,2026-02-07,15,24,2349.23
qr_raw,0.8,2026-02-08,15,24,2763.88
qr_raw,0.8,2026-02-09,22,24,3174.21
qr_raw,0.8,2026-02-10,15,24,2094.18
qr_raw,0.8,2026-02-11,16,24,2623.06
qr_raw,0.8,2026-02-12,20,24,2776.02
qr_raw,0.8,2026-02-13,8,24,2788.55
qr_raw,0.8,2026-02-14,11,24,3299.27
qr_raw,0.8,2026-02-15,2,24,3432.66
qr_raw,0.8,2026-02-16,17,24,3023.05
qr_raw,0.8,2026-02-17,13,24,3236.51
qr_raw,0.8,2026-02-18,24,24,2746.3
qr_raw,0.8,2026-02-19,11,24,2034.41
qr_raw,0.8,2026-02-20,13,24,2514.21
qr_raw,0.8,2026-02-21,3,24,2761.92
qr_raw,0.8,2026-02-22,9,24,2809.77
qr_raw,0.8,2026-02-23,19,24,3370.37
qr_raw,0.8,2026-02-24,20,24,2376.32
qr_raw,0.8,2026-02-25,17,24,2520.61
qr_raw,0.8,2026-02-26,16,24,2646.78
qr_raw,0.8,2026-02-27,24,24,2872.28
qr_raw,0.8,2026-02-28,24,24,3875.37
qr_raw,0.8,2026-03-01,9,24,2346.05
qr_raw,0.8,2026-03-02,16,24,3950.11
qr_raw,0.8,2026-03-03,20,24,2657.5
qr_raw,0.8,2026-03-04,23,24,2677.62
qr_raw,0.8,2026-03-05,10,24,2663.28
qr_raw,0.8,2026-03-06,3,24,2340.19
qr_raw,0.8,2026-03-07,13,24,2652.52
qr_raw,0.8,2026-03-08,8,24,2235
qr_raw,0.8,2026-03-09,14,24,2374.53
qr_raw,0.8,2026-03-10,4,24,2033.68
qr_raw,0.8,2026-03-11,10,24,2622.17
qr_raw,0.8,2026-03-12,2,24,1722.3
qr_raw,0.8,2026-03-13,23,24,1992.43
qr_raw,0.8,2026-03-14,12,24,1460.41
qr_raw,0.8,2026-03-15,3,24,1852.27
qr_raw,0.8,2026-03-16,15,24,1889.42
qr_raw,0.8,2026-03-17,10,24,1951.25
qr_raw,0.8,2026-03-18,5,24,3045.42
qr_raw,0.8,2026-03-19,24,24,3814.33
qr_raw,0.8,2026-03-20,13,24,3409.71
qr_raw,0.8,2026-03-21,23,24,3156.66
qr_raw,0.8,2026-03-22,12,24,2729.19
qr_raw,0.8,2026-03-23,11,24,2934.17
qr_raw,0.8,2026-03-24,18,24,2788.52
qr_raw,0.8,2026-03-25,11,24,2935.5
qr_raw,0.8,2026-03-26,10,24,3577.05
qr_raw,0.8,2026-03-27,12,24,2836.96
qr_raw,0.8,2026-03-28,16,24,2773.82
qr_raw,0.8,2026-03-29,14,23,3890.51
qr_raw,0.8,2026-03-30,13,24,2986.48
qr_raw,0.8,2026-03-31,15,24,2552.22
qr_raw,0.8,2026-04-01,18,24,2815.12
qr_raw,0.8,2026-04-02,22,24,4268.51
qr_raw,0.8,2026-04-03,18,24,2832.84
qr_raw,0.8,2026-04-04,4,24,2346.32
qr_raw,0.8,2026-04-05,0,24,2261.78
qr_raw,0.8,2026-04-06,14,24,2057.57
qr_raw,0.8,2026-04-07,2,24,5282.35
qr_raw,0.8,2026-04-08,5,24,2575.59
qr_raw,0.8,2026-04-09,21,24,2935.52
qr_raw,0.8,2026-04-10,19,24,3070.24
qr_raw,0.8,2026-04-11,9,24,2127.78
qr_raw,0.8,2026-04-12,11,24,2160.02
qr_raw,0.8,2026-04-13,10,24,5296.66
qr_raw,0.8,2026-04-14,2,24,2169.2
qr_raw,0.8,2026-04-15,20,24,2509.36
qr_raw,0.8,2026-04-16,10,24,1926.66
qr_raw,0.8,2026-04-17,18,24,2224.86
qr_raw,0.8,2026-04-18,12,24,1419.61
qr_raw,0.8,2026-04-19,15,24,2743.68
qr_raw,0.8,2026-04-20,6,24,2051.36
qr_raw,0.8,2026-04-21,15,24,2170.56
qr_raw,0.8,2026-04-22,21,24,2169.04
qr_raw,0.8,2026-04-23,16,24,1510.39
qr_raw,0.8,2026-04-24,22,24,1351.4
qr_raw,0.8,2026-04-25,20,24,1378.06
qr_raw,0.8,2026-04-26,22,24,1698.62
qr_raw,0.8,2026-04-27,23,24,1504.32
qr_raw,0.8,2026-04-28,13,24,1265.64
qr_raw,0.8,2026-04-29,10,24,1104.25
qr_raw,0.8,2026-04-30,14,24,1162.04
qr_raw,0.8,2026-05-01,5,24,2907.4
qr_raw,0.8,2026-05-02,12,24,1658.37
qr_raw,0.8,2026-05-03,4,24,1841.84
qr_raw,0.8,2026-05-04,5,24,1774.75
qr_raw,0.8,2026-05-05,22,24,1838.17
qr_raw,0.8,2026-05-06,9,24,1495.76
qr_raw,0.8,2026-05-07,11,24,966.936
qr_raw,0.8,2026-05-08,9,24,2071.45
qr_raw,0.8,2026-05-09,10,24,1585.46
qr_raw,0.8,2026-05-10,18,24,1456.68
qr_raw,0.8,2026-05-11,21,24,1744.49
qr_raw,0.8,2026-05-12,10,24,1767.07
qr_raw,0.8,2026-05-13,14,24,1849.48
qr_raw,0.8,2026-05-14,17,24,3249.76
qr_raw,0.8,2026-05-15,20,24,4933.94
qr_raw,0.8,2026-05-16,15,24,1731
qr_raw,0.8,2026-05-17,11,24,2214.22
qr_raw,0.8,2026-05-18,12,24,1976.7
qr_raw,0.8,2026-05-19,16,24,1460.47
qr_raw,0.8,2026-05-20,17,24,1556.12
qr_raw,0.8,2026-05-21,13,24,1466.47
qr_raw,0.8,2026-05-22,11,24,2040.33
qr_raw,0.8,2026-05-23,3,24,2056.48
qr_raw,0.8,2026-05-24,14,24,1288.51
qr_raw,0.8,2026-05-25,17,24,3236.36
qr_raw,0.8,2026-05-26,21,24,3401.85
qr_raw,0.8,2026-05-27,6,24,2151.34
qr_raw,0.8,2026-05-28,3,24,1456.38
qr_raw,0.8,2026-05-29,0,24,1319.78
qr_raw,0.8,2026-05-30,13,24,1228.09
qr_raw,0.8,2026-05-31,12,24,1992.95
qr_raw,0.8,2026-06-01,11,24,2194.46
qr_raw,0.8,2026-06-02,6,24,1494.75
qr_raw,0.8,2026-06-03,6,24,1179.45
qr_raw,0.8,2026-06-04,8,24,1383.32
qr_raw,0.8,2026-06-05,13,24,1219.3
qr_raw,0.8,2026-06-06,22,24,1659.83
qr_raw,0.8,2026-06-07,13,24,1486.55
qr_raw,0.8,2026-06-08,16,24,1186.68
qr_raw,0.8,2026-06-09,13,24,1063.2
qr_raw,0.8,2026-06-10,5,24,716.887
qr_raw,0.8,2026-06-11,15,24,837.164
qr_raw,0.8,2026-06-12,0,24,828.463
qr_raw,0.8,2026-06-13,15,24,1049.29
qr_raw,0.8,2026-06-14,23,24,1075.76
qr_raw,0.8,2026-06-15,17,24,880.995
qr_raw,0.8,2026-06-16,19,24,897.463
qr_raw,0.8,2026-06-17,0,24,504.704
qr_raw,0.8,2026-06-18,8,24,660.583
qr_raw,0.8,2026-06-19,8,24,794.711
qr_raw,0.8,2026-06-20,17,24,1045.76
qr_raw,0.8,2026-06-21,6,24,1377.77
qr_raw,0.8,2026-06-22,11,24,2032.75
qr_raw,0.8,2026-06-23,21,24,2103.34
qr_raw,0.8,2026-06-24,15,24,1316.96
qr_raw,0.8,2026-06-25,16,24,1577.22
qr_raw,0.8,2026-06-26,16,24,1155.81
qr_raw,0.8,2026-06-27,16,24,1511.59
qr_raw,0.8,2026-06-28,1,24,1666.57
qr_raw,0.8,2026-06-29,0,24,1907.05
qr_raw,0.8,2026-06-30,5,24,1676.12
qr_raw,0.8,2026-07-01,4,24,1543.72
qr_raw,0.8,2026-07-02,6,24,2058.55
qr_raw,0.8,2026-07-03,13,24,1666.3
qr_raw,0.8,2026-07-04,5,24,1465.88
qr_raw,0.8,2026-07-05,15,24,1755.9
qr_raw,0.8,2026-07-06,15,24,1812.02
qr_raw,0.8,2026-07-07,13,24,1377.76
qr_raw,0.8,2026-07-08,11,24,1355.71
qr_raw,0.8,2026-07-09,9,24,1061.34
qr_raw,0.8,2026-07-10,16,24,1261.26
qr_raw,0.8,2026-07-11,15,24,1027.86
qr_raw,0.8,2026-07-12,15,24,1707.63
qr_raw,0.8,2026-07-13,8,24,2192.83
qr_raw,0.8,2026-07-14,17,24,4822.48
qr_raw,0.8,2026-07-15,16,24,1644.78
qr_raw,0.8,2026-07-16,15,24,1496.68
qr_raw,0.8,2026-07-17,9,24,1286.55
qr_raw,0.8,2026-07-18,9,24,1020.28
qr_raw,0.8,2026-07-19,11,24,1168.24
qr_raw,0.8,2026-07-20,18,24,1248.64
qr_raw,0.8,2026-07-21,10,24,1507.58
qr_raw,0.8,2026-07-22,1,24,1621.22
qr_raw,0.8,2026-07-23,16,24,1341.97
qr_raw,0.8,2026-07-24,12,24,1217.67
qr_raw,0.8,2026-07-25,7,24,1075.33
qr_raw,0.8,2026-07-26,14,24,1396.67
qr_raw,0.8,2026-07-27,12,24,1160.84
qr_raw,0.8,2026-07-28,11,24,1028.17
qr_raw,0.8,2026-07-29,0,24,1183.8
qr_raw,0.8,2026-07-30,12,24,1113.31
qr_raw,0.8,2026-07-31,11,24,1274.52
qr_raw,0.8,2026-08-01,10,24,977.121
qr_raw,0.8,2026-08-02,8,24,1302.42
qr_raw,0.8,2026-08-03,20,24,2018.09
qr_raw,0.8,2026-08-04,12,24,1259.15
qr_raw,0.8,2026-08-05,20,24,1487.05
qr_raw,0.8,2026-08-06,15,24,978.337
qr_raw,0.8,2026-08-07,14,24,915.207
qr_raw,0.8,2026-08-08,8,24,912.767
qr_raw,0.8,2026-08-09,17,24,1472.14
qr_raw,0.8,2026-08-10,12,24,1566.86
qr_raw,0.8,2026-08-11,18,24,1110.13
qr_raw,0.8,2026-08-12,16,24,1546.08
qr_raw,0.8,2026-08-13,12,24,1720.21
qr_raw,0.8,2026-08-14,4,24,1237.4
qr_raw,0.8,2026-08-15,10,24,2195.3
qr_raw,0.8,2026-08-16,23,24,1495.54
qr_raw,0.8,2026-08-17,20,24,1231.42
qr_raw,0.8,2026-08-18,15,24,1063.01
qr_raw,0.8,2026-08-19,7,24,1243.69
qr_raw,0.8,2026-08-20,3,24,1137.24
qr_raw,0.8,2026-08-21,7,24,1726.75
qr_raw,0.8,2026-08-22,5,24,1441.52
qr_raw,0.8,2026-08-23,10,24,1311.48
qr_raw,0.8,2026-08-24,10,24,1826.59
qr_raw,0.8,2026-08-25,16,24,1678.4
qr_raw,0.8,2026-08-26,23,24,1357.81
qr_raw,0.8,2026-08-27,8,24,1172.36
qr_raw,0.8,2026-08-28,6,24,1444.05
qr_raw,0.8,2026-08-29,7,24,798.056
qr_raw,0.8,2026-08-30,11,24,1040.94
qr_raw,0.8,2026-08-31,9,24,1348.53
qr_raw,0.95,2022-04-01,3,24,5696.59
qr_raw,0.95,2022-04-02,13,24,5992.58
qr_raw,0.95,2022-04-03,24,24,7750.89
qr_raw,0.95,2022-04-04,23,24,6705.23
qr_raw,0.95,2022-04-05,20,24,5735.73
qr_raw,0.95,2022-04-06,7,24,5180.88
qr_raw,0.95,2022-04-07,20,24,5483.38
qr_raw,0.95,2022-04-08,5,24,6516.05
qr_raw,0.95,2022-04-09,12,24,5525.48
qr_raw,0.95,2022-04-10,18,24,6078.39
qr_raw,0.95,2022-04-11,16,24,4831.34
qr_raw,0.95,2022-04-12,19,24,5088.04
qr_raw,0.95,2022-04-13,24,24,5624.02
qr_raw,0.95,2022-04-14,24,24,5397.85
qr_raw,0.95,2022-04-15,10,24,4551.94
qr_raw,0.95,2022-04-16,1,24,4521.61
qr_raw,0.95,2022-04-17,18,24,5759.72
qr_raw,0.95,2022-04-18,24,24,6768.94
qr_raw,0.95,2022-04-19,11,24,5711.47
qr_raw,0.95,2022-04-20,24,24,4462.81
qr_raw,0.95,2022-04-21,24,24,3543.34
qr_raw,0.95,2022-04-22,22,24,2759.31
qr_raw,0.95,2022-04-23,15,24,3103.78
qr_raw,0.95,2022-04-24,10,24,3213.65
qr_raw,0.95,2022-04-25,21,24,7061.68
qr_raw,0.95,2022-04-26,18,24,3570.86
qr_raw,0.95,2022-04-27,9,24,3275.49
qr_raw,0.95,2022-04-28,24,24,2979.03
qr_raw,0.95,2022-04-29,24,24,3144.83
qr_raw,0.95,2022-04-30,20,24,2948.91
qr_raw,0.95,2022-05-01,19,24,3917.61
qr_raw,0.95,2022-05-02,24,24,4211.09
qr_raw,0.95,2022-05-03,14,24,3610.74
qr_raw,0.95,2022-05-04,8,24,2990.72
qr_raw,0.95,2022-05-05,5,24,2828.78
qr_raw,0.95,2022-05-06,6,24,2809.84
qr_raw,0.95,2022-05-07,21,24,3294.08
qr_raw,0.95,2022-05-08,12,24,3238.74
qr_raw,0.95,2022-05-09,20,24,3416.98
qr_raw,0.95,2022-05-10,24,24,3574.32
qr_raw,0.95,2022-05-11,24,24,3389.9
qr_raw,0.95,2022-05-12,24,24,3262.66
qr_raw,0.95,2022-05-13,24,24,2918.66
qr_raw,0.95,2022-05-14,21,24,2768.54
qr_raw,0.95,2022-05-15,24,24,2850.95
qr_raw,0.95,2022-05-16,20,24,3410.5
qr_raw,0.95,2022-05-17,18,24,3443.84
qr_raw,0.95,2022-05-18,11,24,2568.27
qr_raw,0.95,2022-05-19,23,24,2474.56
qr_raw,0.95,2022-05-20,22,24,2547.25
qr_raw,0.95,2022-05-21,24,24,1898.77
qr_raw,0.95,2022-05-22,21,24,2267.77
qr_raw,0.95,2022-05-23,20,24,2613.39
qr_raw,0.95,2022-05-24,20,24,2306.44
qr_raw,0.95,2022-05-25,18,24,2080.19
qr_raw,0.95,2022-05-26,23,24,5274.5
qr_raw,0.95,2022-05-27,14,24,4067.97
qr_raw,0.95,2022-05-28,22,24,2506.47
qr_raw,0.95,2022-05-29,18,24,2631.48
qr_raw,0.95,2022-05-30,24,24,2891.22
qr_raw,0.95,2022-05-31,19,24,2532.31
qr_raw,0.95,2022-06-01,24,24,1880.83
qr_raw,0.95,2022-06-02,24,24,3247.55
qr_raw,0.95,2022-06-03,24,24,2681.34
qr_raw,0.95,2022-06-04,14,24,1915.17
qr_raw,0.95,2022-06-05,24,24,2492.05
qr_raw,0.95,2022-06-06,24,24,4693.68
qr_raw,0.95,2022-06-07,21,24,2784.43
qr_raw,0.95,2022-06-08,23,24,2366.31
qr_raw,0.95,2022-06-09,21,24,1475.41
qr_raw,0.95,2022-06-10,21,24,1387.85
qr_raw,0.95,2022-06-11,23,24,1471.11
qr_raw,0.95,2022-06-12,16,24,1660.13
qr_raw,0.95,2022-06-13,22,24,2874.92
qr_raw,0.95,2022-06-14,9,24,2058.8
qr_raw,0.95,2022-06-15,24,24,2271.65
qr_raw,0.95,2022-06-16,22,24,2407.7
qr_raw,0.95,2022-06-17,23,24,2375.8
qr_raw,0.95,2022-06-18,24,24,2515.94
qr_raw,0.95,2022-06-19,20,24,1839.04
qr_raw,0.95,2022-06-20,20,24,1923.09
qr_raw,0.95,2022-06-21,15,24,1602.16
qr_raw,0.95,2022-06-22,10,24,1487.93
qr_raw,0.95,2022-06-23,7,24,1696.24
qr_raw,0.95,2022-06-24,8,24,1710.46
qr_raw,0.95,2022-06-25,3,24,1974.77
qr_raw,0.95,2022-06-26,24,24,2119.27
qr_raw,0.95,2022-06-27,24,24,1953.11
qr_raw,0.95,2022-06-28,19,24,1805.53
qr_raw,0.95,2022-06-29,19,24,1577.92
qr_raw,0.95,2022-06-30,15,24,1577.41
qr_raw,0.95,2022-07-01,24,24,1445.46
qr_raw,0.95,2022-07-02,23,24,1634.59
qr_raw,0.95,2022-07-03,12,24,1758.34
qr_raw,0.95,2022-07-04,10,24,2553.45
qr_raw,0.95,2022-07-05,14,24,1626.46
qr_raw,0.95,2022-07-06,20,24,1395.89
qr_raw,0.95,2022-07-07,23,24,1665.96
qr_raw,0.95,2022-07-08,5,24,1695.38
qr_raw,0.95,2022-07-09,22,24,1360.96
qr_raw,0.95,2022-07-10,17,24,1425.46
qr_raw,0.95,2022-07-11,20,24,2353.99
qr_raw,0.95,2022-07-12,23,24,2263.42
qr_raw,0.95,2022-07-13,24,24,2157.84
qr_raw,0.95,2022-07-14,24,24,6252.45
qr_raw,0.95,2022-07-15,23,24,3744.79
qr_raw,0.95,2022-07-16,24,24,2572.4
qr_raw,0.95,2022-07-17,24,24,2326.97
qr_raw,0.95,2022-07-18,18,24,2620.62
qr_raw,0.95,2022-07-19,24,24,2731.39
qr_raw,0.95,2022-07-20,23,24,2176.09
qr_raw,0.95,2022-07-21,23,24,3017.01
qr_raw,0.95,2022-07-22,21,24,2296.95
qr_raw,0.95,2022-07-23,24,24,2014.68
qr_raw,0.95,2022-07-24,12,24,1866.25
qr_raw,0.95,2022-07-25,18,24,2686.23
qr_raw,0.95,2022-07-26,14,24,1979.18
qr_raw,0.95,2022-07-27,17,24,1463.73
qr_raw,0.95,2022-07-28,23,24,1765.77
qr_raw,0.95,2022-07-29,12,24,1831.61
qr_raw,0.95,2022-07-30,20,24,1766.58
qr_raw,0.95,2022-07-31,23,24,1984.12
qr_raw,0.95,2022-08-01,17,24,2560
qr_raw,0.95,2022-08-02,21,24,2606.29
qr_raw,0.95,2022-08-03,15,24,2459.78
qr_raw,0.95,2022-08-04,24,24,2094.04
qr_raw,0.95,2022-08-05,24,24,2249.29
qr_raw,0.95,2022-08-06,15,24,1514.83
qr_raw,0.95,2022-08-07,23,24,2096.89
qr_raw,0.95,2022-08-08,24,24,2581.13
qr_raw,0.95,2022-08-09,24,24,2325.48
qr_raw,0.95,2022-08-10,19,24,1811.14
qr_raw,0.95,2022-08-11,24,24,2047.94
qr_raw,0.95,2022-08-12,22,24,2101.86
qr_raw,0.95,2022-08-13,22,24,2067.49
qr_raw,0.95,2022-08-14,13,24,2280.72
qr_raw,0.95,2022-08-15,22,24,4398.36
qr_raw,0.95,2022-08-16,23,24,2850.74
qr_raw,0.95,2022-08-17,23,24,2331.39
qr_raw,0.95,2022-08-18,20,24,1869.35
qr_raw,0.95,2022-08-19,22,24,1958.79
qr_raw,0.95,2022-08-20,24,24,2324.93
qr_raw,0.95,2022-08-21,13,24,2480.77
qr_raw,0.95,2022-08-22,20,24,4010.2
qr_raw,0.95,2022-08-23,15,24,3716.39
qr_raw,0.95,2022-08-24,21,24,2631.5
qr_raw,0.95,2022-08-25,23,24,2479.88
qr_raw,0.95,2022-08-26,24,24,2346.85
qr_raw,0.95,2022-08-27,24,24,2404.53
qr_raw,0.95,2022-08-28,24,24,1796.06
qr_raw,0.95,2022-08-29,20,24,2736.5
qr_raw,0.95,2022-08-30,18,24,2323.04
qr_raw,0.95,2022-08-31,24,24,2053.01
qr_raw,0.95,2022-09-01,24,24,2133.49
qr_raw,0.95,2022-09-02,24,24,2020.95
qr_raw,0.95,2022-09-03,24,24,1904.07
qr_raw,0.95,2022-09-04,23,24,2175.89
qr_raw,0.95,2022-09-05,22,24,2330.19
qr_raw,0.95,2022-09-06,20,24,2307.82
qr_raw,0.95,2022-09-07,24,24,2096.2
qr_raw,0.95,2022-09-08,24,24,1944.87
qr_raw,0.95,2022-09-09,24,24,1914.84
qr_raw,0.95,2022-09-10,23,24,1927.86
qr_raw,0.95,2022-09-11,24,24,2062.63
qr_raw,0.95,2022-09-12,24,24,2198.27
qr_raw,0.95,2022-09-13,24,24,2677.41
qr_raw,0.95,2022-09-14,23,24,1394.67
qr_raw,0.95,2022-09-15,22,24,1436.09
qr_raw,0.95,2022-09-16,24,24,2042.25
qr_raw,0.95,2022-09-17,21,24,2205.42
qr_raw,0.95,2022-09-18,22,24,2120.26
qr_raw,0.95,2022-09-19,20,24,2523.51
qr_raw,0.95,2022-09-20,22,24,2668.97
qr_raw,0.95,2022-09-21,22,24,2194.78
qr_raw,0.95,2022-09-22,21,24,1820.16
qr_raw,0.95,2022-09-23,24,24,1791.23
qr_raw,0.95,2022-09-24,24,24,2237.41
qr_raw,0.95,2022-09-25,24,24,2442.13
qr_raw,0.95,2022-09-26,23,24,2382.3
qr_raw,0.95,2022-09-27,24,24,2578.33
qr_raw,0.95,2022-09-28,24,24,2406.88
qr_raw,0.95,2022-09-29,17,24,2167.67
qr_raw,0.95,2022-09-30,23,24,2441.01
qr_raw,0.95,2022-10-01,24,24,2380.06
qr_raw,0.95,2022-10-02,18,24,2247.1
qr_raw,0.95,2022-10-03,19,24,2201.34
qr_raw,0.95,2022-10-04,15,24,1792.42
qr_raw,0.95,2022-10-05,18,24,1637.62
qr_raw,0.95,2022-10-06,24,24,1761.91
qr_raw,0.95,2022-10-07,23,24,1634.95
qr_raw,0.95,2022-10-08,19,24,1812.22
qr_raw,0.95,2022-10-09,21,24,2445.16
qr_raw,0.95,2022-10-10,23,24,2016.22
qr_raw,0.95,2022-10-11,24,24,2214.59
qr_raw,0.95,2022-10-12,20,24,1742.45
qr_raw,0.95,2022-10-13,17,24,1775.55
qr_raw,0.95,2022-10-14,14,24,1858.18
qr_raw,0.95,2022-10-15,14,24,1593.27
qr_raw,0.95,2022-10-16,20,24,2101.2
qr_raw,0.95,2022-10-17,19,24,2095.84
qr_raw,0.95,2022-10-18,23,24,2122.26
qr_raw,0.95,2022-10-19,24,24,2003.68
qr_raw,0.95,2022-10-20,23,24,1974.24
qr_raw,0.95,2022-10-21,23,24,1916.61
qr_raw,0.95,2022-10-22,23,24,2086.87
qr_raw,0.95,2022-10-23,18,24,1975.36
qr_raw,0.95,2022-10-24,20,24,2403.69
qr_raw,0.95,2022-10-25,24,24,2341.06
qr_raw,0.95,2022-10-26,23,24,1924.25
qr_raw,0.95,2022-10-27,22,24,2021.58
qr_raw,0.95,2022-10-28,24,24,2069.14
qr_raw,0.95,2022-10-29,22,24,2159.11
qr_raw,0.95,2022-10-30,20,24,2627.63
qr_raw,0.95,2022-10-31,17,24,4211.15
qr_raw,0.95,2022-11-01,22,24,5703.89
qr_raw,0.95,2022-11-02,23,24,4208.7
qr_raw,0.95,2022-11-03,22,24,4676.31
qr_raw,0.95,2022-11-04,23,24,3824.8
qr_raw,0.95,2022-11-05,23,24,4681.94
qr_raw,0.95,2022-11-06,23,24,5501.16
qr_raw,0.95,2022-11-07,24,24,6758.84
qr_raw,0.95,2022-11-08,11,24,6343.12
qr_raw,0.95,2022-11-09,6,24,4785.59
qr_raw,0.95,2022-11-10,17,24,3675.81
qr_raw,0.95,2022-11-11,22,24,6549.98
qr_raw,0.95,2022-11-12,24,24,4630.59
qr_raw,0.95,2022-11-13,24,24,4544.5
qr_raw,0.95,2022-11-14,23,24,4462.48
qr_raw,0.95,2022-11-15,24,24,3592.54
qr_raw,0.95,2022-11-16,24,24,3507.39
qr_raw,0.95,2022-11-17,24,24,3758.13
qr_raw,0.95,2022-11-18,24,24,5623.25
qr_raw,0.95,2022-11-19,14,24,4204.22
qr_raw,0.95,2022-11-20,24,24,4649.37
qr_raw,0.95,2022-11-21,23,24,5715.62
qr_raw,0.95,2022-11-22,24,24,5642.52
qr_raw,0.95,2022-11-23,22,24,4637.76
qr_raw,0.95,2022-11-24,20,24,5206.31
qr_raw,0.95,2022-11-25,14,24,4764.13
qr_raw,0.95,2022-11-26,24,24,3723.28
qr_raw,0.95,2022-11-27,24,24,3810.41
qr_raw,0.95,2022-11-28,6,24,4732.65
qr_raw,0.95,2022-11-29,22,24,5542.24
qr_raw,0.95,2022-11-30,24,24,5553.94
qr_raw,0.95,2022-12-01,22,24,5000.67
qr_raw,0.95,2022-12-02,24,24,5610.03
qr_raw,0.95,2022-12-03,14,24,4011.88
qr_raw,0.95,2022-12-04,17,24,4701.7
qr_raw,0.95,2022-12-05,24,24,5667.61
qr_raw,0.95,2022-12-06,19,24,5340.89
qr_raw,0.95,2022-12-07,22,24,5570.05
qr_raw,0.95,2022-12-08,21,24,4639.68
qr_raw,0.95,2022-12-09,9,24,5136.89
qr_raw,0.95,2022-12-10,19,24,4251.87
qr_raw,0.95,2022-12-11,22,24,4690
qr_raw,0.95,2022-12-12,19,24,5201.61
qr_raw,0.95,2022-12-13,21,24,5109.03
qr_raw,0.95,2022-12-14,9,24,5266.42
qr_raw,0.95,2022-12-15,12,24,5430.01
qr_raw,0.95,2022-12-16,15,24,4572.25
qr_raw,0.95,2022-12-17,24,24,5948.44
qr_raw,0.95,2022-12-18,17,24,5142.4
qr_raw,0.95,2022-12-19,0,24,5041.48
qr_raw,0.95,2022-12-20,5,24,4634.32
qr_raw,0.95,2022-12-21,24,24,4360.28
qr_raw,0.95,2022-12-22,24,24,4406.4
qr_raw,0.95,2022-12-23,15,24,6248.81
qr_raw,0.95,2022-12-24,22,24,8037.33
qr_raw,0.95,2022-12-25,24,24,10602.1
qr_raw,0.95,2022-12-26,24,24,10439.2
qr_raw,0.95,2022-12-27,22,24,9685.16
qr_raw,0.95,2022-12-28,20,24,5606.95
qr_raw,0.95,2022-12-29,17,24,5324.58
qr_raw,0.95,2022-12-30,24,24,5394.45
qr_raw,0.95,2022-12-31,24,24,5401.6
qr_raw,0.95,2023-01-01,24,24,5887.32
qr_raw,0.95,2023-01-02,24,24,5993.11
qr_raw,0.95,2023-01-03,24,24,7152.44
qr_raw,0.95,2023-01-04,16,24,5621.68
qr_raw,0.95,2023-01-05,24,24,4848.47
qr_raw,0.95,2023-01-06,24,24,5431.48
qr_raw,0.95,2023-01-07,18,24,4518.81
qr_raw,0.95,2023-01-08,19,24,5219.36
qr_raw,0.95,2023-01-09,21,24,7950.16
qr_raw,0.95,2023-01-10,21,24,7201.23
qr_raw,0.95,2023-01-11,20,24,4782.83
qr_raw,0.95,2023-01-12,19,24,4787.53
qr_raw,0.95,2023-01-13,24,24,4914.58
qr_raw,0.95,2023-01-14,24,24,4151.59
qr_raw,0.95,2023-01-15,23,24,4773.98
qr_raw,0.95,2023-01-16,24,24,6600.92
qr_raw,0.95,2023-01-17,23,24,6104.47
qr_raw,0.95,2023-01-18,10,24,5127.13
qr_raw,0.95,2023-01-19,24,24,4836.74
qr_raw,0.95,2023-01-20,20,24,4499.77
qr_raw,0.95,2023-01-21,18,24,3597.58
qr_raw,0.95,2023-01-22,13,24,4501.67
qr_raw,0.95,2023-01-23,22,24,6359.46
qr_raw,0.95,2023-01-24,19,24,5996.96
qr_raw,0.95,2023-01-25,23,24,5445.24
qr_raw,0.95,2023-01-26,23,24,4550.05
qr_raw,0.95,2023-01-27,16,24,4248.19
qr_raw,0.95,2023-01-28,17,24,3730.56
qr_raw,0.95,2023-01-29,24,24,6404.97
qr_raw,0.95,2023-01-30,21,24,4817.46
qr_raw,0.95,2023-01-31,11,24,5311.86
qr_raw,0.95,2023-02-01,5,24,4775.87
qr_raw,0.95,2023-02-02,21,24,4902.96
qr_raw,0.95,2023-02-03,19,24,3847
qr_raw,0.95,2023-02-04,22,24,3419.53
qr_raw,0.95,2023-02-05,20,24,5209.36
qr_raw,0.95,2023-02-06,23,24,7332.19
qr_raw,0.95,2023-02-07,23,24,6606.41
qr_raw,0.95,2023-02-08,14,24,5309.28
qr_raw,0.95,2023-02-09,19,24,4993.03
qr_raw,0.95,2023-02-10,24,24,4492.05
qr_raw,0.95,2023-02-11,10,24,3751
qr_raw,0.95,2023-02-12,24,24,4790.33
qr_raw,0.95,2023-02-13,23,24,6119.58
qr_raw,0.95,2023-02-14,24,24,5334.43
qr_raw,0.95,2023-02-15,22,24,5434.51
qr_raw,0.95,2023-02-16,19,24,4735.25
qr_raw,0.95,2023-02-17,21,24,4265.91
qr_raw,0.95,2023-02-18,23,24,5268.08
qr_raw,0.95,2023-02-19,22,24,6704.67
qr_raw,0.95,2023-02-20,7,24,5986.22
qr_raw,0.95,2023-02-21,9,24,5093.13
qr_raw,0.95,2023-02-22,14,24,5576.06
qr_raw,0.95,2023-02-23,10,24,5098.63
qr_raw,0.95,2023-02-24,23,24,5824.94
qr_raw,0.95,2023-02-25,18,24,4337.86
qr_raw,0.95,2023-02-26,13,24,4233.33
qr_raw,0.95,2023-02-27,9,24,5336.75
qr_raw,0.95,2023-02-28,16,24,5103.51
qr_raw,0.95,2023-03-01,16,24,5145.49
qr_raw,0.95,2023-03-02,16,24,5748.42
qr_raw,0.95,2023-03-03,24,24,5819.05
qr_raw,0.95,2023-03-04,22,24,5506.97
qr_raw,0.95,2023-03-05,17,24,6249.79
qr_raw,0.95,2023-03-06,12,24,5826.73
qr_raw,0.95,2023-03-07,16,24,5702.65
qr_raw,0.95,2023-03-08,17,24,4994.46
qr_raw,0.95,2023-03-09,17,24,4661.61
qr_raw,0.95,2023-03-10,16,24,5657.49
qr_raw,0.95,2023-03-11,24,24,6209.79
qr_raw,0.95,2023-03-12,22,24,5324.02
qr_raw,0.95,2023-03-13,24,24,7508.1
qr_raw,0.95,2023-03-14,24,24,6612.38
qr_raw,0.95,2023-03-15,23,24,6871.26
qr_raw,0.95,2023-03-16,21,24,4947.24
qr_raw,0.95,2023-03-17,15,24,5686.67
qr_raw,0.95,2023-03-18,24,24,5560.68
qr_raw,0.95,2023-03-19,20,24,5525.66
qr_raw,0.95,2023-03-20,13,24,6144.29
qr_raw,0.95,2023-03-21,15,24,5147.58
qr_raw,0.95,2023-03-22,24,24,6538.77
qr_raw,0.95,2023-03-23,22,24,5772.85
qr_raw,0.95,2023-03-24,19,24,5631.85
qr_raw,0.95,2023-03-25,11,24,4202.47
qr_raw,0.95,2023-03-26,20,23,4130.46
qr_raw,0.95,2023-03-27,24,24,6037.42
qr_raw,0.95,2023-03-28,23,24,6358.82
qr_raw,0.95,2023-03-29,23,24,3347.8
qr_raw,0.95,2023-03-30,24,24,4709.37
qr_raw,0.95,2023-03-31,18,24,4529.13
qr_raw,0.95,2023-04-01,14,24,3929.16
qr_raw,0.95,2023-04-02,23,24,3559.23
qr_raw,0.95,2023-04-03,24,24,5704.65
qr_raw,0.95,2023-04-04,24,24,5855.96
qr_raw,0.95,2023-04-05,19,24,4891.04
qr_raw,0.95,2023-04-06,24,24,3854.19
qr_raw,0.95,2023-04-07,11,24,4269.66
qr_raw,0.95,2023-04-08,22,24,4472.96
qr_raw,0.95,2023-04-09,13,24,4784.09
qr_raw,0.95,2023-04-10,16,24,6809.78
qr_raw,0.95,2023-04-11,19,24,7139.4
qr_raw,0.95,2023-04-12,10,24,5821.05
qr_raw,0.95,2023-04-13,12,24,5317.68
qr_raw,0.95,2023-04-14,14,24,4449.72
qr_raw,0.95,2023-04-15,17,24,3717.07
qr_raw,0.95,2023-04-16,15,24,3400.4
qr_raw,0.95,2023-04-17,21,24,5758.32
qr_raw,0.95,2023-04-18,23,24,4440.97
qr_raw,0.95,2023-04-19,10,24,4186.85
qr_raw,0.95,2023-04-20,13,24,4180.21
qr_raw,0.95,2023-04-21,24,24,4564.18
qr_raw,0.95,2023-04-22,22,24,3916.32
qr_raw,0.95,2023-04-23,18,24,4179.14
qr_raw,0.95,2023-04-24,19,24,4709.86
qr_raw,0.95,2023-04-25,24,24,4040.68
qr_raw,0.95,2023-04-26,11,24,3573.55
qr_raw,0.95,2023-04-27,22,24,3223.84
qr_raw,0.95,2023-04-28,24,24,4451.23
qr_raw,0.95,2023-04-29,24,24,3428.97
qr_raw,0.95,2023-04-30,24,24,3568.69
qr_raw,0.95,2023-05-01,20,24,5983.4
qr_raw,0.95,2023-05-02,23,24,5784.91
qr_raw,0.95,2023-05-03,24,24,3900.04
qr_raw,0.95,2023-05-04,18,24,3289.05
qr_raw,0.95,2023-05-05,2,24,2663.4
qr_raw,0.95,2023-05-06,14,24,2487.37
qr_raw,0.95,2023-05-07,18,24,2869.06
qr_raw,0.95,2023-05-08,6,24,3224.47
qr_raw,0.95,2023-05-09,20,24,3569.69
qr_raw,0.95,2023-05-10,13,24,3405.52
qr_raw,0.95,2023-05-11,18,24,2848.03
qr_raw,0.95,2023-05-12,23,24,2831.77
qr_raw,0.95,2023-05-13,21,24,2523.4
qr_raw,0.95,2023-05-14,13,24,2550.64
qr_raw,0.95,2023-05-15,17,24,5698.13
qr_raw,0.95,2023-05-16,18,24,4000.63
qr_raw,0.95,2023-05-17,12,24,3342.65
qr_raw,0.95,2023-05-18,24,24,6252.91
qr_raw,0.95,2023-05-19,16,24,4875.76
qr_raw,0.95,2023-05-20,21,24,3558.69
qr_raw,0.95,2023-05-21,21,24,2952.35
qr_raw,0.95,2023-05-22,24,24,3232.29
qr_raw,0.95,2023-05-23,24,24,3369.53
qr_raw,0.95,2023-05-24,22,24,2711.6
qr_raw,0.95,2023-05-25,19,24,3653.67
qr_raw,0.95,2023-05-26,23,24,3356.62
qr_raw,0.95,2023-05-27,21,24,2519.26
qr_raw,0.95,2023-05-28,24,24,2349.9
qr_raw,0.95,2023-05-29,22,24,5042.47
qr_raw,0.95,2023-05-30,24,24,3214.2
qr_raw,0.95,2023-05-31,14,24,2671.69
qr_raw,0.95,2023-06-01,11,24,2354.56
qr_raw,0.95,2023-06-02,15,24,2109.03
qr_raw,0.95,2023-06-03,24,24,1885.31
qr_raw,0.95,2023-06-04,21,24,2183.92
qr_raw,0.95,2023-06-05,24,24,3148.85
qr_raw,0.95,2023-06-06,22,24,2469.97
qr_raw,0.95,2023-06-07,21,24,2221.16
qr_raw,0.95,2023-06-08,24,24,2074.71
qr_raw,0.95,2023-06-09,22,24,1788.37
qr_raw,0.95,2023-06-10,24,24,1838.95
qr_raw,0.95,2023-06-11,19,24,1903.22
qr_raw,0.95,2023-06-12,24,24,2368.5
qr_raw,0.95,2023-06-13,24,24,2252.86
qr_raw,0.95,2023-06-14,23,24,1817.6
qr_raw,0.95,2023-06-15,24,24,1583.19
qr_raw,0.95,2023-06-16,24,24,1598.64
qr_raw,0.95,2023-06-17,22,24,1508.35
qr_raw,0.95,2023-06-18,24,24,2120.3
qr_raw,0.95,2023-06-19,24,24,1963.92
qr_raw,0.95,2023-06-20,23,24,2004.82
qr_raw,0.95,2023-06-21,24,24,1701.52
qr_raw,0.95,2023-06-22,23,24,1750.41
qr_raw,0.95,2023-06-23,23,24,1758.3
qr_raw,0.95,2023-06-24,22,24,1511.14
qr_raw,0.95,2023-06-25,15,24,1787.58
qr_raw,0.95,2023-06-26,20,24,1867.07
qr_raw,0.95,2023-06-27,22,24,1932.16
qr_raw,0.95,2023-06-28,22,24,1790.94
qr_raw,0.95,2023-06-29,22,24,1529.66
qr_raw,0.95,2023-06-30,13,24,1587.08
qr_raw,0.95,2023-07-01,24,24,1847.42
qr_raw,0.95,2023-07-02,24,24,2289.46
qr_raw,0.95,2023-07-03,24,24,2199.62
qr_raw,0.95,2023-07-04,11,24,1823.85
qr_raw,0.95,2023-07-05,11,24,1458.99
qr_raw,0.95,2023-07-06,24,24,1430.34
qr_raw,0.95,2023-07-07,9,24,1887.34
qr_raw,0.95,2023-07-08,6,24,1588.9
qr_raw,0.95,2023-07-09,16,24,1738.75
qr_raw,0.95,2023-07-10,24,24,2341.96
qr_raw,0.95,2023-07-11,23,24,2442.89
qr_raw,0.95,2023-07-12,17,24,2029.31
qr_raw,0.95,2023-07-13,9,24,1611.94
qr_raw,0.95,2023-07-14,21,24,4680.22
qr_raw,0.95,2023-07-15,22,24,2688.26
qr_raw,0.95,2023-07-16,24,24,2498.34
qr_raw,0.95,2023-07-17,24,24,2392.94
qr_raw,0.95,2023-07-18,24,24,2031.75
qr_raw,0.95,2023-07-19,7,24,1541.05
qr_raw,0.95,2023-07-20,21,24,1650.05
qr_raw,0.95,2023-07-21,22,24,2561.14
qr_raw,0.95,2023-07-22,23,24,2160.82
qr_raw,0.95,2023-07-23,23,24,2005.39
qr_raw,0.95,2023-07-24,20,24,1892.06
qr_raw,0.95,2023-07-25,10,24,2543.9
qr_raw,0.95,2023-07-26,12,24,1974.85
qr_raw,0.95,2023-07-27,23,24,1928.49
qr_raw,0.95,2023-07-28,23,24,1784.9
qr_raw,0.95,2023-07-29,19,24,1592.87
qr_raw,0.95,2023-07-30,20,24,2042.94
qr_raw,0.95,2023-07-31,16,24,2412.1
qr_raw,0.95,2023-08-01,24,24,2429.94
qr_raw,0.95,2023-08-02,19,24,2178.2
qr_raw,0.95,2023-08-03,21,24,2092.14
qr_raw,0.95,2023-08-04,19,24,2242.55
qr_raw,0.95,2023-08-05,18,24,2059.19
qr_raw,0.95,2023-08-06,19,24,2365.11
qr_raw,0.95,2023-08-07,17,24,2608.79
qr_raw,0.95,2023-08-08,23,24,2395.06
qr_raw,0.95,2023-08-09,17,24,2294.34
qr_raw,0.95,2023-08-10,24,24,2463.75
qr_raw,0.95,2023-08-11,18,24,2188.98
qr_raw,0.95,2023-08-12,22,24,2080.58
qr_raw,0.95,2023-08-13,8,24,1782.62
qr_raw,0.95,2023-08-14,21,24,3214.67
qr_raw,0.95,2023-08-15,24,24,4903.59
qr_raw,0.95,2023-08-16,24,24,2238.84
qr_raw,0.95,2023-08-17,24,24,2035.41
qr_raw,0.95,2023-08-18,24,24,1873.6
qr_raw,0.95,2023-08-19,20,24,1828.47
qr_raw,0.95,2023-08-20,17,24,1778.59
qr_raw,0.95,2023-08-21,6,24,2811
qr_raw,0.95,2023-08-22,0,24,3436.25
qr_raw,0.95,2023-08-23,0,24,3306.26
qr_raw,0.95,2023-08-24,24,24,3307.85
qr_raw,0.95,2023-08-25,12,24,3302.43
qr_raw,0.95,2023-08-26,3,24,3130.43
qr_raw,0.95,2023-08-27,10,24,2612.73
qr_raw,0.95,2023-08-28,10,24,3018.83
qr_raw,0.95,2023-08-29,9,24,3099.92
qr_raw,0.95,2023-08-30,16,24,3087.05
qr_raw,0.95,2023-08-31,24,24,3052.97
qr_raw,0.95,2023-09-01,16,24,2444.12
qr_raw,0.95,2023-09-02,18,24,2017.84
qr_raw,0.95,2023-09-03,10,24,1887.88
qr_raw,0.95,2023-09-04,24,24,3265.19
qr_raw,0.95,2023-09-05,24,24,3877.86
qr_raw,0.95,2023-09-06,24,24,3456.89
qr_raw,0.95,2023-09-07,24,24,3174.81
qr_raw,0.95,2023-09-08,23,24,2435.91
qr_raw,0.95,2023-09-09,22,24,2800.26
qr_raw,0.95,2023-09-10,19,24,2890.3
qr_raw,0.95,2023-09-11,24,24,2560.86
qr_raw,0.95,2023-09-12,24,24,2616.61
qr_raw,0.95,2023-09-13,24,24,2428.89
qr_raw,0.95,2023-09-14,24,24,2149.36
qr_raw,0.95,2023-09-15,23,24,2097.32
qr_raw,0.95,2023-09-16,24,24,2049.85
qr_raw,0.95,2023-09-17,23,24,2066.89
qr_raw,0.95,2023-09-18,24,24,2175.36
qr_raw,0.95,2023-09-19,21,24,1982.02
qr_raw,0.95,2023-09-20,23,24,1770.06
qr_raw,0.95,2023-09-21,23,24,1856.48
qr_raw,0.95,2023-09-22,24,24,1990.34
qr_raw,0.95,2023-09-23,19,24,2073.06
qr_raw,0.95,2023-09-24,21,24,2225.87
qr_raw,0.95,2023-09-25,23,24,2314.93
qr_raw,0.95,2023-09-26,23,24,2213.32
qr_raw,0.95,2023-09-27,23,24,1973.67
qr_raw,0.95,2023-09-28,23,24,1940.86
qr_raw,0.95,2023-09-29,21,24,2255.67
qr_raw,0.95,2023-09-30,21,24,2007.24
qr_raw,0.95,2023-10-01,18,24,2088.92
qr_raw,0.95,2023-10-02,24,24,2588.87
qr_raw,0.95,2023-10-03,22,24,2164.74
qr_raw,0.95,2023-10-04,24,24,1790.21
qr_raw,0.95,2023-10-05,23,24,1732.61
qr_raw,0.95,2023-10-06,21,24,1747.23
qr_raw,0.95,2023-10-07,24,24,1871.8
qr_raw,0.95,2023-10-08,23,24,1966.53
qr_raw,0.95,2023-10-09,23,24,2233.89
qr_raw,0.95,2023-10-10,23,24,2136.74
qr_raw,0.95,2023-10-11,23,24,2024.26
qr_raw,0.95,2023-10-12,24,24,1903.73
qr_raw,0.95,2023-10-13,23,24,1966.77
qr_raw,0.95,2023-10-14,24,24,2038.78
qr_raw,0.95,2023-10-15,24,24,2721.12
qr_raw,0.95,2023-10-16,24,24,3631.69
qr_raw,0.95,2023-10-17,23,24,2587.39
qr_raw,0.95,2023-10-18,24,24,1909.07
qr_raw,0.95,2023-10-19,20,24,1805.38
qr_raw,0.95,2023-10-20,22,24,1960.98
qr_raw,0.95,2023-10-21,22,24,2022.54
qr_raw,0.95,2023-10-22,24,24,3468.28
qr_raw,0.95,2023-10-23,23,24,4014.94
qr_raw,0.95,2023-10-24,11,24,2910.5
qr_raw,0.95,2023-10-25,21,24,2610.63
qr_raw,0.95,2023-10-26,21,24,2411.56
qr_raw,0.95,2023-10-27,21,24,2349.23
qr_raw,0.95,2023-10-28,24,24,2883.15
qr_raw,0.95,2023-10-29,22,24,3777.85
qr_raw,0.95,2023-10-30,24,24,3972.64
qr_raw,0.95,2023-10-31,16,24,3030.53
qr_raw,0.95,2023-11-01,23,24,5103.96
qr_raw,0.95,2023-11-02,24,24,4699.15
qr_raw,0.95,2023-11-03,24,24,4799.11
qr_raw,0.95,2023-11-04,24,24,3244.75
qr_raw,0.95,2023-11-05,23,24,3522.98
qr_raw,0.95,2023-11-06,23,24,4888.49
qr_raw,0.95,2023-11-07,24,24,5331.86
qr_raw,0.95,2023-11-08,22,24,5675.16
qr_raw,0.95,2023-11-09,18,24,5388.87
qr_raw,0.95,2023-11-10,21,24,5436.67
qr_raw,0.95,2023-11-11,24,24,6132.08
qr_raw,0.95,2023-11-12,24,24,3638.97
qr_raw,0.95,2023-11-13,17,24,4023.54
qr_raw,0.95,2023-11-14,23,24,4445.55
qr_raw,0.95,2023-11-15,24,24,4372.43
qr_raw,0.95,2023-11-16,24,24,4637.79
qr_raw,0.95,2023-11-17,11,24,4556.57
qr_raw,0.95,2023-11-18,24,24,3259.69
qr_raw,0.95,2023-11-19,13,24,3511.93
qr_raw,0.95,2023-11-20,24,24,5431.8
qr_raw,0.95,2023-11-21,24,24,5008.29
qr_raw,0.95,2023-11-22,24,24,4198.41
qr_raw,0.95,2023-11-23,17,24,4718.15
qr_raw,0.95,2023-11-24,24,24,4782.09
qr_raw,0.95,2023-11-25,23,24,5339.31
qr_raw,0.95,2023-11-26,22,24,5025.8
qr_raw,0.95,2023-11-27,20,24,5540.19
qr_raw,0.95,2023-11-28,18,24,5174.06
qr_raw,0.95,2023-11-29,24,24,5921.82
qr_raw,0.95,2023-11-30,4,24,5375.34
qr_raw,0.95,2023-12-01,17,24,5043.29
qr_raw,0.95,2023-12-02,24,24,4772.49
qr_raw,0.95,2023-12-03,24,24,5801.87
qr_raw,0.95,2023-12-04,24,24,5494.51
qr_raw,0.95,2023-12-05,17,24,4427.91
qr_raw,0.95,2023-12-06,19,24,3857.96
qr_raw,0.95,2023-12-07,5,24,4777.8
qr_raw,0.95,2023-12-08,15,24,5332.23
qr_raw,0.95,2023-12-09,17,24,5099.76
qr_raw,0.95,2023-12-10,17,24,4019.74
qr_raw,0.95,2023-12-11,24,24,4760.29
qr_raw,0.95,2023-12-12,24,24,4420.46
qr_raw,0.95,2023-12-13,17,24,4276.95
qr_raw,0.95,2023-12-14,23,24,4543.78
qr_raw,0.95,2023-12-15,24,24,4804.34
qr_raw,0.95,2023-12-16,21,24,4998.08
qr_raw,0.95,2023-12-17,4,24,4064.04
qr_raw,0.95,2023-12-18,5,24,5415.89
qr_raw,0.95,2023-12-19,22,24,5600.89
qr_raw,0.95,2023-12-20,12,24,5698.2
qr_raw,0.95,2023-12-21,5,24,4054.67
qr_raw,0.95,2023-12-22,0,24,3373.04
qr_raw,0.95,2023-12-23,15,24,4220.7
qr_raw,0.95,2023-12-24,9,24,4596.35
qr_raw,0.95,2023-12-25,19,24,9804.74
qr_raw,0.95,2023-12-26,10,24,11496
qr_raw,0.95,2023-12-27,24,24,5751.76
qr_raw,0.95,2023-12-28,24,24,4474.01
qr_raw,0.95,2023-12-29,24,24,5049.67
qr_raw,0.95,2023-12-30,24,24,4754.05
qr_raw,0.95,2023-12-31,15,24,4242.5
qr_raw,0.95,2024-01-01,17,24,6488.93
qr_raw,0.95,2024-01-02,20,24,6553.08
qr_raw,0.95,2024-01-03,21,24,6088.68
qr_raw,0.95,2024-01-04,24,24,5207.49
qr_raw,0.95,2024-01-05,24,24,4929.67
qr_raw,0.95,2024-01-06,24,24,5696.43
qr_raw,0.95,2024-01-07,20,24,4993
qr_raw,0.95,2024-01-08,4,24,7834.08
qr_raw,0.95,2024-01-09,2,24,10806.3
qr_raw,0.95,2024-01-10,24,24,6877.85
qr_raw,0.95,2024-01-11,24,24,6719.28
qr_raw,0.95,2024-01-12,19,24,6237.92
qr_raw,0.95,2024-01-13,15,24,4775.24
qr_raw,0.95,2024-01-14,20,24,4973.69
qr_raw,0.95,2024-01-15,4,24,5778.5
qr_raw,0.95,2024-01-16,8,24,6449.06
qr_raw,0.95,2024-01-17,7,24,5179.26
qr_raw,0.95,2024-01-18,13,24,6020.17
qr_raw,0.95,2024-01-19,15,24,6445.22
qr_raw,0.95,2024-01-20,19,24,6260.86
qr_raw,0.95,2024-01-21,18,24,5689.7
qr_raw,0.95,2024-01-22,21,24,5664.24
qr_raw,0.95,2024-01-23,20,24,5727.93
qr_raw,0.95,2024-01-24,18,24,3314.77
qr_raw,0.95,2024-01-25,21,24,4238.17
qr_raw,0.95,2024-01-26,13,24,5508.53
qr_raw,0.95,2024-01-27,24,24,6737.59
qr_raw,0.95,2024-01-28,24,24,5319.71
qr_raw,0.95,2024-01-29,24,24,5581.52
qr_raw,0.95,2024-01-30,20,24,4412.98
qr_raw,0.95,2024-01-31,23,24,5572.08
qr_raw,0.95,2024-02-01,24,24,4304.62
qr_raw,0.95,2024-02-02,24,24,4714.34
qr_raw,0.95,2024-02-03,19,24,4519.64
qr_raw,0.95,2024-02-04,13,24,5699.39
qr_raw,0.95,2024-02-05,5,24,4886.7
qr_raw,0.95,2024-02-06,3,24,5459.57
qr_raw,0.95,2024-02-07,24,24,4784.63
qr_raw,0.95,2024-02-08,24,24,5058.12
qr_raw,0.95,2024-02-09,24,24,4799.29
qr_raw,0.95,2024-02-10,19,24,4323.44
qr_raw,0.95,2024-02-11,24,24,4555.38
qr_raw,0.95,2024-02-12,24,24,6311.81
qr_raw,0.95,2024-02-13,24,24,6318.38
qr_raw,0.95,2024-02-14,21,24,5475.39
qr_raw,0.95,2024-02-15,23,24,4567.89
qr_raw,0.95,2024-02-16,23,24,3977.7
qr_raw,0.95,2024-02-17,24,24,5047.81
qr_raw,0.95,2024-02-18,24,24,4421.02
qr_raw,0.95,2024-02-19,24,24,6230.63
qr_raw,0.95,2024-02-20,24,24,5271.45
qr_raw,0.95,2024-02-21,9,24,5368.06
qr_raw,0.95,2024-02-22,11,24,4830.12
qr_raw,0.95,2024-02-23,8,24,4840.49
qr_raw,0.95,2024-02-24,24,24,4196.04
qr_raw,0.95,2024-02-25,23,24,4433.69
qr_raw,0.95,2024-02-26,24,24,5777.83
qr_raw,0.95,2024-02-27,24,24,6361.73
qr_raw,0.95,2024-02-28,24,24,5465.42
qr_raw,0.95,2024-02-29,16,24,4697.77
qr_raw,0.95,2024-03-01,17,24,5372.31
qr_raw,0.95,2024-03-02,24,24,4243.15
qr_raw,0.95,2024-03-03,24,24,5012.42
qr_raw,0.95,2024-03-04,24,24,7151.51
qr_raw,0.95,2024-03-05,9,24,5546.74
qr_raw,0.95,2024-03-06,24,24,5640.6
qr_raw,0.95,2024-03-07,23,24,5491.78
qr_raw,0.95,2024-03-08,24,24,4510.16
qr_raw,0.95,2024-03-09,22,24,3616.09
qr_raw,0.95,2024-03-10,23,24,4972.93
qr_raw,0.95,2024-03-11,23,24,5524.36
qr_raw,0.95,2024-03-12,24,24,4996.51
qr_raw,0.95,2024-03-13,24,24,4750.46
qr_raw,0.95,2024-03-14,24,24,5703.76
qr_raw,0.95,2024-03-15,24,24,6833.79
qr_raw,0.95,2024-03-16,24,24,5592.71
qr_raw,0.95,2024-03-17,21,24,5860.4
qr_raw,0.95,2024-03-18,23,24,6750.79
qr_raw,0.95,2024-03-19,24,24,6836.84
qr_raw,0.95,2024-03-20,24,24,5791
qr_raw,0.95,2024-03-21,20,24,5421.16
qr_raw,0.95,2024-03-22,22,24,4389.3
qr_raw,0.95,2024-03-23,16,24,3903.13
qr_raw,0.95,2024-03-24,23,24,4135.11
qr_raw,0.95,2024-03-25,20,24,5661.78
qr_raw,0.95,2024-03-26,14,24,5262.79
qr_raw,0.95,2024-03-27,8,24,4469.68
qr_raw,0.95,2024-03-28,18,24,4643.32
qr_raw,0.95,2024-03-29,23,24,5056.7
qr_raw,0.95,2024-03-30,24,24,6235.52
qr_raw,0.95,2024-03-31,19,23,5786.03
qr_raw,0.95,2024-04-01,22,24,7630.16
qr_raw,0.95,2024-04-02,24,24,6262.99
qr_raw,0.95,2024-04-03,23,24,4872.1
qr_raw,0.95,2024-04-04,24,24,4373.37
qr_raw,0.95,2024-04-05,24,24,4412.35
qr_raw,0.95,2024-04-06,24,24,4968.48
qr_raw,0.95,2024-04-07,20,24,4798.24
qr_raw,0.95,2024-04-08,16,24,5052.71
qr_raw,0.95,2024-04-09,13,24,6282.32
qr_raw,0.95,2024-04-10,24,24,4525.52
qr_raw,0.95,2024-04-11,24,24,3340.78
qr_raw,0.95,2024-04-12,22,24,3472.01
qr_raw,0.95,2024-04-13,18,24,2677.89
qr_raw,0.95,2024-04-14,22,24,2846.06
qr_raw,0.95,2024-04-15,19,24,3843.8
qr_raw,0.95,2024-04-16,21,24,5251.33
qr_raw,0.95,2024-04-17,18,24,4146.4
qr_raw,0.95,2024-04-18,21,24,3676.28
qr_raw,0.95,2024-04-19,16,24,3891.13
qr_raw,0.95,2024-04-20,24,24,6203.35
qr_raw,0.95,2024-04-21,23,24,5655.96
qr_raw,0.95,2024-04-22,24,24,7225.35
qr_raw,0.95,2024-04-23,15,24,5223.21
qr_raw,0.95,2024-04-24,20,24,4863.27
qr_raw,0.95,2024-04-25,24,24,4404.76
qr_raw,0.95,2024-04-26,14,24,4142.01
qr_raw,0.95,2024-04-27,24,24,5375.82
qr_raw,0.95,2024-04-28,24,24,6160.79
qr_raw,0.95,2024-04-29,24,24,5439.72
qr_raw,0.95,2024-04-30,19,24,4670.4
qr_raw,0.95,2024-05-01,20,24,7296.13
qr_raw,0.95,2024-05-02,16,24,7213.38
qr_raw,0.95,2024-05-03,16,24,5190.6
qr_raw,0.95,2024-05-04,24,24,3754.92
qr_raw,0.95,2024-05-05,24,24,4011.52
qr_raw,0.95,2024-05-06,21,24,4137.23
qr_raw,0.95,2024-05-07,17,24,3210.76
qr_raw,0.95,2024-05-08,21,24,5400.47
qr_raw,0.95,2024-05-09,24,24,7154.83
qr_raw,0.95,2024-05-10,14,24,7836.82
qr_raw,0.95,2024-05-11,20,24,6902.83
qr_raw,0.95,2024-05-12,24,24,3538.2
qr_raw,0.95,2024-05-13,24,24,4676.49
qr_raw,0.95,2024-05-14,23,24,4570.16
qr_raw,0.95,2024-05-15,11,24,5990.75
qr_raw,0.95,2024-05-16,24,24,4883.73
qr_raw,0.95,2024-05-17,24,24,4133.52
qr_raw,0.95,2024-05-18,3,24,2197.61
qr_raw,0.95,2024-05-19,20,24,2612.56
qr_raw,0.95,2024-05-20,24,24,5413.77
qr_raw,0.95,2024-05-21,20,24,2939.34
qr_raw,0.95,2024-05-22,20,24,2362.04
qr_raw,0.95,2024-05-23,24,24,2517.74
qr_raw,0.95,2024-05-24,23,24,2201.51
qr_raw,0.95,2024-05-25,20,24,2042.9
qr_raw,0.95,2024-05-26,21,24,2349.09
qr_raw,0.95,2024-05-27,11,24,3468.36
qr_raw,0.95,2024-05-28,23,24,3232.91
qr_raw,0.95,2024-05-29,24,24,2407.46
qr_raw,0.95,2024-05-30,24,24,2169.96
qr_raw,0.95,2024-05-31,23,24,2521.35
qr_raw,0.95,2024-06-01,24,24,2304.97
qr_raw,0.95,2024-06-02,8,24,2223.5
qr_raw,0.95,2024-06-03,23,24,2586.39
qr_raw,0.95,2024-06-04,21,24,2464.71
qr_raw,0.95,2024-06-05,19,24,1716.39
qr_raw,0.95,2024-06-06,24,24,1723.31
qr_raw,0.95,2024-06-07,24,24,1949.32
qr_raw,0.95,2024-06-08,14,24,1896.97
qr_raw,0.95,2024-06-09,11,24,1970.19
qr_raw,0.95,2024-06-10,21,24,2769.53
qr_raw,0.95,2024-06-11,23,24,2579.67
qr_raw,0.95,2024-06-12,24,24,1970.11
qr_raw,0.95,2024-06-13,23,24,1745.59
qr_raw,0.95,2024-06-14,20,24,1666.85
qr_raw,0.95,2024-06-15,9,24,1705.37
qr_raw,0.95,2024-06-16,17,24,2103.78
qr_raw,0.95,2024-06-17,24,24,2161.63
qr_raw,0.95,2024-06-18,24,24,2467.04
qr_raw,0.95,2024-06-19,20,24,1982.93
qr_raw,0.95,2024-06-20,23,24,1636.54
qr_raw,0.95,2024-06-21,20,24,1630.44
qr_raw,0.95,2024-06-22,23,24,1758.42
qr_raw,0.95,2024-06-23,23,24,1950.26
qr_raw,0.95,2024-06-24,24,24,2106.65
qr_raw,0.95,2024-06-25,22,24,2098.5
qr_raw,0.95,2024-06-26,24,24,2090.91
qr_raw,0.95,2024-06-27,24,24,2070.42
qr_raw,0.95,2024-06-28,22,24,1690.79
qr_raw,0.95,2024-06-29,23,24,1671.14
qr_raw,0.95,2024-06-30,22,24,1824.55
qr_raw,0.95,2024-07-01,23,24,1991
qr_raw,0.95,2024-07-02,23,24,2479.83
qr_raw,0.95,2024-07-03,23,24,2041.29
qr_raw,0.95,2024-07-04,24,24,1866.71
qr_raw,0.95,2024-07-05,22,24,1460.67
qr_raw,0.95,2024-07-06,24,24,1811.15
qr_raw,0.95,2024-07-07,24,24,2099.99
qr_raw,0.95,2024-07-08,24,24,2070.96
qr_raw,0.95,2024-07-09,20,24,2187.1
qr_raw,0.95,2024-07-10,21,24,1585.76
qr_raw,0.95,2024-07-11,18,24,1695
qr_raw,0.95,2024-07-12,24,24,1723.35
qr_raw,0.95,2024-07-13,23,24,1828.14
qr_raw,0.95,2024-07-14,15,24,2621.74
qr_raw,0.95,2024-07-15,24,24,2238.43
qr_raw,0.95,2024-07-16,24,24,2087.08
qr_raw,0.95,2024-07-17,24,24,1516.14
qr_raw,0.95,2024-07-18,23,24,1359.13
qr_raw,0.95,2024-07-19,22,24,2429.96
qr_raw,0.95,2024-07-20,23,24,2292.46
qr_raw,0.95,2024-07-21,21,24,2115.02
qr_raw,0.95,2024-07-22,11,24,2111.83
qr_raw,0.95,2024-07-23,24,24,1947.77
qr_raw,0.95,2024-07-24,24,24,1509.88
qr_raw,0.95,2024-07-25,21,24,1488.58
qr_raw,0.95,2024-07-26,23,24,1995.16
qr_raw,0.95,2024-07-27,23,24,1975.63
qr_raw,0.95,2024-07-28,14,24,1757.55
qr_raw,0.95,2024-07-29,19,24,2555.93
qr_raw,0.95,2024-07-30,22,24,2800.5
qr_raw,0.95,2024-07-31,24,24,1821.89
qr_raw,0.95,2024-08-01,16,24,1682.17
qr_raw,0.95,2024-08-02,10,24,1838.02
qr_raw,0.95,2024-08-03,9,24,1800.11
qr_raw,0.95,2024-08-04,24,24,2098.26
qr_raw,0.95,2024-08-05,6,24,2820.11
qr_raw,0.95,2024-08-06,12,24,2807.79
qr_raw,0.95,2024-08-07,20,24,2323.33
qr_raw,0.95,2024-08-08,21,24,1816.76
qr_raw,0.95,2024-08-09,16,24,1835.68
qr_raw,0.95,2024-08-10,15,24,2107.32
qr_raw,0.95,2024-08-11,24,24,2644.73
qr_raw,0.95,2024-08-12,22,24,3093.18
qr_raw,0.95,2024-08-13,10,24,2167.91
qr_raw,0.95,2024-08-14,6,24,1906.65
qr_raw,0.95,2024-08-15,23,24,3859.51
qr_raw,0.95,2024-08-16,16,24,3133.47
qr_raw,0.95,2024-08-17,11,24,2456.2
qr_raw,0.95,2024-08-18,15,24,2717.22
qr_raw,0.95,2024-08-19,17,24,2675.31
qr_raw,0.95,2024-08-20,24,24,2701.51
qr_raw,0.95,2024-08-21,19,24,2322.49
qr_raw,0.95,2024-08-22,24,24,3491.23
qr_raw,0.95,2024-08-23,24,24,3274.13
qr_raw,0.95,2024-08-24,8,24,2020.47
qr_raw,0.95,2024-08-25,21,24,1812.05
qr_raw,0.95,2024-08-26,20,24,2489.69
qr_raw,0.95,2024-08-27,24,24,2591.2
qr_raw,0.95,2024-08-28,22,24,2680.27
qr_raw,0.95,2024-08-29,17,24,2183.31
qr_raw,0.95,2024-08-30,24,24,2112.87
qr_raw,0.95,2024-08-31,24,24,2061.19
qr_raw,0.95,2024-09-01,12,24,1860.87
qr_raw,0.95,2024-09-02,19,24,2137.61
qr_raw,0.95,2024-09-03,23,24,2228.2
qr_raw,0.95,2024-09-04,15,24,1905.46
qr_raw,0.95,2024-09-05,18,24,2078.11
qr_raw,0.95,2024-09-06,21,24,1753.03
qr_raw,0.95,2024-09-07,24,24,1818.29
qr_raw,0.95,2024-09-08,24,24,2646.83
qr_raw,0.95,2024-09-09,23,24,2745.81
qr_raw,0.95,2024-09-10,24,24,2316.24
qr_raw,0.95,2024-09-11,23,24,2008.85
qr_raw,0.95,2024-09-12,24,24,2367.48
qr_raw,0.95,2024-09-13,24,24,2236.56
qr_raw,0.95,2024-09-14,21,24,2239.13
qr_raw,0.95,2024-09-15,24,24,2306.15
qr_raw,0.95,2024-09-16,23,24,2146.83
qr_raw,0.95,2024-09-17,24,24,1791.8
qr_raw,0.95,2024-09-18,23,24,1633.21
qr_raw,0.95,2024-09-19,20,24,2067
qr_raw,0.95,2024-09-20,23,24,2162.94
qr_raw,0.95,2024-09-21,23,24,2457.96
qr_raw,0.95,2024-09-22,19,24,2670.7
qr_raw,0.95,2024-09-23,21,24,2757.9
qr_raw,0.95,2024-09-24,24,24,2487.89
qr_raw,0.95,2024-09-25,20,24,1934.1
qr_raw,0.95,2024-09-26,11,24,1738.17
qr_raw,0.95,2024-09-27,9,24,1767.71
qr_raw,0.95,2024-09-28,24,24,2506.21
qr_raw,0.95,2024-09-29,21,24,2953.69
qr_raw,0.95,2024-09-30,23,24,2640.23
qr_raw,0.95,2024-10-01,12,24,2283.99
qr_raw,0.95,2024-10-02,24,24,1929.91
qr_raw,0.95,2024-10-03,24,24,2221.83
qr_raw,0.95,2024-10-04,23,24,2638.58
qr_raw,0.95,2024-10-05,22,24,2646.17
qr_raw,0.95,2024-10-06,17,24,3649.32
qr_raw,0.95,2024-10-07,18,24,2604.12
qr_raw,0.95,2024-10-08,24,24,1926.36
qr_raw,0.95,2024-10-09,24,24,2119.72
qr_raw,0.95,2024-10-10,23,24,2289.28
qr_raw,0.95,2024-10-11,21,24,2922.63
qr_raw,0.95,2024-10-12,23,24,2725.97
qr_raw,0.95,2024-10-13,24,24,3227.25
qr_raw,0.95,2024-10-14,24,24,2607.18
qr_raw,0.95,2024-10-15,15,24,1802.76
qr_raw,0.95,2024-10-16,13,24,1824.23
qr_raw,0.95,2024-10-17,17,24,1628.87
qr_raw,0.95,2024-10-18,24,24,2448.76
qr_raw,0.95,2024-10-19,24,24,2615.99
qr_raw,0.95,2024-10-20,23,24,2858.39
qr_raw,0.95,2024-10-21,19,24,2818.54
qr_raw,0.95,2024-10-22,22,24,2051.96
qr_raw,0.95,2024-10-23,6,24,1823.52
qr_raw,0.95,2024-10-24,21,24,1891.19
qr_raw,0.95,2024-10-25,13,24,2144.17
qr_raw,0.95,2024-10-26,24,24,2269.62
qr_raw,0.95,2024-10-27,21,24,3066.15
qr_raw,0.95,2024-10-28,19,24,2757.26
qr_raw,0.95,2024-10-29,21,24,2727.78
qr_raw,0.95,2024-10-30,22,24,2944.8
qr_raw,0.95,2024-10-31,18,24,2586.22
qr_raw,0.95,2024-11-01,24,24,5875.28
qr_raw,0.95,2024-11-02,21,24,4293.92
qr_raw,0.95,2024-11-03,16,24,3741.44
qr_raw,0.95,2024-11-04,13,24,3735.97
qr_raw,0.95,2024-11-05,23,24,3430.42
qr_raw,0.95,2024-11-06,24,24,3297.36
qr_raw,0.95,2024-11-07,21,24,3576.88
qr_raw,0.95,2024-11-08,20,24,5317.14
qr_raw,0.95,2024-11-09,23,24,5004.17
qr_raw,0.95,2024-11-10,11,24,3281.17
qr_raw,0.95,2024-11-11,21,24,5962
qr_raw,0.95,2024-11-12,24,24,5436.16
qr_raw,0.95,2024-11-13,24,24,5149.79
qr_raw,0.95,2024-11-14,21,24,4722.86
qr_raw,0.95,2024-11-15,24,24,4850.18
qr_raw,0.95,2024-11-16,24,24,4231.07
qr_raw,0.95,2024-11-17,24,24,3538.6
qr_raw,0.95,2024-11-18,24,24,5627.75
qr_raw,0.95,2024-11-19,18,24,4085.13
qr_raw,0.95,2024-11-20,12,24,5404.87
qr_raw,0.95,2024-11-21,19,24,5461.09
qr_raw,0.95,2024-11-22,22,24,6524.26
qr_raw,0.95,2024-11-23,21,24,4680.55
qr_raw,0.95,2024-11-24,10,24,4971.55
qr_raw,0.95,2024-11-25,2,24,4308.4
qr_raw,0.95,2024-11-26,24,24,5741.73
qr_raw,0.95,2024-11-27,17,24,3928.68
qr_raw,0.95,2024-11-28,2,24,4491.63
qr_raw,0.95,2024-11-29,24,24,5420.24
qr_raw,0.95,2024-11-30,13,24,4342.04
qr_raw,0.95,2024-12-01,22,24,5620.37
qr_raw,0.95,2024-12-02,24,24,4078.93
qr_raw,0.95,2024-12-03,24,24,5020.35
qr_raw,0.95,2024-12-04,24,24,5536.28
qr_raw,0.95,2024-12-05,22,24,5755.99
qr_raw,0.95,2024-12-06,20,24,6076.9
qr_raw,0.95,2024-12-07,13,24,4132.49
qr_raw,0.95,2024-12-08,15,24,5452.79
qr_raw,0.95,2024-12-09,18,24,6245.95
qr_raw,0.95,2024-12-10,24,24,5809.56
qr_raw,0.95,2024-12-11,24,24,5451.77
qr_raw,0.95,2024-12-12,24,24,4931.12
qr_raw,0.95,2024-12-13,15,24,4682.01
qr_raw,0.95,2024-12-14,22,24,4143.25
qr_raw,0.95,2024-12-15,3,24,4459.45
qr_raw,0.95,2024-12-16,19,24,5071.81
qr_raw,0.95,2024-12-17,10,24,3908.12
qr_raw,0.95,2024-12-18,13,24,4084.33
qr_raw,0.95,2024-12-19,8,24,4382.08
qr_raw,0.95,2024-12-20,22,24,5791.59
qr_raw,0.95,2024-12-21,24,24,5275.77
qr_raw,0.95,2024-12-22,14,24,5239.18
qr_raw,0.95,2024-12-23,24,24,7699.16
qr_raw,0.95,2024-12-24,6,24,7687.19
qr_raw,0.95,2024-12-25,22,24,10846.8
qr_raw,0.95,2024-12-26,14,24,6686.84
qr_raw,0.95,2024-12-27,24,24,6356.31
qr_raw,0.95,2024-12-28,14,24,6741.79
qr_raw,0.95,2024-12-29,24,24,5749.86
qr_raw,0.95,2024-12-30,13,24,6331.22
qr_raw,0.95,2024-12-31,19,24,5844.21
qr_raw,0.95,2025-01-01,20,24,8811.06
qr_raw,0.95,2025-01-02,19,24,6468.55
qr_raw,0.95,2025-01-03,17,24,6141.74
qr_raw,0.95,2025-01-04,23,24,5398.24
qr_raw,0.95,2025-01-05,24,24,6908.29
qr_raw,0.95,2025-01-06,18,24,6430.44
qr_raw,0.95,2025-01-07,18,24,6489.56
qr_raw,0.95,2025-01-08,23,24,11158.3
qr_raw,0.95,2025-01-09,24,24,6292.33
qr_raw,0.95,2025-01-10,22,24,5330.29
qr_raw,0.95,2025-01-11,13,24,4315.47
qr_raw,0.95,2025-01-12,8,24,7154.34
qr_raw,0.95,2025-01-13,10,24,6702.03
qr_raw,0.95,2025-01-14,8,24,4809.32
qr_raw,0.95,2025-01-15,11,24,5033.52
qr_raw,0.95,2025-01-16,24,24,4745.27
qr_raw,0.95,2025-01-17,24,24,4789.08
qr_raw,0.95,2025-01-18,4,24,3725.94
qr_raw,0.95,2025-01-19,21,24,4433.7
qr_raw,0.95,2025-01-20,17,24,6260.42
qr_raw,0.95,2025-01-21,24,24,7072.51
qr_raw,0.95,2025-01-22,18,24,5680.68
qr_raw,0.95,2025-01-23,24,24,6376.64
qr_raw,0.95,2025-01-24,22,24,5585.09
qr_raw,0.95,2025-01-25,2,24,4445.02
qr_raw,0.95,2025-01-26,24,24,6617.81
qr_raw,0.95,2025-01-27,24,24,5455.89
qr_raw,0.95,2025-01-28,24,24,6247.35
qr_raw,0.95,2025-01-29,23,24,4487.39
qr_raw,0.95,2025-01-30,24,24,4993.63
qr_raw,0.95,2025-01-31,24,24,5451.78
qr_raw,0.95,2025-02-01,22,24,6076.25
qr_raw,0.95,2025-02-02,19,24,4627.58
qr_raw,0.95,2025-02-03,19,24,6417.28
qr_raw,0.95,2025-02-04,24,24,5576.34
qr_raw,0.95,2025-02-05,24,24,5606.51
qr_raw,0.95,2025-02-06,24,24,5492.68
qr_raw,0.95,2025-02-07,24,24,5840.67
qr_raw,0.95,2025-02-08,23,24,4574.65
qr_raw,0.95,2025-02-09,24,24,6027.14
qr_raw,0.95,2025-02-10,17,24,6469.58
qr_raw,0.95,2025-02-11,24,24,7149.74
qr_raw,0.95,2025-02-12,23,24,5510.38
qr_raw,0.95,2025-02-13,19,24,5262.46
qr_raw,0.95,2025-02-14,13,24,5376.43
qr_raw,0.95,2025-02-15,21,24,5407.24
qr_raw,0.95,2025-02-16,24,24,5262.6
qr_raw,0.95,2025-02-17,18,24,6430.7
qr_raw,0.95,2025-02-18,19,24,6649.86
qr_raw,0.95,2025-02-19,23,24,5595.54
qr_raw,0.95,2025-02-20,16,24,5701.65
qr_raw,0.95,2025-02-21,19,24,4849.93
qr_raw,0.95,2025-02-22,23,24,5873.14
qr_raw,0.95,2025-02-23,15,24,5491.11
qr_raw,0.95,2025-02-24,24,24,6757.25
qr_raw,0.95,2025-02-25,21,24,5911.09
qr_raw,0.95,2025-02-26,11,24,5065.74
qr_raw,0.95,2025-02-27,24,24,6837.12
qr_raw,0.95,2025-02-28,24,24,5891.75
qr_raw,0.95,2025-03-01,19,24,4009.42
qr_raw,0.95,2025-03-02,21,24,5104.16
qr_raw,0.95,2025-03-03,15,24,6142.45
qr_raw,0.95,2025-03-04,11,24,6190.35
qr_raw,0.95,2025-03-05,15,24,6280.51
qr_raw,0.95,2025-03-06,22,24,5160.24
qr_raw,0.95,2025-03-07,21,24,4474.73
qr_raw,0.95,2025-03-08,24,24,5037.18
qr_raw,0.95,2025-03-09,10,24,4903.76
qr_raw,0.95,2025-03-10,11,24,6975.81
qr_raw,0.95,2025-03-11,15,24,5835.71
qr_raw,0.95,2025-03-12,15,24,6830.6
qr_raw,0.95,2025-03-13,13,24,6314.5
qr_raw,0.95,2025-03-14,18,24,6433.54
qr_raw,0.95,2025-03-15,24,24,4929.07
qr_raw,0.95,2025-03-16,24,24,4623.74
qr_raw,0.95,2025-03-17,23,24,6660.77
qr_raw,0.95,2025-03-18,19,24,7046.6
qr_raw,0.95,2025-03-19,16,24,6916.12
qr_raw,0.95,2025-03-20,11,24,5578.13
qr_raw,0.95,2025-03-21,22,24,5203.66
qr_raw,0.95,2025-03-22,24,24,5198.92
qr_raw,0.95,2025-03-23,24,24,6050.18
qr_raw,0.95,2025-03-24,20,24,7312.18
qr_raw,0.95,2025-03-25,14,24,6250.67
qr_raw,0.95,2025-03-26,16,24,5729.09
qr_raw,0.95,2025-03-27,13,24,4844.09
qr_raw,0.95,2025-03-28,24,24,5202.58
qr_raw,0.95,2025-03-29,24,24,4453.29
qr_raw,0.95,2025-03-30,18,23,4880.27
qr_raw,0.95,2025-03-31,15,24,5587.31
qr_raw,0.95,2025-04-01,21,24,5245.71
qr_raw,0.95,2025-04-02,24,24,4882.58
qr_raw,0.95,2025-04-03,24,24,4589.69
qr_raw,0.95,2025-04-04,24,24,4703.56
qr_raw,0.95,2025-04-05,15,24,3814.22
qr_raw,0.95,2025-04-06,18,24,5097.97
qr_raw,0.95,2025-04-07,24,24,6120.45
qr_raw,0.95,2025-04-08,24,24,5007.66
qr_raw,0.95,2025-04-09,16,24,3731.73
qr_raw,0.95,2025-04-10,24,24,4370.65
qr_raw,0.95,2025-04-11,23,24,3187.89
qr_raw,0.95,2025-04-12,20,24,3053.5
qr_raw,0.95,2025-04-13,14,24,3552.1
qr_raw,0.95,2025-04-14,23,24,4448.92
qr_raw,0.95,2025-04-15,13,24,3975.62
qr_raw,0.95,2025-04-16,6,24,4046.79
qr_raw,0.95,2025-04-17,7,24,3869.97
qr_raw,0.95,2025-04-18,22,24,3779.04
qr_raw,0.95,2025-04-19,24,24,3385.37
qr_raw,0.95,2025-04-20,22,24,4288.38
qr_raw,0.95,2025-04-21,21,24,5558.07
qr_raw,0.95,2025-04-22,22,24,4041.39
qr_raw,0.95,2025-04-23,24,24,4588.49
qr_raw,0.95,2025-04-24,24,24,3925.88
qr_raw,0.95,2025-04-25,24,24,3753.78
qr_raw,0.95,2025-04-26,24,24,3400.79
qr_raw,0.95,2025-04-27,24,24,4072.05
qr_raw,0.95,2025-04-28,24,24,4032.8
qr_raw,0.95,2025-04-29,17,24,4098.88
qr_raw,0.95,2025-04-30,20,24,3434.29
qr_raw,0.95,2025-05-01,6,24,6251.14
qr_raw,0.95,2025-05-02,15,24,7297.44
qr_raw,0.95,2025-05-03,19,24,6112.03
qr_raw,0.95,2025-05-04,21,24,4176.99
qr_raw,0.95,2025-05-05,24,24,4960.37
qr_raw,0.95,2025-05-06,21,24,3352.11
qr_raw,0.95,2025-05-07,24,24,2845.7
qr_raw,0.95,2025-05-08,19,24,4551.72
qr_raw,0.95,2025-05-09,24,24,5512.09
qr_raw,0.95,2025-05-10,23,24,3998.91
qr_raw,0.95,2025-05-11,24,24,3728.66
qr_raw,0.95,2025-05-12,24,24,4515.55
qr_raw,0.95,2025-05-13,24,24,4101.55
qr_raw,0.95,2025-05-14,24,24,3049.46
qr_raw,0.95,2025-05-15,15,24,4609.35
qr_raw,0.95,2025-05-16,23,24,3666.4
qr_raw,0.95,2025-05-17,24,24,3075.51
qr_raw,0.95,2025-05-18,21,24,2285.35
qr_raw,0.95,2025-05-19,24,24,2402.48
qr_raw,0.95,2025-05-20,24,24,2353.84
qr_raw,0.95,2025-05-21,10,24,1842.65
qr_raw,0.95,2025-05-22,13,24,2265.41
qr_raw,0.95,2025-05-23,24,24,2573.72
qr_raw,0.95,2025-05-24,24,24,2418.27
qr_raw,0.95,2025-05-25,24,24,2636.96
qr_raw,0.95,2025-05-26,24,24,2156.78
qr_raw,0.95,2025-05-27,19,24,2154.97
qr_raw,0.95,2025-05-28,15,24,2214.86
qr_raw,0.95,2025-05-29,24,24,4951.04
qr_raw,0.95,2025-05-30,24,24,4770.31
qr_raw,0.95,2025-05-31,24,24,3121.59
qr_raw,0.95,2025-06-01,24,24,2595.24
qr_raw,0.95,2025-06-02,24,24,2702.42
qr_raw,0.95,2025-06-03,24,24,2309.88
qr_raw,0.95,2025-06-04,24,24,2003.24
qr_raw,0.95,2025-06-05,18,24,2404.12
qr_raw,0.95,2025-06-06,24,24,2423.03
qr_raw,0.95,2025-06-07,19,24,2111.83
qr_raw,0.95,2025-06-08,21,24,2213.01
qr_raw,0.95,2025-06-09,24,24,4675.83
qr_raw,0.95,2025-06-10,24,24,2261.48
qr_raw,0.95,2025-06-11,23,24,2337.42
qr_raw,0.95,2025-06-12,24,24,2093.2
qr_raw,0.95,2025-06-13,22,24,2271.91
qr_raw,0.95,2025-06-14,19,24,1675.94
qr_raw,0.95,2025-06-15,23,24,2098.4
qr_raw,0.95,2025-06-16,24,24,2953.54
qr_raw,0.95,2025-06-17,24,24,2477.47
qr_raw,0.95,2025-06-18,22,24,1724.71
qr_raw,0.95,2025-06-19,18,24,1558.93
qr_raw,0.95,2025-06-20,23,24,1455.24
qr_raw,0.95,2025-06-21,24,24,1591.23
qr_raw,0.95,2025-06-22,22,24,1880.96
qr_raw,0.95,2025-06-23,20,24,1841.86
qr_raw,0.95,2025-06-24,19,24,1626.59
qr_raw,0.95,2025-06-25,23,24,1731.62
qr_raw,0.95,2025-06-26,20,24,1688.42
qr_raw,0.95,2025-06-27,21,24,1685.18
qr_raw,0.95,2025-06-28,20,24,2022.07
qr_raw,0.95,2025-06-29,24,24,2252.53
qr_raw,0.95,2025-06-30,8,24,2822.6
qr_raw,0.95,2025-07-01,15,24,2984.83
qr_raw,0.95,2025-07-02,19,24,2482.7
qr_raw,0.95,2025-07-03,17,24,2227.54
qr_raw,0.95,2025-07-04,22,24,1737.45
qr_raw,0.95,2025-07-05,14,24,1780.43
qr_raw,0.95,2025-07-06,18,24,3061.11
qr_raw,0.95,2025-07-07,1,24,3297.68
qr_raw,0.95,2025-07-08,13,24,3318.35
qr_raw,0.95,2025-07-09,22,24,2750.56
qr_raw,0.95,2025-07-10,23,24,2596.88
qr_raw,0.95,2025-07-11,23,24,2183.95
qr_raw,0.95,2025-07-12,17,24,1686.89
qr_raw,0.95,2025-07-13,23,24,2271.73
qr_raw,0.95,2025-07-14,21,24,4531.56
qr_raw,0.95,2025-07-15,19,24,2554.63
qr_raw,0.95,2025-07-16,14,24,1859.04
qr_raw,0.95,2025-07-17,23,24,1575.35
qr_raw,0.95,2025-07-18,22,24,1345.14
qr_raw,0.95,2025-07-19,17,24,1654.18
qr_raw,0.95,2025-07-20,24,24,2411.69
qr_raw,0.95,2025-07-21,24,24,3053.07
qr_raw,0.95,2025-07-22,10,24,2221
qr_raw,0.95,2025-07-23,10,24,1788.51
qr_raw,0.95,2025-07-24,24,24,2076.56
qr_raw,0.95,2025-07-25,24,24,1962.42
qr_raw,0.95,2025-07-26,19,24,1874.28
qr_raw,0.95,2025-07-27,23,24,2098.47
qr_raw,0.95,2025-07-28,24,24,2206.94
qr_raw,0.95,2025-07-29,24,24,2099.25
qr_raw,0.95,2025-07-30,23,24,1876.95
qr_raw,0.95,2025-07-31,23,24,1858.41
qr_raw,0.95,2025-08-01,23,24,1776.18
qr_raw,0.95,2025-08-02,24,24,1828.66
qr_raw,0.95,2025-08-03,22,24,2167.64
qr_raw,0.95,2025-08-04,18,24,2804.42
qr_raw,0.95,2025-08-05,22,24,2274.77
qr_raw,0.95,2025-08-06,11,24,1828.89
qr_raw,0.95,2025-08-07,13,24,1753.03
qr_raw,0.95,2025-08-08,23,24,2305.66
qr_raw,0.95,2025-08-09,13,24,2379.85
qr_raw,0.95,2025-08-10,20,24,2319.77
qr_raw,0.95,2025-08-11,23,24,2834.1
qr_raw,0.95,2025-08-12,23,24,3232.22
qr_raw,0.95,2025-08-13,23,24,2875.44
qr_raw,0.95,2025-08-14,20,24,2297.17
qr_raw,0.95,2025-08-15,24,24,4242.62
qr_raw,0.95,2025-08-16,24,24,2190.4
qr_raw,0.95,2025-08-17,21,24,2211.89
qr_raw,0.95,2025-08-18,18,24,2172.9
qr_raw,0.95,2025-08-19,13,24,2146.44
qr_raw,0.95,2025-08-20,24,24,2956.71
qr_raw,0.95,2025-08-21,22,24,2272.88
qr_raw,0.95,2025-08-22,14,24,2835.22
qr_raw,0.95,2025-08-23,9,24,2408.26
qr_raw,0.95,2025-08-24,22,24,2587.1
qr_raw,0.95,2025-08-25,22,24,3001.74
qr_raw,0.95,2025-08-26,24,24,2695.33
qr_raw,0.95,2025-08-27,11,24,2134
qr_raw,0.95,2025-08-28,14,24,2018.89
qr_raw,0.95,2025-08-29,23,24,2145.69
qr_raw,0.95,2025-08-30,23,24,2076.67
qr_raw,0.95,2025-08-31,21,24,2017.59
qr_raw,0.95,2025-09-01,23,24,2596.4
qr_raw,0.95,2025-09-02,21,24,2791.87
qr_raw,0.95,2025-09-03,12,24,2188.9
qr_raw,0.95,2025-09-04,24,24,2136.34
qr_raw,0.95,2025-09-05,21,24,1879.51
qr_raw,0.95,2025-09-06,20,24,1850.57
qr_raw,0.95,2025-09-07,21,24,1928.4
qr_raw,0.95,2025-09-08,24,24,2104.15
qr_raw,0.95,2025-09-09,21,24,2140.89
qr_raw,0.95,2025-09-10,11,24,1973.31
qr_raw,0.95,2025-09-11,17,24,1975
qr_raw,0.95,2025-09-12,17,24,1653.69
qr_raw,0.95,2025-09-13,24,24,2099.66
qr_raw,0.95,2025-09-14,22,24,2228.96
qr_raw,0.95,2025-09-15,15,24,2123.72
qr_raw,0.95,2025-09-16,24,24,2090.62
qr_raw,0.95,2025-09-17,22,24,1672.39
qr_raw,0.95,2025-09-18,6,24,1687.11
qr_raw,0.95,2025-09-19,23,24,1942.89
qr_raw,0.95,2025-09-20,19,24,1963.86
qr_raw,0.95,2025-09-21,24,24,2237.36
qr_raw,0.95,2025-09-22,16,24,2768.97
qr_raw,0.95,2025-09-23,23,24,3293.62
qr_raw,0.95,2025-09-24,24,24,2893
qr_raw,0.95,2025-09-25,24,24,2565.61
qr_raw,0.95,2025-09-26,9,24,2708.67
qr_raw,0.95,2025-09-27,21,24,2836.04
qr_raw,0.95,2025-09-28,24,24,2943.94
qr_raw,0.95,2025-09-29,21,24,2591.8
qr_raw,0.95,2025-09-30,20,24,2559.16
qr_raw,0.95,2025-10-01,24,24,2514.18
qr_raw,0.95,2025-10-02,18,24,2280.92
qr_raw,0.95,2025-10-03,24,24,2524.81
qr_raw,0.95,2025-10-04,17,24,2067.87
qr_raw,0.95,2025-10-05,21,24,2855.94
qr_raw,0.95,2025-10-06,23,24,2946.06
qr_raw,0.95,2025-10-07,24,24,2290.38
qr_raw,0.95,2025-10-08,24,24,2134.75
qr_raw,0.95,2025-10-09,19,24,2027.85
qr_raw,0.95,2025-10-10,22,24,1834.46
qr_raw,0.95,2025-10-11,20,24,1899.47
qr_raw,0.95,2025-10-12,23,24,2322.3
qr_raw,0.95,2025-10-13,24,24,2892.06
qr_raw,0.95,2025-10-14,19,24,2396.38
qr_raw,0.95,2025-10-15,10,24,2078.53
qr_raw,0.95,2025-10-16,14,24,1812.85
qr_raw,0.95,2025-10-17,21,24,2226.89
qr_raw,0.95,2025-10-18,23,24,2290.74
qr_raw,0.95,2025-10-19,21,24,3030.81
qr_raw,0.95,2025-10-20,20,24,3207.1
qr_raw,0.95,2025-10-21,22,24,2457.63
qr_raw,0.95,2025-10-22,20,24,2206.17
qr_raw,0.95,2025-10-23,11,24,2554.13
qr_raw,0.95,2025-10-24,18,24,3106.71
qr_raw,0.95,2025-10-25,22,24,2617.57
qr_raw,0.95,2025-10-26,21,24,3658.6
qr_raw,0.95,2025-10-27,22,24,4127.81
qr_raw,0.95,2025-10-28,20,24,3322.52
qr_raw,0.95,2025-10-29,24,24,3033.96
qr_raw,0.95,2025-10-30,20,24,3376.89
qr_raw,0.95,2025-10-31,22,24,3461.29
qr_raw,0.95,2025-11-01,24,24,4776.43
qr_raw,0.95,2025-11-02,24,24,4984.19
qr_raw,0.95,2025-11-03,24,24,4527.32
qr_raw,0.95,2025-11-04,21,24,3683.63
qr_raw,0.95,2025-11-05,20,24,3071.46
qr_raw,0.95,2025-11-06,21,24,3491.04
qr_raw,0.95,2025-11-07,24,24,3798.34
qr_raw,0.95,2025-11-08,21,24,3848.96
qr_raw,0.95,2025-11-09,24,24,3825.55
qr_raw,0.95,2025-11-10,24,24,6656.91
qr_raw,0.95,2025-11-11,24,24,6363.27
qr_raw,0.95,2025-11-12,24,24,3314.88
qr_raw,0.95,2025-11-13,24,24,3135.36
qr_raw,0.95,2025-11-14,22,24,3017.7
qr_raw,0.95,2025-11-15,24,24,3506.35
qr_raw,0.95,2025-11-16,24,24,4353.5
qr_raw,0.95,2025-11-17,24,24,7516.44
qr_raw,0.95,2025-11-18,17,24,7805.15
qr_raw,0.95,2025-11-19,10,24,6384.68
qr_raw,0.95,2025-11-20,24,24,6141.16
qr_raw,0.95,2025-11-21,24,24,7198.88
qr_raw,0.95,2025-11-22,9,24,5298.15
qr_raw,0.95,2025-11-23,19,24,5887.24
qr_raw,0.95,2025-11-24,0,24,6894.9
qr_raw,0.95,2025-11-25,11,24,5723.14
qr_raw,0.95,2025-11-26,24,24,5840.75
qr_raw,0.95,2025-11-27,24,24,5361.08
qr_raw,0.95,2025-11-28,17,24,5409.72
qr_raw,0.95,2025-11-29,9,24,5079.28
qr_raw,0.95,2025-11-30,14,24,5201.87
qr_raw,0.95,2025-12-01,13,24,7372.61
qr_raw,0.95,2025-12-02,20,24,5142.52
qr_raw,0.95,2025-12-03,8,24,4552.63
qr_raw,0.95,2025-12-04,17,24,4930.99
qr_raw,0.95,2025-12-05,20,24,5397.12
qr_raw,0.95,2025-12-06,23,24,3533.92
qr_raw,0.95,2025-12-07,22,24,4073.56
qr_raw,0.95,2025-12-08,6,24,5110.83
qr_raw,0.95,2025-12-09,22,24,4294.09
qr_raw,0.95,2025-12-10,24,24,4256.49
qr_raw,0.95,2025-12-11,24,24,4544.98
qr_raw,0.95,2025-12-12,24,24,4622.46
qr_raw,0.95,2025-12-13,24,24,4113.83
qr_raw,0.95,2025-12-14,5,24,4549.19
qr_raw,0.95,2025-12-15,17,24,4817.11
qr_raw,0.95,2025-12-16,23,24,4392.09
qr_raw,0.95,2025-12-17,24,24,4140.27
qr_raw,0.95,2025-12-18,19,24,4702.21
qr_raw,0.95,2025-12-19,18,24,4170.52
qr_raw,0.95,2025-12-20,21,24,3637.69
qr_raw,0.95,2025-12-21,18,24,4297.7
qr_raw,0.95,2025-12-22,19,24,5519.17
qr_raw,0.95,2025-12-23,17,24,5849.37
qr_raw,0.95,2025-12-24,23,24,6747.85
qr_raw,0.95,2025-12-25,24,24,11589.1
qr_raw,0.95,2025-12-26,24,24,8505.97
qr_raw,0.95,2025-12-27,2,24,5034.29
qr_raw,0.95,2025-12-28,18,24,4403.35
qr_raw,0.95,2025-12-29,24,24,7290.66
qr_raw,0.95,2025-12-30,23,24,7143.91
qr_raw,0.95,2025-12-31,23,24,6677.93
qr_raw,0.95,2026-01-01,24,24,11111
qr_raw,0.95,2026-01-02,24,24,6780.35
qr_raw,0.95,2026-01-03,24,24,6645.2
qr_raw,0.95,2026-01-04,22,24,7650.07
qr_raw,0.95,2026-01-05,10,24,7844.12
qr_raw,0.95,2026-01-06,18,24,8209.29
qr_raw,0.95,2026-01-07,24,24,9006.41
qr_raw,0.95,2026-01-08,17,24,8309.14
qr_raw,0.95,2026-01-09,23,24,8210.45
qr_raw,0.95,2026-01-10,24,24,5185.32
qr_raw,0.95,2026-01-11,24,24,6241.06
qr_raw,0.95,2026-01-12,21,24,6925.46
qr_raw,0.95,2026-01-13,4,24,6332.3
qr_raw,0.95,2026-01-14,10,24,5323.16
qr_raw,0.95,2026-01-15,22,24,5079.04
qr_raw,0.95,2026-01-16,21,24,4400.61
qr_raw,0.95,2026-01-17,15,24,3600.1
qr_raw,0.95,2026-01-18,19,24,4362.78
qr_raw,0.95,2026-01-19,15,24,5476.64
qr_raw,0.95,2026-01-20,8,24,5848.1
qr_raw,0.95,2026-01-21,21,24,5442.01
qr_raw,0.95,2026-01-22,21,24,5042.48
qr_raw,0.95,2026-01-23,21,24,4736.3
qr_raw,0.95,2026-01-24,21,24,3956.4
qr_raw,0.95,2026-01-25,24,24,4539.14
qr_raw,0.95,2026-01-26,24,24,5939.55
qr_raw,0.95,2026-01-27,24,24,5388.26
qr_raw,0.95,2026-01-28,17,24,5087.52
qr_raw,0.95,2026-01-29,24,24,5282.78
qr_raw,0.95,2026-01-30,23,24,5217.28
qr_raw,0.95,2026-01-31,14,24,3725.13
qr_raw,0.95,2026-02-01,24,24,4795.09
qr_raw,0.95,2026-02-02,24,24,6166.74
qr_raw,0.95,2026-02-03,24,24,5258.48
qr_raw,0.95,2026-02-04,21,24,4496.96
qr_raw,0.95,2026-02-05,24,24,5163.55
qr_raw,0.95,2026-02-06,24,24,4033.78
qr_raw,0.95,2026-02-07,23,24,4598.39
qr_raw,0.95,2026-02-08,24,24,4520.57
qr_raw,0.95,2026-02-09,24,24,5590.31
qr_raw,0.95,2026-02-10,23,24,4651.26
qr_raw,0.95,2026-02-11,24,24,4938.59
qr_raw,0.95,2026-02-12,24,24,5139.07
qr_raw,0.95,2026-02-13,18,24,5678.19
qr_raw,0.95,2026-02-14,19,24,6530.86
qr_raw,0.95,2026-02-15,9,24,5767.97
qr_raw,0.95,2026-02-16,24,24,6049.28
qr_raw,0.95,2026-02-17,24,24,6322.22
qr_raw,0.95,2026-02-18,24,24,5207.98
qr_raw,0.95,2026-02-19,23,24,5141.53
qr_raw,0.95,2026-02-20,24,24,4758.82
qr_raw,0.95,2026-02-21,6,24,4325.4
qr_raw,0.95,2026-02-22,14,24,5752.05
qr_raw,0.95,2026-02-23,22,24,6198.53
qr_raw,0.95,2026-02-24,24,24,4272.35
qr_raw,0.95,2026-02-25,22,24,4270.84
qr_raw,0.95,2026-02-26,23,24,4808
qr_raw,0.95,2026-02-27,24,24,5580.51
qr_raw,0.95,2026-02-28,24,24,5214.75
qr_raw,0.95,2026-03-01,12,24,4268.63
qr_raw,0.95,2026-03-02,23,24,5593.96
qr_raw,0.95,2026-03-03,24,24,4086.27
qr_raw,0.95,2026-03-04,24,24,3952.4
qr_raw,0.95,2026-03-05,20,24,4326.71
qr_raw,0.95,2026-03-06,19,24,4354.1
qr_raw,0.95,2026-03-07,23,24,4173.96
qr_raw,0.95,2026-03-08,24,24,4709.48
qr_raw,0.95,2026-03-09,19,24,4827.18
qr_raw,0.95,2026-03-10,14,24,4203.42
qr_raw,0.95,2026-03-11,11,24,4406.34
qr_raw,0.95,2026-03-12,8,24,3349.43
qr_raw,0.95,2026-03-13,24,24,3725.46
qr_raw,0.95,2026-03-14,22,24,4271.13
qr_raw,0.95,2026-03-15,9,24,4006.09
qr_raw,0.95,2026-03-16,23,24,5009.16
qr_raw,0.95,2026-03-17,22,24,4329.97
qr_raw,0.95,2026-03-18,9,24,5122.24
qr_raw,0.95,2026-03-19,24,24,5997.06
qr_raw,0.95,2026-03-20,22,24,5813.57
qr_raw,0.95,2026-03-21,24,24,5796.5
qr_raw,0.95,2026-03-22,15,24,6485.17
qr_raw,0.95,2026-03-23,18,24,5795.68
qr_raw,0.95,2026-03-24,24,24,4768.75
qr_raw,0.95,2026-03-25,13,24,4416.46
qr_raw,0.95,2026-03-26,17,24,5923.82
qr_raw,0.95,2026-03-27,24,24,5553.59
qr_raw,0.95,2026-03-28,21,24,4487.42
qr_raw,0.95,2026-03-29,21,23,6395.17
qr_raw,0.95,2026-03-30,18,24,5478.59
qr_raw,0.95,2026-03-31,19,24,5228.59
qr_raw,0.95,2026-04-01,23,24,5206.59
qr_raw,0.95,2026-04-02,24,24,5806.9
qr_raw,0.95,2026-04-03,23,24,5015.04
qr_raw,0.95,2026-04-04,11,24,4700.6
qr_raw,0.95,2026-04-05,0,24,4936.51
qr_raw,0.95,2026-04-06,24,24,7286.21
qr_raw,0.95,2026-04-07,13,24,8457.48
qr_raw,0.95,2026-04-08,24,24,5197.38
qr_raw,0.95,2026-04-09,24,24,4919.49
qr_raw,0.95,2026-04-10,20,24,5128.7
qr_raw,0.95,2026-04-11,16,24,3871.86
qr_raw,0.95,2026-04-12,11,24,4428.33
qr_raw,0.95,2026-04-13,23,24,8997.79
qr_raw,0.95,2026-04-14,15,24,4292.68
qr_raw,0.95,2026-04-15,24,24,3757.28
qr_raw,0.95,2026-04-16,22,24,3082.99
qr_raw,0.95,2026-04-17,24,24,3519.83
qr_raw,0.95,2026-04-18,17,24,3167.18
qr_raw,0.95,2026-04-19,24,24,4604.02
qr_raw,0.95,2026-04-20,22,24,5343.05
qr_raw,0.95,2026-04-21,24,24,4454.76
qr_raw,0.95,2026-04-22,24,24,3777.4
qr_raw,0.95,2026-04-23,22,24,2744.78
qr_raw,0.95,2026-04-24,24,24,2682.49
qr_raw,0.95,2026-04-25,24,24,2636.95
qr_raw,0.95,2026-04-26,24,24,3098.97
qr_raw,0.95,2026-04-27,24,24,3017.5
qr_raw,0.95,2026-04-28,23,24,3209.3
qr_raw,0.95,2026-04-29,22,24,2725.19
qr_raw,0.95,2026-04-30,23,24,2416.94
qr_raw,0.95,2026-05-01,11,24,4753.07
qr_raw,0.95,2026-05-02,16,24,3264.33
qr_raw,0.95,2026-05-03,11,24,3532.46
qr_raw,0.95,2026-05-04,11,24,2998.72
qr_raw,0.95,2026-05-05,24,24,3067.61
qr_raw,0.95,2026-05-06,23,24,2907.4
qr_raw,0.95,2026-05-07,21,24,2083.04
qr_raw,0.95,2026-05-08,22,24,4457.4
qr_raw,0.95,2026-05-09,19,24,3286.87
qr_raw,0.95,2026-05-10,18,24,3134.96
qr_raw,0.95,2026-05-11,24,24,3657.88
qr_raw,0.95,2026-05-12,18,24,3397.07
qr_raw,0.95,2026-05-13,22,24,3312.86
qr_raw,0.95,2026-05-14,24,24,5753.79
qr_raw,0.95,2026-05-15,24,24,6638.22
qr_raw,0.95,2026-05-16,24,24,4905.45
qr_raw,0.95,2026-05-17,24,24,4407.91
qr_raw,0.95,2026-05-18,21,24,3828
qr_raw,0.95,2026-05-19,24,24,3108.23
qr_raw,0.95,2026-05-20,24,24,2872.74
qr_raw,0.95,2026-05-21,22,24,3436.14
qr_raw,0.95,2026-05-22,22,24,3972.5
qr_raw,0.95,2026-05-23,19,24,4445.72
qr_raw,0.95,2026-05-24,22,24,3573.16
qr_raw,0.95,2026-05-25,22,24,6296.59
qr_raw,0.95,2026-05-26,24,24,4720.54
qr_raw,0.95,2026-05-27,11,24,3755.08
qr_raw,0.95,2026-05-28,7,24,2968.21
qr_raw,0.95,2026-05-29,5,24,2117.64
qr_raw,0.95,2026-05-30,20,24,1965.69
qr_raw,0.95,2026-05-31,24,24,2903.31
qr_raw,0.95,2026-06-01,22,24,4313.11
qr_raw,0.95,2026-06-02,16,24,2628.54
qr_raw,0.95,2026-06-03,12,24,2357.83
qr_raw,0.95,2026-06-04,16,24,2953.12
qr_raw,0.95,2026-06-05,22,24,2561.13
qr_raw,0.95,2026-06-06,24,24,2497.5
qr_raw,0.95,2026-06-07,21,24,2191.63
qr_raw,0.95,2026-06-08,23,24,2443.74
qr_raw,0.95,2026-06-09,23,24,2130.13
qr_raw,0.95,2026-06-10,16,24,1611.5
qr_raw,0.95,2026-06-11,21,24,1766.78
qr_raw,0.95,2026-06-12,6,24,1608.4
qr_raw,0.95,2026-06-13,24,24,1881.33
qr_raw,0.95,2026-06-14,24,24,2006.55
qr_raw,0.95,2026-06-15,24,24,2181.24
qr_raw,0.95,2026-06-16,24,24,2100.31
qr_raw,0.95,2026-06-17,6,24,1824.24
qr_raw,0.95,2026-06-18,14,24,1953.35
qr_raw,0.95,2026-06-19,23,24,2235.82
qr_raw,0.95,2026-06-20,23,24,2078.75
qr_raw,0.95,2026-06-21,9,24,2365.24
qr_raw,0.95,2026-06-22,17,24,4181.1
qr_raw,0.95,2026-06-23,24,24,4071.27
qr_raw,0.95,2026-06-24,24,24,3381.54
qr_raw,0.95,2026-06-25,23,24,3907.59
qr_raw,0.95,2026-06-26,23,24,3159.22
qr_raw,0.95,2026-06-27,24,24,3124.19
qr_raw,0.95,2026-06-28,19,24,3110.7
qr_raw,0.95,2026-06-29,14,24,3440.92
qr_raw,0.95,2026-06-30,14,24,2836.79
qr_raw,0.95,2026-07-01,9,24,3075.8
qr_raw,0.95,2026-07-02,7,24,3435.16
qr_raw,0.95,2026-07-03,17,24,3246.56
qr_raw,0.95,2026-07-04,15,24,2488.08
qr_raw,0.95,2026-07-05,18,24,2856.99
qr_raw,0.95,2026-07-06,18,24,3221.63
qr_raw,0.95,2026-07-07,21,24,2778.42
qr_raw,0.95,2026-07-08,17,24,2557.78
qr_raw,0.95,2026-07-09,13,24,2208.71
qr_raw,0.95,2026-07-10,22,24,2246.24
qr_raw,0.95,2026-07-11,21,24,1730.27
qr_raw,0.95,2026-07-12,22,24,2585.3
qr_raw,0.95,2026-07-13,18,24,4181.78
qr_raw,0.95,2026-07-14,21,24,6554.55
qr_raw,0.95,2026-07-15,20,24,2960.81
qr_raw,0.95,2026-07-16,23,24,2685.81
qr_raw,0.95,2026-07-17,17,24,1923.39
qr_raw,0.95,2026-07-18,17,24,1782.58
qr_raw,0.95,2026-07-19,21,24,2405.66
qr_raw,0.95,2026-07-20,24,24,3503.77
qr_raw,0.95,2026-07-21,20,24,3623.16
qr_raw,0.95,2026-07-22,4,24,2644.85
qr_raw,0.95,2026-07-23,23,24,2603.93
qr_raw,0.95,2026-07-24,21,24,2100.98
qr_raw,0.95,2026-07-25,15,24,2188.01
qr_raw,0.95,2026-07-26,17,24,2148.57
qr_raw,0.95,2026-07-27,21,24,2148.21
qr_raw,0.95,2026-07-28,23,24,2250.78
qr_raw,0.95,2026-07-29,5,24,2490.51
qr_raw,0.95,2026-07-30,15,24,1887.21
qr_raw,0.95,2026-07-31,17,24,1887.03
qr_raw,0.95,2026-08-01,12,24,2094.01
qr_raw,0.95,2026-08-02,16,24,2095.31
qr_raw,0.95,2026-08-03,24,24,3073.04
qr_raw,0.95,2026-08-04,20,24,2481.35
qr_raw,0.95,2026-08-05,24,24,2775.58
qr_raw,0.95,2026-08-06,21,24,2320.6
qr_raw,0.95,2026-08-07,21,24,1990.79
qr_raw,0.95,2026-08-08,19,24,2046.17
qr_raw,0.95,2026-08-09,20,24,2420.39
qr_raw,0.95,2026-08-10,18,24,2702.58
qr_raw,0.95,2026-08-11,23,24,2321.89
qr_raw,0.95,2026-08-12,23,24,2803
qr_raw,0.95,2026-08-13,17,24,3130.93
qr_raw,0.95,2026-08-14,12,24,2553.33
qr_raw,0.95,2026-08-15,14,24,3528.4
qr_raw,0.95,2026-08-16,24,24,2624.27
qr_raw,0.95,2026-08-17,23,24,2423.78
qr_raw,0.95,2026-08-18,21,24,2057.22
qr_raw,0.95,2026-08-19,18,24,2351.43
qr_raw,0.95,2026-08-20,16,24,2699.88
qr_raw,0.95,2026-08-21,10,24,3094.46
qr_raw,0.95,2026-08-22,9,24,2788.98
qr_raw,0.95,2026-08-23,14,24,2680.22
qr_raw,0.95,2026-08-24,12,24,2922.05
qr_raw,0.95,2026-08-25,22,24,2736.38
qr_raw,0.95,2026-08-26,23,24,2349.77
qr_raw,0.95,2026-08-27,13,24,2552.77
qr_raw,0.95,2026-08-28,10,24,2291.36
qr_raw,0.95,2026-08-29,16,24,1821.19
qr_raw,0.95,2026-08-30,17,24,1863.32
qr_raw,0.95,2026-08-31,19,24,2477.3
split_rolling,0.8,2022-04-01,6,24,5394.65
split_rolling,0.8,2022-04-02,10,24,5299.03
split_rolling,0.8,2022-04-03,17,24,5375.89
split_rolling,0.8,2022-04-04,22,24,5408.61
split_rolling,0.8,2022-04-05,15,24,5419.56
split_rolling,0.8,2022-04-06,17,24,5419.56
split_rolling,0.8,2022-04-07,24,24,5404.63
split_rolling,0.8,2022-04-08,9,24,5297.08
split_rolling,0.8,2022-04-09,14,24,5296.41
split_rolling,0.8,2022-04-10,23,24,5404.21
split_rolling,0.8,2022-04-11,23,24,5422.05
split_rolling,0.8,2022-04-12,15,24,5421.26
split_rolling,0.8,2022-04-13,23,24,5422.05
split_rolling,0.8,2022-04-14,23,24,5477.06
split_rolling,0.8,2022-04-15,14,24,5484.72
split_rolling,0.8,2022-04-16,17,24,5419.12
split_rolling,0.8,2022-04-17,24,24,5412.33
split_rolling,0.8,2022-04-18,21,24,5342.82
split_rolling,0.8,2022-04-19,9,24,5342.82
split_rolling,0.8,2022-04-20,24,24,5378.09
split_rolling,0.8,2022-04-21,24,24,5433.7
split_rolling,0.8,2022-04-22,24,24,5433.7
split_rolling,0.8,2022-04-23,24,24,5424.65
split_rolling,0.8,2022-04-24,20,24,5419.12
split_rolling,0.8,2022-04-25,5,24,5412.33
split_rolling,0.8,2022-04-26,21,24,5421.26
split_rolling,0.8,2022-04-27,22,24,5471.58
split_rolling,0.8,2022-04-28,24,24,5461.89
split_rolling,0.8,2022-04-29,24,24,5477.06
split_rolling,0.8,2022-04-30,24,24,5477.06
split_rolling,0.8,2022-05-01,24,24,5477.06
split_rolling,0.8,2022-05-02,24,24,5415.52
split_rolling,0.8,2022-05-03,24,24,5378.09
split_rolling,0.8,2022-05-04,23,24,5378.09
split_rolling,0.8,2022-05-05,24,24,5273.07
split_rolling,0.8,2022-05-06,22,24,5158.44
split_rolling,0.8,2022-05-07,24,24,5096.6
split_rolling,0.8,2022-05-08,23,24,5057.23
split_rolling,0.8,2022-05-09,24,24,5057.23
split_rolling,0.8,2022-05-10,24,24,4990.91
split_rolling,0.8,2022-05-11,24,24,4925.44
split_rolling,0.8,2022-05-12,24,24,4855.08
split_rolling,0.8,2022-05-13,24,24,4775.03
split_rolling,0.8,2022-05-14,24,24,4711.04
split_rolling,0.8,2022-05-15,24,24,4705.47
split_rolling,0.8,2022-05-16,24,24,4685.68
split_rolling,0.8,2022-05-17,24,24,4679.91
split_rolling,0.8,2022-05-18,24,24,4655.13
split_rolling,0.8,2022-05-19,24,24,4594.04
split_rolling,0.8,2022-05-20,24,24,4561.32
split_rolling,0.8,2022-05-21,24,24,4561.32
split_rolling,0.8,2022-05-22,24,24,4561.32
split_rolling,0.8,2022-05-23,24,24,4534.29
split_rolling,0.8,2022-05-24,24,24,4534.29
split_rolling,0.8,2022-05-25,24,24,4513.77
split_rolling,0.8,2022-05-26,24,24,4422.58
split_rolling,0.8,2022-05-27,22,24,4422.58
split_rolling,0.8,2022-05-28,24,24,4405.04
split_rolling,0.8,2022-05-29,24,24,4384.96
split_rolling,0.8,2022-05-30,24,24,4384.96
split_rolling,0.8,2022-05-31,23,24,4354.94
split_rolling,0.8,2022-06-01,24,24,4307.81
split_rolling,0.8,2022-06-02,24,24,4285.12
split_rolling,0.8,2022-06-03,24,24,4283.1
split_rolling,0.8,2022-06-04,24,24,4283.1
split_rolling,0.8,2022-06-05,24,24,4242.51
split_rolling,0.8,2022-06-06,24,24,4210.42
split_rolling,0.8,2022-06-07,24,24,4134.05
split_rolling,0.8,2022-06-08,24,24,4122.43
split_rolling,0.8,2022-06-09,24,24,4122.43
split_rolling,0.8,2022-06-10,24,24,4122.43
split_rolling,0.8,2022-06-11,24,24,4097.43
split_rolling,0.8,2022-06-12,24,24,4097.43
split_rolling,0.8,2022-06-13,24,24,4059.23
split_rolling,0.8,2022-06-14,24,24,4022.41
split_rolling,0.8,2022-06-15,24,24,3961.46
split_rolling,0.8,2022-06-16,24,24,3893.76
split_rolling,0.8,2022-06-17,24,24,3799.69
split_rolling,0.8,2022-06-18,24,24,3703.06
split_rolling,0.8,2022-06-19,24,24,3684.53
split_rolling,0.8,2022-06-20,24,24,3684.53
split_rolling,0.8,2022-06-21,24,24,3679.62
split_rolling,0.8,2022-06-22,24,24,3659.95
split_rolling,0.8,2022-06-23,13,24,3605.89
split_rolling,0.8,2022-06-24,17,24,3573.52
split_rolling,0.8,2022-06-25,24,24,3609.66
split_rolling,0.8,2022-06-26,24,24,3631.14
split_rolling,0.8,2022-06-27,24,24,3625.44
split_rolling,0.8,2022-06-28,19,24,3603.71
split_rolling,0.8,2022-06-29,24,24,3603.71
split_rolling,0.8,2022-06-30,24,24,3590.26
split_rolling,0.8,2022-07-01,24,24,3524.13
split_rolling,0.8,2022-07-02,24,24,3408.63
split_rolling,0.8,2022-07-03,23,24,3295.58
split_rolling,0.8,2022-07-04,16,24,3273.19
split_rolling,0.8,2022-07-05,24,24,3201.05
split_rolling,0.8,2022-07-06,24,24,3156.96
split_rolling,0.8,2022-07-07,24,24,3046.33
split_rolling,0.8,2022-07-08,24,24,3035.16
split_rolling,0.8,2022-07-09,24,24,2957.56
split_rolling,0.8,2022-07-10,24,24,2880.22
split_rolling,0.8,2022-07-11,21,24,2834.15
split_rolling,0.8,2022-07-12,24,24,2761.26
split_rolling,0.8,2022-07-13,20,24,2713.55
split_rolling,0.8,2022-07-14,20,24,2654.71
split_rolling,0.8,2022-07-15,21,24,2624.13
split_rolling,0.8,2022-07-16,22,24,2591.42
split_rolling,0.8,2022-07-17,21,24,2530.29
split_rolling,0.8,2022-07-18,22,24,2510.47
split_rolling,0.8,2022-07-19,24,24,2500
split_rolling,0.8,2022-07-20,24,24,2441.67
split_rolling,0.8,2022-07-21,24,24,2439.15
split_rolling,0.8,2022-07-22,24,24,2432.76
split_rolling,0.8,2022-07-23,24,24,2432.76
split_rolling,0.8,2022-07-24,24,24,2393.69
split_rolling,0.8,2022-07-25,16,24,2349.87
split_rolling,0.8,2022-07-26,19,24,2282.18
split_rolling,0.8,2022-07-27,24,24,2282.18
split_rolling,0.8,2022-07-28,24,24,2223.39
split_rolling,0.8,2022-07-29,12,24,2220.56
split_rolling,0.8,2022-07-30,23,24,2220.56
split_rolling,0.8,2022-07-31,24,24,2240.78
split_rolling,0.8,2022-08-01,22,24,2200.58
split_rolling,0.8,2022-08-02,22,24,2185.9
split_rolling,0.8,2022-08-03,13,24,2152.86
split_rolling,0.8,2022-08-04,24,24,2117
split_rolling,0.8,2022-08-05,24,24,2105.33
split_rolling,0.8,2022-08-06,13,24,2061.58
split_rolling,0.8,2022-08-07,24,24,2008.48
split_rolling,0.8,2022-08-08,24,24,1998.81
split_rolling,0.8,2022-08-09,24,24,1956.02
split_rolling,0.8,2022-08-10,24,24,1949.22
split_rolling,0.8,2022-08-11,24,24,1925.7
split_rolling,0.8,2022-08-12,23,24,1911.03
split_rolling,0.8,2022-08-13,22,24,1906.22
split_rolling,0.8,2022-08-14,12,24,1892.99
split_rolling,0.8,2022-08-15,21,24,1894.04
split_rolling,0.8,2022-08-16,24,24,1908.53
split_rolling,0.8,2022-08-17,22,24,1894.04
split_rolling,0.8,2022-08-18,14,24,1863.97
split_rolling,0.8,2022-08-19,22,24,1870.9
split_rolling,0.8,2022-08-20,24,24,1886.71
split_rolling,0.8,2022-08-21,14,24,1886.71
split_rolling,0.8,2022-08-22,23,24,1846.35
split_rolling,0.8,2022-08-23,17,24,1855.77
split_rolling,0.8,2022-08-24,15,24,1838.9
split_rolling,0.8,2022-08-25,22,24,1840.03
split_rolling,0.8,2022-08-26,24,24,1846.35
split_rolling,0.8,2022-08-27,24,24,1833.55
split_rolling,0.8,2022-08-28,24,24,1822.11
split_rolling,0.8,2022-08-29,22,24,1803.72
split_rolling,0.8,2022-08-30,22,24,1784.43
split_rolling,0.8,2022-08-31,22,24,1760.62
split_rolling,0.8,2022-09-01,22,24,1760.62
split_rolling,0.8,2022-09-02,24,24,1759.63
split_rolling,0.8,2022-09-03,22,24,1760.62
split_rolling,0.8,2022-09-04,22,24,1743.2
split_rolling,0.8,2022-09-05,24,24,1746.91
split_rolling,0.8,2022-09-06,15,24,1724.28
split_rolling,0.8,2022-09-07,24,24,1721.74
split_rolling,0.8,2022-09-08,24,24,1743.2
split_rolling,0.8,2022-09-09,23,24,1742.27
split_rolling,0.8,2022-09-10,23,24,1740.12
split_rolling,0.8,2022-09-11,24,24,1742.27
split_rolling,0.8,2022-09-12,23,24,1729.05
split_rolling,0.8,2022-09-13,19,24,1721.74
split_rolling,0.8,2022-09-14,24,24,1707.8
split_rolling,0.8,2022-09-15,24,24,1708.73
split_rolling,0.8,2022-09-16,24,24,1707.8
split_rolling,0.8,2022-09-17,9,24,1707.73
split_rolling,0.8,2022-09-18,13,24,1700.59
split_rolling,0.8,2022-09-19,20,24,1717.66
split_rolling,0.8,2022-09-20,23,24,1725.12
split_rolling,0.8,2022-09-21,24,24,1717.96
split_rolling,0.8,2022-09-22,19,24,1699.74
split_rolling,0.8,2022-09-23,24,24,1662.82
split_rolling,0.8,2022-09-24,24,24,1653.04
split_rolling,0.8,2022-09-25,17,24,1636.62
split_rolling,0.8,2022-09-26,22,24,1634.33
split_rolling,0.8,2022-09-27,14,24,1635.86
split_rolling,0.8,2022-09-28,22,24,1611.75
split_rolling,0.8,2022-09-29,19,24,1628.79
split_rolling,0.8,2022-09-30,22,24,1630.77
split_rolling,0.8,2022-10-01,23,24,1639.68
split_rolling,0.8,2022-10-02,11,24,1640.74
split_rolling,0.8,2022-10-03,16,24,1609.27
split_rolling,0.8,2022-10-04,13,24,1602.18
split_rolling,0.8,2022-10-05,15,24,1607.27
split_rolling,0.8,2022-10-06,16,24,1625.1
split_rolling,0.8,2022-10-07,21,24,1636.96
split_rolling,0.8,2022-10-08,7,24,1628.79
split_rolling,0.8,2022-10-09,23,24,1635.86
split_rolling,0.8,2022-10-10,21,24,1647.26
split_rolling,0.8,2022-10-11,24,24,1625.1
split_rolling,0.8,2022-10-12,21,24,1625.75
split_rolling,0.8,2022-10-13,17,24,1611.95
split_rolling,0.8,2022-10-14,16,24,1609.27
split_rolling,0.8,2022-10-15,18,24,1606.12
split_rolling,0.8,2022-10-16,14,24,1607.27
split_rolling,0.8,2022-10-17,21,24,1606.12
split_rolling,0.8,2022-10-18,19,24,1606.12
split_rolling,0.8,2022-10-19,21,24,1609.27
split_rolling,0.8,2022-10-20,21,24,1611.95
split_rolling,0.8,2022-10-21,23,24,1609.27
split_rolling,0.8,2022-10-22,23,24,1609.51
split_rolling,0.8,2022-10-23,18,24,1611.75
split_rolling,0.8,2022-10-24,14,24,1599.8
split_rolling,0.8,2022-10-25,24,24,1587.8
split_rolling,0.8,2022-10-26,20,24,1587.8
split_rolling,0.8,2022-10-27,15,24,1585.34
split_rolling,0.8,2022-10-28,20,24,1587.4
split_rolling,0.8,2022-10-29,17,24,1583.97
split_rolling,0.8,2022-10-30,8,24,1575.6
split_rolling,0.8,2022-10-31,5,24,1580.37
split_rolling,0.8,2022-11-01,12,24,1587.4
split_rolling,0.8,2022-11-02,21,24,1606.12
split_rolling,0.8,2022-11-03,9,24,1599.82
split_rolling,0.8,2022-11-04,13,24,1606.12
split_rolling,0.8,2022-11-05,18,24,1620.46
split_rolling,0.8,2022-11-06,12,24,1620.09
split_rolling,0.8,2022-11-07,12,24,1625.75
split_rolling,0.8,2022-11-08,11,24,1652.13
split_rolling,0.8,2022-11-09,3,24,1674.04
split_rolling,0.8,2022-11-10,11,24,1699.43
split_rolling,0.8,2022-11-11,20,24,1736.38
split_rolling,0.8,2022-11-12,15,24,1747.36
split_rolling,0.8,2022-11-13,16,24,1747.36
split_rolling,0.8,2022-11-14,11,24,1740.46
split_rolling,0.8,2022-11-15,14,24,1746.7
split_rolling,0.8,2022-11-16,23,24,1761.03
split_rolling,0.8,2022-11-17,21,24,1769.77
split_rolling,0.8,2022-11-18,5,24,1758.23
split_rolling,0.8,2022-11-19,3,24,1760.62
split_rolling,0.8,2022-11-20,18,24,1785.1
split_rolling,0.8,2022-11-21,19,24,1827.81
split_rolling,0.8,2022-11-22,6,24,1832.6
split_rolling,0.8,2022-11-23,10,24,1830.06
split_rolling,0.8,2022-11-24,8,24,1849.38
split_rolling,0.8,2022-11-25,11,24,1873.19
split_rolling,0.8,2022-11-26,21,24,1919.78
split_rolling,0.8,2022-11-27,14,24,1956.58
split_rolling,0.8,2022-11-28,2,24,1962.49
split_rolling,0.8,2022-11-29,1,24,1972.64
split_rolling,0.8,2022-11-30,14,24,2037.88
split_rolling,0.8,2022-12-01,18,24,2137.3
split_rolling,0.8,2022-12-02,14,24,2161.69
split_rolling,0.8,2022-12-03,14,24,2168.2
split_rolling,0.8,2022-12-04,17,24,2208.86
split_rolling,0.8,2022-12-05,14,24,2224.88
split_rolling,0.8,2022-12-06,12,24,2245.37
split_rolling,0.8,2022-12-07,12,24,2269.27
split_rolling,0.8,2022-12-08,18,24,2307.02
split_rolling,0.8,2022-12-09,0,24,2339.84
split_rolling,0.8,2022-12-10,18,24,2354.31
split_rolling,0.8,2022-12-11,7,24,2457.75
split_rolling,0.8,2022-12-12,11,24,2481.81
split_rolling,0.8,2022-12-13,16,24,2514
split_rolling,0.8,2022-12-14,0,24,2561.83
split_rolling,0.8,2022-12-15,0,24,2586.31
split_rolling,0.8,2022-12-16,6,24,2651.38
split_rolling,0.8,2022-12-17,22,24,2732.77
split_rolling,0.8,2022-12-18,10,24,2812.37
split_rolling,0.8,2022-12-19,0,24,2812.37
split_rolling,0.8,2022-12-20,0,24,2870.12
split_rolling,0.8,2022-12-21,11,24,2977.36
split_rolling,0.8,2022-12-22,24,24,3094.63
split_rolling,0.8,2022-12-23,10,24,3174.87
split_rolling,0.8,2022-12-24,17,24,3174.87
split_rolling,0.8,2022-12-25,23,24,3231.44
split_rolling,0.8,2022-12-26,6,24,3255.84
split_rolling,0.8,2022-12-27,0,24,3258.08
split_rolling,0.8,2022-12-28,16,24,3345.53
split_rolling,0.8,2022-12-29,16,24,3446.52
split_rolling,0.8,2022-12-30,19,24,3476.69
split_rolling,0.8,2022-12-31,22,24,3521.91
split_rolling,0.8,2023-01-01,19,24,3537.09
split_rolling,0.8,2023-01-02,19,24,3537.09
split_rolling,0.8,2023-01-03,9,24,3554.87
split_rolling,0.8,2023-01-04,9,24,3576.81
split_rolling,0.8,2023-01-05,24,24,3654.26
split_rolling,0.8,2023-01-06,18,24,3723.59
split_rolling,0.8,2023-01-07,23,24,3723.59
split_rolling,0.8,2023-01-08,6,24,3771.17
split_rolling,0.8,2023-01-09,12,24,3774.77
split_rolling,0.8,2023-01-10,23,24,3851.59
split_rolling,0.8,2023-01-11,18,24,3884.85
split_rolling,0.8,2023-01-12,24,24,3885.48
split_rolling,0.8,2023-01-13,24,24,3903.69
split_rolling,0.8,2023-01-14,24,24,3903.69
split_rolling,0.8,2023-01-15,24,24,3903.69
split_rolling,0.8,2023-01-16,24,24,3903.69
split_rolling,0.8,2023-01-17,21,24,3903.69
split_rolling,0.8,2023-01-18,11,24,3903.69
split_rolling,0.8,2023-01-19,19,24,3913.02
split_rolling,0.8,2023-01-20,21,24,3955.68
split_rolling,0.8,2023-01-21,20,24,3993.47
split_rolling,0.8,2023-01-22,11,24,3999.5
split_rolling,0.8,2023-01-23,22,24,4007.38
split_rolling,0.8,2023-01-24,18,24,4105.47
split_rolling,0.8,2023-01-25,19,24,4115.27
split_rolling,0.8,2023-01-26,23,24,4157.8
split_rolling,0.8,2023-01-27,18,24,4229.94
split_rolling,0.8,2023-01-28,17,24,4229.94
split_rolling,0.8,2023-01-29,24,24,4267.66
split_rolling,0.8,2023-01-30,16,24,4295.28
split_rolling,0.8,2023-01-31,7,24,4247.68
split_rolling,0.8,2023-02-01,6,24,4288.09
split_rolling,0.8,2023-02-02,14,24,4393.67
split_rolling,0.8,2023-02-03,24,24,4434.31
split_rolling,0.8,2023-02-04,24,24,4527.65
split_rolling,0.8,2023-02-05,23,24,4527.65
split_rolling,0.8,2023-02-06,21,24,4509.56
split_rolling,0.8,2023-02-07,24,24,4527.65
split_rolling,0.8,2023-02-08,18,24,4533.59
split_rolling,0.8,2023-02-09,20,24,4494.73
split_rolling,0.8,2023-02-10,24,24,4533.59
split_rolling,0.8,2023-02-11,16,24,4547.66
split_rolling,0.8,2023-02-12,22,24,4547.66
split_rolling,0.8,2023-02-13,21,24,4599.31
split_rolling,0.8,2023-02-14,24,24,4612.24
split_rolling,0.8,2023-02-15,24,24,4617.69
split_rolling,0.8,2023-02-16,22,24,4617.69
split_rolling,0.8,2023-02-17,24,24,4617.69
split_rolling,0.8,2023-02-18,23,24,4617.69
split_rolling,0.8,2023-02-19,24,24,4577.89
split_rolling,0.8,2023-02-20,22,24,4599.31
split_rolling,0.8,2023-02-21,13,24,4599.31
split_rolling,0.8,2023-02-22,15,24,4577.21
split_rolling,0.8,2023-02-23,11,24,4640.84
split_rolling,0.8,2023-02-24,22,24,4640.84
split_rolling,0.8,2023-02-25,19,24,4710.15
split_rolling,0.8,2023-02-26,11,24,4723.4
split_rolling,0.8,2023-02-27,8,24,4741.4
split_rolling,0.8,2023-02-28,13,24,4740.03
split_rolling,0.8,2023-03-01,18,24,4795.89
split_rolling,0.8,2023-03-02,18,24,4873.8
split_rolling,0.8,2023-03-03,24,24,4893.04
split_rolling,0.8,2023-03-04,23,24,4911.72
split_rolling,0.8,2023-03-05,16,24,4909.13
split_rolling,0.8,2023-03-06,11,24,4902.19
split_rolling,0.8,2023-03-07,12,24,4930.85
split_rolling,0.8,2023-03-08,23,24,4957.44
split_rolling,0.8,2023-03-09,24,24,5044.8
split_rolling,0.8,2023-03-10,16,24,5047.99
split_rolling,0.8,2023-03-11,21,24,4945.01
split_rolling,0.8,2023-03-12,24,24,5030.89
split_rolling,0.8,2023-03-13,22,24,5030.89
split_rolling,0.8,2023-03-14,23,24,4999.89
split_rolling,0.8,2023-03-15,20,24,5030.89
split_rolling,0.8,2023-03-16,20,24,4902.19
split_rolling,0.8,2023-03-17,12,24,4798.42
split_rolling,0.8,2023-03-18,24,24,4795.89
split_rolling,0.8,2023-03-19,24,24,4843.74
split_rolling,0.8,2023-03-20,20,24,4813.28
split_rolling,0.8,2023-03-21,11,24,4689.64
split_rolling,0.8,2023-03-22,24,24,4568.64
split_rolling,0.8,2023-03-23,22,24,4613.15
split_rolling,0.8,2023-03-24,13,24,4613.15
split_rolling,0.8,2023-03-25,14,24,4599.31
split_rolling,0.8,2023-03-26,20,23,4639.22
split_rolling,0.8,2023-03-27,24,24,4736.7
split_rolling,0.8,2023-03-28,24,24,4613.15
split_rolling,0.8,2023-03-29,24,24,4502.28
split_rolling,0.8,2023-03-30,24,24,4488.83
split_rolling,0.8,2023-03-31,19,24,4469.03
split_rolling,0.8,2023-04-01,16,24,4441.51
split_rolling,0.8,2023-04-02,17,24,4469.03
split_rolling,0.8,2023-04-03,24,24,4490.25
split_rolling,0.8,2023-04-04,24,24,4523.23
split_rolling,0.8,2023-04-05,16,24,4446.46
split_rolling,0.8,2023-04-06,24,24,4424.02
split_rolling,0.8,2023-04-07,16,24,4459.26
split_rolling,0.8,2023-04-08,24,24,4441.51
split_rolling,0.8,2023-04-09,14,24,4488.83
split_rolling,0.8,2023-04-10,19,24,4414.16
split_rolling,0.8,2023-04-11,16,24,4402.48
split_rolling,0.8,2023-04-12,11,24,4424.84
split_rolling,0.8,2023-04-13,18,24,4441.51
split_rolling,0.8,2023-04-14,17,24,4509.56
split_rolling,0.8,2023-04-15,23,24,4549.56
split_rolling,0.8,2023-04-16,17,24,4564.7
split_rolling,0.8,2023-04-17,11,24,4568.64
split_rolling,0.8,2023-04-18,24,24,4604.37
split_rolling,0.8,2023-04-19,20,24,4675.83
split_rolling,0.8,2023-04-20,17,24,4648.14
split_rolling,0.8,2023-04-21,23,24,4648.69
split_rolling,0.8,2023-04-22,24,24,4675
split_rolling,0.8,2023-04-23,21,24,4664.11
split_rolling,0.8,2023-04-24,24,24,4596.36
split_rolling,0.8,2023-04-25,23,24,4596.98
split_rolling,0.8,2023-04-26,21,24,4583.88
split_rolling,0.8,2023-04-27,24,24,4557.32
split_rolling,0.8,2023-04-28,24,24,4574.92
split_rolling,0.8,2023-04-29,24,24,4554.34
split_rolling,0.8,2023-04-30,22,24,4551.49
split_rolling,0.8,2023-05-01,22,24,4551.49
split_rolling,0.8,2023-05-02,24,24,4531.8
split_rolling,0.8,2023-05-03,24,24,4446.46
split_rolling,0.8,2023-05-04,24,24,4365.48
split_rolling,0.8,2023-05-05,18,24,4284.44
split_rolling,0.8,2023-05-06,24,24,4284.44
split_rolling,0.8,2023-05-07,24,24,4303.12
split_rolling,0.8,2023-05-08,11,24,4298.36
split_rolling,0.8,2023-05-09,24,24,4296.13
split_rolling,0.8,2023-05-10,24,24,4377.88
split_rolling,0.8,2023-05-11,24,24,4321.95
split_rolling,0.8,2023-05-12,24,24,4296.6
split_rolling,0.8,2023-05-13,24,24,4296.6
split_rolling,0.8,2023-05-14,22,24,4257.61
split_rolling,0.8,2023-05-15,16,24,4256.13
split_rolling,0.8,2023-05-16,23,24,4251.87
split_rolling,0.8,2023-05-17,23,24,4282.96
split_rolling,0.8,2023-05-18,20,24,4282.96
split_rolling,0.8,2023-05-19,22,24,4277.83
split_rolling,0.8,2023-05-20,24,24,4296.13
split_rolling,0.8,2023-05-21,24,24,4296.6
split_rolling,0.8,2023-05-22,24,24,4296.6
split_rolling,0.8,2023-05-23,24,24,4265.03
split_rolling,0.8,2023-05-24,24,24,4221.98
split_rolling,0.8,2023-05-25,24,24,4179.18
split_rolling,0.8,2023-05-26,24,24,4140.66
split_rolling,0.8,2023-05-27,24,24,4132.4
split_rolling,0.8,2023-05-28,24,24,4103.57
split_rolling,0.8,2023-05-29,24,24,4047.65
split_rolling,0.8,2023-05-30,24,24,3964.3
split_rolling,0.8,2023-05-31,18,24,3920.67
split_rolling,0.8,2023-06-01,24,24,3897.5
split_rolling,0.8,2023-06-02,24,24,3884.9
split_rolling,0.8,2023-06-03,24,24,3850.42
split_rolling,0.8,2023-06-04,24,24,3842.64
split_rolling,0.8,2023-06-05,24,24,3779.21
split_rolling,0.8,2023-06-06,24,24,3726.7
split_rolling,0.8,2023-06-07,24,24,3658.83
split_rolling,0.8,2023-06-08,24,24,3608.39
split_rolling,0.8,2023-06-09,24,24,3599.49
split_rolling,0.8,2023-06-10,24,24,3579.22
split_rolling,0.8,2023-06-11,24,24,3545.68
split_rolling,0.8,2023-06-12,24,24,3520.16
split_rolling,0.8,2023-06-13,24,24,3478.54
split_rolling,0.8,2023-06-14,24,24,3452.86
split_rolling,0.8,2023-06-15,24,24,3417.97
split_rolling,0.8,2023-06-16,24,24,3388.69
split_rolling,0.8,2023-06-17,24,24,3336.2
split_rolling,0.8,2023-06-18,24,24,3325.18
split_rolling,0.8,2023-06-19,24,24,3317
split_rolling,0.8,2023-06-20,24,24,3287.53
split_rolling,0.8,2023-06-21,24,24,3266.71
split_rolling,0.8,2023-06-22,24,24,3266.71
split_rolling,0.8,2023-06-23,24,24,3232.23
split_rolling,0.8,2023-06-24,24,24,3129.97
split_rolling,0.8,2023-06-25,24,24,3065.92
split_rolling,0.8,2023-06-26,24,24,3022.42
split_rolling,0.8,2023-06-27,24,24,3010.73
split_rolling,0.8,2023-06-28,24,24,2995.75
split_rolling,0.8,2023-06-29,24,24,2995.75
split_rolling,0.8,2023-06-30,23,24,2968.76
split_rolling,0.8,2023-07-01,24,24,2916.92
split_rolling,0.8,2023-07-02,24,24,2868.31
split_rolling,0.8,2023-07-03,24,24,2831.77
split_rolling,0.8,2023-07-04,24,24,2827.74
split_rolling,0.8,2023-07-05,24,24,2827.35
split_rolling,0.8,2023-07-06,24,24,2781.25
split_rolling,0.8,2023-07-07,24,24,2779.29
split_rolling,0.8,2023-07-08,17,24,2695.22
split_rolling,0.8,2023-07-09,22,24,2675.93
split_rolling,0.8,2023-07-10,24,24,2661.93
split_rolling,0.8,2023-07-11,24,24,2626.36
split_rolling,0.8,2023-07-12,24,24,2570.36
split_rolling,0.8,2023-07-13,14,24,2523.89
split_rolling,0.8,2023-07-14,17,24,2459.69
split_rolling,0.8,2023-07-15,24,24,2459.69
split_rolling,0.8,2023-07-16,24,24,2455.79
split_rolling,0.8,2023-07-17,24,24,2414.19
split_rolling,0.8,2023-07-18,24,24,2333.76
split_rolling,0.8,2023-07-19,24,24,2313.15
split_rolling,0.8,2023-07-20,24,24,2267.62
split_rolling,0.8,2023-07-21,24,24,2228.88
split_rolling,0.8,2023-07-22,23,24,2213.1
split_rolling,0.8,2023-07-23,24,24,2196.61
split_rolling,0.8,2023-07-24,23,24,2144.51
split_rolling,0.8,2023-07-25,11,24,2127.3
split_rolling,0.8,2023-07-26,19,24,2087.69
split_rolling,0.8,2023-07-27,24,24,2078.81
split_rolling,0.8,2023-07-28,21,24,2078.25
split_rolling,0.8,2023-07-29,23,24,2053.25
split_rolling,0.8,2023-07-30,24,24,2053.25
split_rolling,0.8,2023-07-31,23,24,2032.24
split_rolling,0.8,2023-08-01,20,24,1997.39
split_rolling,0.8,2023-08-02,12,24,1997.39
split_rolling,0.8,2023-08-03,24,24,2007.52
split_rolling,0.8,2023-08-04,24,24,2003.37
split_rolling,0.8,2023-08-05,17,24,1963.18
split_rolling,0.8,2023-08-06,16,24,1916.01
split_rolling,0.8,2023-08-07,21,24,1897.28
split_rolling,0.8,2023-08-08,24,24,1871.17
split_rolling,0.8,2023-08-09,13,24,1852.05
split_rolling,0.8,2023-08-10,24,24,1825.85
split_rolling,0.8,2023-08-11,20,24,1841.66
split_rolling,0.8,2023-08-12,24,24,1819.96
split_rolling,0.8,2023-08-13,12,24,1811.44
split_rolling,0.8,2023-08-14,17,24,1779.52
split_rolling,0.8,2023-08-15,16,24,1775.48
split_rolling,0.8,2023-08-16,24,24,1774.26
split_rolling,0.8,2023-08-17,24,24,1755.24
split_rolling,0.8,2023-08-18,22,24,1743.47
split_rolling,0.8,2023-08-19,23,24,1729.73
split_rolling,0.8,2023-08-20,15,24,1686.58
split_rolling,0.8,2023-08-21,10,24,1674.37
split_rolling,0.8,2023-08-22,0,24,1675.6
split_rolling,0.8,2023-08-23,0,24,1695.72
split_rolling,0.8,2023-08-24,16,24,1743.47
split_rolling,0.8,2023-08-25,12,24,1774.92
split_rolling,0.8,2023-08-26,4,24,1774.26
split_rolling,0.8,2023-08-27,11,24,1789.31
split_rolling,0.8,2023-08-28,9,24,1810.15
split_rolling,0.8,2023-08-29,9,24,1819.47
split_rolling,0.8,2023-08-30,13,24,1841.48
split_rolling,0.8,2023-08-31,21,24,1830.16
split_rolling,0.8,2023-09-01,13,24,1819.47
split_rolling,0.8,2023-09-02,18,24,1815.11
split_rolling,0.8,2023-09-03,17,24,1838.16
split_rolling,0.8,2023-09-04,23,24,1836.33
split_rolling,0.8,2023-09-05,24,24,1847.41
split_rolling,0.8,2023-09-06,23,24,1838.16
split_rolling,0.8,2023-09-07,24,24,1834.97
split_rolling,0.8,2023-09-08,16,24,1835.88
split_rolling,0.8,2023-09-09,20,24,1834.97
split_rolling,0.8,2023-09-10,18,24,1850.17
split_rolling,0.8,2023-09-11,22,24,1850.39
split_rolling,0.8,2023-09-12,24,24,1857.63
split_rolling,0.8,2023-09-13,24,24,1850.39
split_rolling,0.8,2023-09-14,24,24,1850.39
split_rolling,0.8,2023-09-15,20,24,1850.39
split_rolling,0.8,2023-09-16,23,24,1850.39
split_rolling,0.8,2023-09-17,19,24,1859.09
split_rolling,0.8,2023-09-18,24,24,1859.55
split_rolling,0.8,2023-09-19,22,24,1860.79
split_rolling,0.8,2023-09-20,24,24,1860.79
split_rolling,0.8,2023-09-21,24,24,1863.06
split_rolling,0.8,2023-09-22,24,24,1863.06
split_rolling,0.8,2023-09-23,17,24,1863.06
split_rolling,0.8,2023-09-24,22,24,1863.06
split_rolling,0.8,2023-09-25,21,24,1869.11
split_rolling,0.8,2023-09-26,20,24,1869.11
split_rolling,0.8,2023-09-27,24,24,1863.98
split_rolling,0.8,2023-09-28,24,24,1866.47
split_rolling,0.8,2023-09-29,23,24,1866.47
split_rolling,0.8,2023-09-30,18,24,1859.55
split_rolling,0.8,2023-10-01,17,24,1860.57
split_rolling,0.8,2023-10-02,22,24,1869.11
split_rolling,0.8,2023-10-03,17,24,1879.67
split_rolling,0.8,2023-10-04,24,24,1869.11
split_rolling,0.8,2023-10-05,24,24,1866.47
split_rolling,0.8,2023-10-06,23,24,1866.47
split_rolling,0.8,2023-10-07,24,24,1859.55
split_rolling,0.8,2023-10-08,24,24,1835.88
split_rolling,0.8,2023-10-09,22,24,1815.92
split_rolling,0.8,2023-10-10,23,24,1812.26
split_rolling,0.8,2023-10-11,24,24,1814.76
split_rolling,0.8,2023-10-12,23,24,1812.26
split_rolling,0.8,2023-10-13,22,24,1776.4
split_rolling,0.8,2023-10-14,24,24,1734.69
split_rolling,0.8,2023-10-15,19,24,1736.87
split_rolling,0.8,2023-10-16,18,24,1736.87
split_rolling,0.8,2023-10-17,23,24,1749.51
split_rolling,0.8,2023-10-18,17,24,1767.97
split_rolling,0.8,2023-10-19,19,24,1776.4
split_rolling,0.8,2023-10-20,24,24,1785.79
split_rolling,0.8,2023-10-21,24,24,1796.33
split_rolling,0.8,2023-10-22,23,24,1790.11
split_rolling,0.8,2023-10-23,17,24,1790.11
split_rolling,0.8,2023-10-24,7,24,1783.86
split_rolling,0.8,2023-10-25,7,24,1776.4
split_rolling,0.8,2023-10-26,16,24,1779.19
split_rolling,0.8,2023-10-27,24,24,1830.44
split_rolling,0.8,2023-10-28,24,24,1834.97
split_rolling,0.8,2023-10-29,16,24,1830.44
split_rolling,0.8,2023-10-30,10,24,1822.14
split_rolling,0.8,2023-10-31,11,24,1847.18
split_rolling,0.8,2023-11-01,19,24,1863.06
split_rolling,0.8,2023-11-02,18,24,1863.06
split_rolling,0.8,2023-11-03,19,24,1875.01
split_rolling,0.8,2023-11-04,15,24,1885.22
split_rolling,0.8,2023-11-05,19,24,1879.67
split_rolling,0.8,2023-11-06,17,24,1882.04
split_rolling,0.8,2023-11-07,7,24,1885.22
split_rolling,0.8,2023-11-08,0,24,1915.27
split_rolling,0.8,2023-11-09,15,24,1945.13
split_rolling,0.8,2023-11-10,22,24,1997.76
split_rolling,0.8,2023-11-11,4,24,2024.02
split_rolling,0.8,2023-11-12,12,24,2042.05
split_rolling,0.8,2023-11-13,7,24,2095.55
split_rolling,0.8,2023-11-14,21,24,2105.96
split_rolling,0.8,2023-11-15,12,24,2136.99
split_rolling,0.8,2023-11-16,16,24,2154.59
split_rolling,0.8,2023-11-17,9,24,2199.08
split_rolling,0.8,2023-11-18,21,24,2224.63
split_rolling,0.8,2023-11-19,10,24,2270.99
split_rolling,0.8,2023-11-20,24,24,2264.7
split_rolling,0.8,2023-11-21,17,24,2270.99
split_rolling,0.8,2023-11-22,22,24,2185.13
split_rolling,0.8,2023-11-23,13,24,2136.99
split_rolling,0.8,2023-11-24,23,24,2121.7
split_rolling,0.8,2023-11-25,14,24,2121
split_rolling,0.8,2023-11-26,9,24,2094.21
split_rolling,0.8,2023-11-27,19,24,2085.45
split_rolling,0.8,2023-11-28,5,24,2086.35
split_rolling,0.8,2023-11-29,8,24,2054.95
split_rolling,0.8,2023-11-30,2,24,2087.93
split_rolling,0.8,2023-12-01,10,24,2108.61
split_rolling,0.8,2023-12-02,9,24,2159.43
split_rolling,0.8,2023-12-03,2,24,2190.38
split_rolling,0.8,2023-12-04,18,24,2224.63
split_rolling,0.8,2023-12-05,13,24,2282.34
split_rolling,0.8,2023-12-06,18,24,2297.2
split_rolling,0.8,2023-12-07,0,24,2344.29
split_rolling,0.8,2023-12-08,15,24,2366.79
split_rolling,0.8,2023-12-09,17,24,2447.79
split_rolling,0.8,2023-12-10,11,24,2477.23
split_rolling,0.8,2023-12-11,16,24,2490.79
split_rolling,0.8,2023-12-12,23,24,2535.07
split_rolling,0.8,2023-12-13,10,24,2559.25
split_rolling,0.8,2023-12-14,8,24,2569.08
split_rolling,0.8,2023-12-15,20,24,2607.35
split_rolling,0.8,2023-12-16,15,24,2654.51
split_rolling,0.8,2023-12-17,1,24,2662.7
split_rolling,0.8,2023-12-18,0,24,2696.11
split_rolling,0.8,2023-12-19,3,24,2806.22
split_rolling,0.8,2023-12-20,14,24,2894.91
split_rolling,0.8,2023-12-21,16,24,2983.37
split_rolling,0.8,2023-12-22,6,24,3054.83
split_rolling,0.8,2023-12-23,22,24,3080.75
split_rolling,0.8,2023-12-24,12,24,3172.47
split_rolling,0.8,2023-12-25,18,24,3177.19
split_rolling,0.8,2023-12-26,7,24,3248.76
split_rolling,0.8,2023-12-27,22,24,3278.53
split_rolling,0.8,2023-12-28,23,24,3388.04
split_rolling,0.8,2023-12-29,24,24,3391.67
split_rolling,0.8,2023-12-30,21,24,3393.81
split_rolling,0.8,2023-12-31,17,24,3393.81
split_rolling,0.8,2024-01-01,12,24,3404.52
split_rolling,0.8,2024-01-02,13,24,3426.14
split_rolling,0.8,2024-01-03,17,24,3465.06
split_rolling,0.8,2024-01-04,21,24,3501.77
split_rolling,0.8,2024-01-05,24,24,3556.37
split_rolling,0.8,2024-01-06,11,24,3561.56
split_rolling,0.8,2024-01-07,20,24,3561.56
split_rolling,0.8,2024-01-08,6,24,3613.21
split_rolling,0.8,2024-01-09,0,24,3627.69
split_rolling,0.8,2024-01-10,23,24,3699.16
split_rolling,0.8,2024-01-11,14,24,3781.73
split_rolling,0.8,2024-01-12,6,24,3796.66
split_rolling,0.8,2024-01-13,13,24,3853.18
split_rolling,0.8,2024-01-14,21,24,3954.05
split_rolling,0.8,2024-01-15,3,24,4007.49
split_rolling,0.8,2024-01-16,9,24,4020.84
split_rolling,0.8,2024-01-17,4,24,4125.63
split_rolling,0.8,2024-01-18,9,24,4211.91
split_rolling,0.8,2024-01-19,16,24,4330.05
split_rolling,0.8,2024-01-20,12,24,4421.55
split_rolling,0.8,2024-01-21,19,24,4441.44
split_rolling,0.8,2024-01-22,21,24,4531.46
split_rolling,0.8,2024-01-23,21,24,4574.64
split_rolling,0.8,2024-01-24,17,24,4574.64
split_rolling,0.8,2024-01-25,23,24,4584.41
split_rolling,0.8,2024-01-26,17,24,4605.3
split_rolling,0.8,2024-01-27,24,24,4606.41
split_rolling,0.8,2024-01-28,24,24,4634.42
split_rolling,0.8,2024-01-29,15,24,4633.52
split_rolling,0.8,2024-01-30,16,24,4623.35
split_rolling,0.8,2024-01-31,24,24,4667.48
split_rolling,0.8,2024-02-01,23,24,4687.72
split_rolling,0.8,2024-02-02,24,24,4684.55
split_rolling,0.8,2024-02-03,16,24,4687.72
split_rolling,0.8,2024-02-04,13,24,4687.72
split_rolling,0.8,2024-02-05,12,24,4735.7
split_rolling,0.8,2024-02-06,13,24,4812.51
split_rolling,0.8,2024-02-07,24,24,4845.24
split_rolling,0.8,2024-02-08,24,24,4841.87
split_rolling,0.8,2024-02-09,24,24,4837.98
split_rolling,0.8,2024-02-10,22,24,4837.98
split_rolling,0.8,2024-02-11,24,24,4771.66
split_rolling,0.8,2024-02-12,17,24,4798.14
split_rolling,0.8,2024-02-13,21,24,4771.66
split_rolling,0.8,2024-02-14,13,24,4823.46
split_rolling,0.8,2024-02-15,24,24,4823.46
split_rolling,0.8,2024-02-16,23,24,4862.69
split_rolling,0.8,2024-02-17,24,24,4850.28
split_rolling,0.8,2024-02-18,24,24,4853.96
split_rolling,0.8,2024-02-19,24,24,4837.98
split_rolling,0.8,2024-02-20,24,24,4837.98
split_rolling,0.8,2024-02-21,14,24,4837.98
split_rolling,0.8,2024-02-22,14,24,4837.98
split_rolling,0.8,2024-02-23,19,24,4867.53
split_rolling,0.8,2024-02-24,23,24,4927.36
split_rolling,0.8,2024-02-25,24,24,4953.27
split_rolling,0.8,2024-02-26,23,24,4935.47
split_rolling,0.8,2024-02-27,24,24,4935.47
split_rolling,0.8,2024-02-28,24,24,4923.07
split_rolling,0.8,2024-02-29,12,24,4915.24
split_rolling,0.8,2024-03-01,24,24,4868.17
split_rolling,0.8,2024-03-02,24,24,4904.44
split_rolling,0.8,2024-03-03,19,24,4867.53
split_rolling,0.8,2024-03-04,18,24,4845.18
split_rolling,0.8,2024-03-05,13,24,4867.53
split_rolling,0.8,2024-03-06,22,24,4904.44
split_rolling,0.8,2024-03-07,22,24,4954.33
split_rolling,0.8,2024-03-08,21,24,4865.79
split_rolling,0.8,2024-03-09,20,24,4862.69
split_rolling,0.8,2024-03-10,23,24,4865.79
split_rolling,0.8,2024-03-11,24,24,4875.24
split_rolling,0.8,2024-03-12,22,24,4885.75
split_rolling,0.8,2024-03-13,24,24,4885.75
split_rolling,0.8,2024-03-14,22,24,4867.53
split_rolling,0.8,2024-03-15,24,24,4867.53
split_rolling,0.8,2024-03-16,24,24,4868.17
split_rolling,0.8,2024-03-17,21,24,4853.94
split_rolling,0.8,2024-03-18,16,24,4739.19
split_rolling,0.8,2024-03-19,13,24,4667.82
split_rolling,0.8,2024-03-20,20,24,4634.81
split_rolling,0.8,2024-03-21,23,24,4669.34
split_rolling,0.8,2024-03-22,24,24,4673.97
split_rolling,0.8,2024-03-23,24,24,4654.41
split_rolling,0.8,2024-03-24,23,24,4654.41
split_rolling,0.8,2024-03-25,23,24,4629.63
split_rolling,0.8,2024-03-26,9,24,4618.88
split_rolling,0.8,2024-03-27,10,24,4561.95
split_rolling,0.8,2024-03-28,14,24,4654.41
split_rolling,0.8,2024-03-29,20,24,4719.42
split_rolling,0.8,2024-03-30,24,24,4775
split_rolling,0.8,2024-03-31,21,23,4808.34
split_rolling,0.8,2024-04-01,24,24,4798.14
split_rolling,0.8,2024-04-02,24,24,4791.25
split_rolling,0.8,2024-04-03,24,24,4744.19
split_rolling,0.8,2024-04-04,24,24,4723.14
split_rolling,0.8,2024-04-05,22,24,4723.14
split_rolling,0.8,2024-04-06,24,24,4723.14
split_rolling,0.8,2024-04-07,23,24,4695.69
split_rolling,0.8,2024-04-08,24,24,4690.55
split_rolling,0.8,2024-04-09,1,24,4593.69
split_rolling,0.8,2024-04-10,24,24,4492.44
split_rolling,0.8,2024-04-11,23,24,4592.01
split_rolling,0.8,2024-04-12,23,24,4551
split_rolling,0.8,2024-04-13,24,24,4495.07
split_rolling,0.8,2024-04-14,24,24,4446.94
split_rolling,0.8,2024-04-15,24,24,4437.28
split_rolling,0.8,2024-04-16,22,24,4281.18
split_rolling,0.8,2024-04-17,11,24,4214.96
split_rolling,0.8,2024-04-18,24,24,4078.66
split_rolling,0.8,2024-04-19,22,24,4070.03
split_rolling,0.8,2024-04-20,24,24,4036.84
split_rolling,0.8,2024-04-21,22,24,3981.95
split_rolling,0.8,2024-04-22,22,24,3949.26
split_rolling,0.8,2024-04-23,24,24,3945.7
split_rolling,0.8,2024-04-24,23,24,3936.37
split_rolling,0.8,2024-04-25,23,24,3903.65
split_rolling,0.8,2024-04-26,22,24,3903.65
split_rolling,0.8,2024-04-27,12,24,3864.96
split_rolling,0.8,2024-04-28,9,24,3872.99
split_rolling,0.8,2024-04-29,24,24,3911.69
split_rolling,0.8,2024-04-30,23,24,3912.69
split_rolling,0.8,2024-05-01,18,24,3873.98
split_rolling,0.8,2024-05-02,21,24,3881.19
split_rolling,0.8,2024-05-03,17,24,3899.04
split_rolling,0.8,2024-05-04,24,24,3909.75
split_rolling,0.8,2024-05-05,24,24,3896.7
split_rolling,0.8,2024-05-06,20,24,3846.8
split_rolling,0.8,2024-05-07,23,24,3753.38
split_rolling,0.8,2024-05-08,23,24,3718
split_rolling,0.8,2024-05-09,22,24,3705.92
split_rolling,0.8,2024-05-10,11,24,3708.6
split_rolling,0.8,2024-05-11,14,24,3717.85
split_rolling,0.8,2024-05-12,24,24,3733.5
split_rolling,0.8,2024-05-13,24,24,3783.27
split_rolling,0.8,2024-05-14,24,24,3733.5
split_rolling,0.8,2024-05-15,8,24,3705.92
split_rolling,0.8,2024-05-16,24,24,3627.15
split_rolling,0.8,2024-05-17,24,24,3705.92
split_rolling,0.8,2024-05-18,16,24,3694.17
split_rolling,0.8,2024-05-19,24,24,3689.04
split_rolling,0.8,2024-05-20,21,24,3717.85
split_rolling,0.8,2024-05-21,21,24,3717.85
split_rolling,0.8,2024-05-22,24,24,3727.39
split_rolling,0.8,2024-05-23,24,24,3677.17
split_rolling,0.8,2024-05-24,24,24,3610.7
split_rolling,0.8,2024-05-25,24,24,3583.16
split_rolling,0.8,2024-05-26,24,24,3575.77
split_rolling,0.8,2024-05-27,22,24,3561.85
split_rolling,0.8,2024-05-28,24,24,3560.59
split_rolling,0.8,2024-05-29,24,24,3561.85
split_rolling,0.8,2024-05-30,24,24,3561.85
split_rolling,0.8,2024-05-31,24,24,3529.05
split_rolling,0.8,2024-06-01,24,24,3523.58
split_rolling,0.8,2024-06-02,22,24,3523.58
split_rolling,0.8,2024-06-03,24,24,3473.54
split_rolling,0.8,2024-06-04,24,24,3450.08
split_rolling,0.8,2024-06-05,24,24,3395.65
split_rolling,0.8,2024-06-06,24,24,3364.4
split_rolling,0.8,2024-06-07,24,24,3335.17
split_rolling,0.8,2024-06-08,23,24,3283.42
split_rolling,0.8,2024-06-09,24,24,3264.55
split_rolling,0.8,2024-06-10,23,24,3239.6
split_rolling,0.8,2024-06-11,24,24,3225.73
split_rolling,0.8,2024-06-12,24,24,3213.62
split_rolling,0.8,2024-06-13,24,24,3213.62
split_rolling,0.8,2024-06-14,24,24,3169.73
split_rolling,0.8,2024-06-15,24,24,3146.78
split_rolling,0.8,2024-06-16,24,24,3134
split_rolling,0.8,2024-06-17,24,24,3106.82
split_rolling,0.8,2024-06-18,24,24,3050.35
split_rolling,0.8,2024-06-19,24,24,2983.95
split_rolling,0.8,2024-06-20,24,24,2971.31
split_rolling,0.8,2024-06-21,24,24,2942.59
split_rolling,0.8,2024-06-22,24,24,2927.62
split_rolling,0.8,2024-06-23,24,24,2902.07
split_rolling,0.8,2024-06-24,24,24,2882.82
split_rolling,0.8,2024-06-25,24,24,2867.05
split_rolling,0.8,2024-06-26,24,24,2798.19
split_rolling,0.8,2024-06-27,24,24,2740.93
split_rolling,0.8,2024-06-28,24,24,2675.65
split_rolling,0.8,2024-06-29,24,24,2626.34
split_rolling,0.8,2024-06-30,24,24,2592.62
split_rolling,0.8,2024-07-01,24,24,2562.39
split_rolling,0.8,2024-07-02,23,24,2549.53
split_rolling,0.8,2024-07-03,20,24,2535.92
split_rolling,0.8,2024-07-04,24,24,2530.25
split_rolling,0.8,2024-07-05,24,24,2532.34
split_rolling,0.8,2024-07-06,24,24,2484.6
split_rolling,0.8,2024-07-07,24,24,2463.33
split_rolling,0.8,2024-07-08,24,24,2454.68
split_rolling,0.8,2024-07-09,22,24,2430.93
split_rolling,0.8,2024-07-10,24,24,2370.78
split_rolling,0.8,2024-07-11,23,24,2368.58
split_rolling,0.8,2024-07-12,24,24,2349.61
split_rolling,0.8,2024-07-13,24,24,2330.69
split_rolling,0.8,2024-07-14,24,24,2317
split_rolling,0.8,2024-07-15,24,24,2317
split_rolling,0.8,2024-07-16,24,24,2267.3
split_rolling,0.8,2024-07-17,24,24,2249.88
split_rolling,0.8,2024-07-18,24,24,2190.59
split_rolling,0.8,2024-07-19,24,24,2181.82
split_rolling,0.8,2024-07-20,24,24,2154.78
split_rolling,0.8,2024-07-21,24,24,2145.63
split_rolling,0.8,2024-07-22,10,24,2100.12
split_rolling,0.8,2024-07-23,22,24,2067.06
split_rolling,0.8,2024-07-24,24,24,2100.12
split_rolling,0.8,2024-07-25,22,24,2086.1
split_rolling,0.8,2024-07-26,24,24,2068.91
split_rolling,0.8,2024-07-27,24,24,2035.28
split_rolling,0.8,2024-07-28,14,24,1990.99
split_rolling,0.8,2024-07-29,19,24,1942
split_rolling,0.8,2024-07-30,20,24,1938.1
split_rolling,0.8,2024-07-31,24,24,1898.79
split_rolling,0.8,2024-08-01,23,24,1882.69
split_rolling,0.8,2024-08-02,10,24,1836.92
split_rolling,0.8,2024-08-03,8,24,1807.03
split_rolling,0.8,2024-08-04,23,24,1836.76
split_rolling,0.8,2024-08-05,14,24,1862.13
split_rolling,0.8,2024-08-06,20,24,1823.55
split_rolling,0.8,2024-08-07,24,24,1828.8
split_rolling,0.8,2024-08-08,24,24,1808.09
split_rolling,0.8,2024-08-09,17,24,1780.43
split_rolling,0.8,2024-08-10,12,24,1720.07
split_rolling,0.8,2024-08-11,21,24,1694.13
split_rolling,0.8,2024-08-12,14,24,1704.87
split_rolling,0.8,2024-08-13,17,24,1700.23
split_rolling,0.8,2024-08-14,10,24,1701.86
split_rolling,0.8,2024-08-15,16,24,1677.68
split_rolling,0.8,2024-08-16,5,24,1680.97
split_rolling,0.8,2024-08-17,12,24,1684.02
split_rolling,0.8,2024-08-18,13,24,1682.82
split_rolling,0.8,2024-08-19,2,24,1684.02
split_rolling,0.8,2024-08-20,22,24,1693.98
split_rolling,0.8,2024-08-21,18,24,1704.61
split_rolling,0.8,2024-08-22,17,24,1701.86
split_rolling,0.8,2024-08-23,19,24,1706.57
split_rolling,0.8,2024-08-24,21,24,1721.29
split_rolling,0.8,2024-08-25,22,24,1721.29
split_rolling,0.8,2024-08-26,23,24,1720.07
split_rolling,0.8,2024-08-27,15,24,1694.13
split_rolling,0.8,2024-08-28,24,24,1689.68
split_rolling,0.8,2024-08-29,21,24,1693.98
split_rolling,0.8,2024-08-30,22,24,1693.98
split_rolling,0.8,2024-08-31,24,24,1695.42
split_rolling,0.8,2024-09-01,9,24,1689.68
split_rolling,0.8,2024-09-02,24,24,1660.92
split_rolling,0.8,2024-09-03,22,24,1680.97
split_rolling,0.8,2024-09-04,16,24,1680.97
split_rolling,0.8,2024-09-05,18,24,1675.4
split_rolling,0.8,2024-09-06,19,24,1684.02
split_rolling,0.8,2024-09-07,24,24,1694.13
split_rolling,0.8,2024-09-08,17,24,1677.68
split_rolling,0.8,2024-09-09,19,24,1648.99
split_rolling,0.8,2024-09-10,22,24,1649.01
split_rolling,0.8,2024-09-11,23,24,1652.82
split_rolling,0.8,2024-09-12,22,24,1660.92
split_rolling,0.8,2024-09-13,23,24,1662.92
split_rolling,0.8,2024-09-14,23,24,1669.4
split_rolling,0.8,2024-09-15,24,24,1649.01
split_rolling,0.8,2024-09-16,20,24,1636.43
split_rolling,0.8,2024-09-17,24,24,1636.43
split_rolling,0.8,2024-09-18,23,24,1631.58
split_rolling,0.8,2024-09-19,14,24,1620.67
split_rolling,0.8,2024-09-20,17,24,1624.65
split_rolling,0.8,2024-09-21,21,24,1632.05
split_rolling,0.8,2024-09-22,15,24,1648.71
split_rolling,0.8,2024-09-23,17,24,1652.82
split_rolling,0.8,2024-09-24,24,24,1675.4
split_rolling,0.8,2024-09-25,21,24,1677.68
split_rolling,0.8,2024-09-26,9,24,1670.57
split_rolling,0.8,2024-09-27,20,24,1677.68
split_rolling,0.8,2024-09-28,21,24,1699.47
split_rolling,0.8,2024-09-29,19,24,1706.57
split_rolling,0.8,2024-09-30,6,24,1713.21
split_rolling,0.8,2024-10-01,5,24,1706.57
split_rolling,0.8,2024-10-02,23,24,1721.29
split_rolling,0.8,2024-10-03,24,24,1737.53
split_rolling,0.8,2024-10-04,13,24,1732.37
split_rolling,0.8,2024-10-05,20,24,1730.23
split_rolling,0.8,2024-10-06,13,24,1756.22
split_rolling,0.8,2024-10-07,10,24,1764.38
split_rolling,0.8,2024-10-08,24,24,1785.17
split_rolling,0.8,2024-10-09,24,24,1812.19
split_rolling,0.8,2024-10-10,23,24,1812.19
split_rolling,0.8,2024-10-11,15,24,1797.28
split_rolling,0.8,2024-10-12,13,24,1802.36
split_rolling,0.8,2024-10-13,12,24,1821.69
split_rolling,0.8,2024-10-14,20,24,1845.84
split_rolling,0.8,2024-10-15,22,24,1879.62
split_rolling,0.8,2024-10-16,12,24,1883.36
split_rolling,0.8,2024-10-17,22,24,1890.34
split_rolling,0.8,2024-10-18,23,24,1910.68
split_rolling,0.8,2024-10-19,20,24,1921.38
split_rolling,0.8,2024-10-20,22,24,1923.16
split_rolling,0.8,2024-10-21,15,24,1927.37
split_rolling,0.8,2024-10-22,20,24,1890.66
split_rolling,0.8,2024-10-23,9,24,1902.4
split_rolling,0.8,2024-10-24,23,24,1916.12
split_rolling,0.8,2024-10-25,11,24,1943.73
split_rolling,0.8,2024-10-26,24,24,1943.73
split_rolling,0.8,2024-10-27,20,24,1968.53
split_rolling,0.8,2024-10-28,6,24,1946.1
split_rolling,0.8,2024-10-29,8,24,1945.89
split_rolling,0.8,2024-10-30,18,24,1983.82
split_rolling,0.8,2024-10-31,16,24,2021.74
split_rolling,0.8,2024-11-01,11,24,2028.85
split_rolling,0.8,2024-11-02,14,24,2020.25
split_rolling,0.8,2024-11-03,9,24,2017.36
split_rolling,0.8,2024-11-04,8,24,2030.77
split_rolling,0.8,2024-11-05,19,24,2043.21
split_rolling,0.8,2024-11-06,13,24,2066.45
split_rolling,0.8,2024-11-07,17,24,2075.96
split_rolling,0.8,2024-11-08,7,24,2109.11
split_rolling,0.8,2024-11-09,11,24,2109.26
split_rolling,0.8,2024-11-10,9,24,2155.34
split_rolling,0.8,2024-11-11,9,24,2181.24
split_rolling,0.8,2024-11-12,17,24,2188.55
split_rolling,0.8,2024-11-13,22,24,2236.8
split_rolling,0.8,2024-11-14,13,24,2225.87
split_rolling,0.8,2024-11-15,17,24,2228.23
split_rolling,0.8,2024-11-16,22,24,2225.16
split_rolling,0.8,2024-11-17,22,24,2212.93
split_rolling,0.8,2024-11-18,16,24,2184.54
split_rolling,0.8,2024-11-19,10,24,2155.34
split_rolling,0.8,2024-11-20,3,24,2168.93
split_rolling,0.8,2024-11-21,13,24,2185.2
split_rolling,0.8,2024-11-22,7,24,2252.08
split_rolling,0.8,2024-11-23,12,24,2264.3
split_rolling,0.8,2024-11-24,0,24,2307.15
split_rolling,0.8,2024-11-25,0,24,2360.53
split_rolling,0.8,2024-11-26,12,24,2421.81
split_rolling,0.8,2024-11-27,10,24,2500.08
split_rolling,0.8,2024-11-28,0,24,2528.65
split_rolling,0.8,2024-11-29,13,24,2581.41
split_rolling,0.8,2024-11-30,12,24,2668.79
split_rolling,0.8,2024-12-01,13,24,2698.92
split_rolling,0.8,2024-12-02,13,24,2705.32
split_rolling,0.8,2024-12-03,21,24,2725.82
split_rolling,0.8,2024-12-04,11,24,2755.54
split_rolling,0.8,2024-12-05,7,24,2772.77
split_rolling,0.8,2024-12-06,6,24,2821.5
split_rolling,0.8,2024-12-07,11,24,2858.94
split_rolling,0.8,2024-12-08,3,24,2921.5
split_rolling,0.8,2024-12-09,17,24,2969.69
split_rolling,0.8,2024-12-10,21,24,3035.89
split_rolling,0.8,2024-12-11,22,24,3047.94
split_rolling,0.8,2024-12-12,22,24,3057.07
split_rolling,0.8,2024-12-13,15,24,3064.15
split_rolling,0.8,2024-12-14,22,24,3068.1
split_rolling,0.8,2024-12-15,0,24,3076.81
split_rolling,0.8,2024-12-16,15,24,3090.6
split_rolling,0.8,2024-12-17,11,24,3149.62
split_rolling,0.8,2024-12-18,11,24,3163.41
split_rolling,0.8,2024-12-19,9,24,3208.84
split_rolling,0.8,2024-12-20,18,24,3259.49
split_rolling,0.8,2024-12-21,17,24,3353.03
split_rolling,0.8,2024-12-22,15,24,3412.96
split_rolling,0.8,2024-12-23,10,24,3429.18
split_rolling,0.8,2024-12-24,5,24,3478.67
split_rolling,0.8,2024-12-25,7,24,3519.51
split_rolling,0.8,2024-12-26,6,24,3611.04
split_rolling,0.8,2024-12-27,16,24,3664.26
split_rolling,0.8,2024-12-28,3,24,3733.86
split_rolling,0.8,2024-12-29,24,24,3755.9
split_rolling,0.8,2024-12-30,22,24,3832.79
split_rolling,0.8,2024-12-31,10,24,3832.79
split_rolling,0.8,2025-01-01,17,24,3832.79
split_rolling,0.8,2025-01-02,16,24,3877.75
split_rolling,0.8,2025-01-03,6,24,3899.54
split_rolling,0.8,2025-01-04,13,24,3949.93
split_rolling,0.8,2025-01-05,23,24,4029.07
split_rolling,0.8,2025-01-06,24,24,4087.09
split_rolling,0.8,2025-01-07,18,24,4087.4
split_rolling,0.8,2025-01-08,16,24,4087.4
split_rolling,0.8,2025-01-09,23,24,4106.12
split_rolling,0.8,2025-01-10,16,24,4134.01
split_rolling,0.8,2025-01-11,16,24,4135.7
split_rolling,0.8,2025-01-12,4,24,4171.36
split_rolling,0.8,2025-01-13,9,24,4194.16
split_rolling,0.8,2025-01-14,7,24,4319.44
split_rolling,0.8,2025-01-15,10,24,4397.06
split_rolling,0.8,2025-01-16,24,24,4530.98
split_rolling,0.8,2025-01-17,24,24,4661.44
split_rolling,0.8,2025-01-18,5,24,4661.44
split_rolling,0.8,2025-01-19,20,24,4661.44
split_rolling,0.8,2025-01-20,13,24,4765.3
split_rolling,0.8,2025-01-21,18,24,4790.39
split_rolling,0.8,2025-01-22,7,24,4906.98
split_rolling,0.8,2025-01-23,24,24,4928.02
split_rolling,0.8,2025-01-24,24,24,4993.3
split_rolling,0.8,2025-01-25,10,24,4993.3
split_rolling,0.8,2025-01-26,20,24,4993.3
split_rolling,0.8,2025-01-27,22,24,5107.79
split_rolling,0.8,2025-01-28,24,24,5123.26
split_rolling,0.8,2025-01-29,24,24,5132.48
split_rolling,0.8,2025-01-30,24,24,5132.48
split_rolling,0.8,2025-01-31,24,24,5132.48
split_rolling,0.8,2025-02-01,24,24,5131.94
split_rolling,0.8,2025-02-02,24,24,5131.94
split_rolling,0.8,2025-02-03,22,24,5131.94
split_rolling,0.8,2025-02-04,24,24,5123.26
split_rolling,0.8,2025-02-05,24,24,5132.48
split_rolling,0.8,2025-02-06,24,24,5132.48
split_rolling,0.8,2025-02-07,24,24,5132.48
split_rolling,0.8,2025-02-08,24,24,5107.79
split_rolling,0.8,2025-02-09,23,24,5107.79
split_rolling,0.8,2025-02-10,20,24,5051.81
split_rolling,0.8,2025-02-11,24,24,5017.37
split_rolling,0.8,2025-02-12,16,24,5048.74
split_rolling,0.8,2025-02-13,23,24,5048.74
split_rolling,0.8,2025-02-14,19,24,5123.26
split_rolling,0.8,2025-02-15,21,24,5123.26
split_rolling,0.8,2025-02-16,23,24,5156.27
split_rolling,0.8,2025-02-17,12,24,5176.1
split_rolling,0.8,2025-02-18,16,24,5178.42
split_rolling,0.8,2025-02-19,24,24,5209.43
split_rolling,0.8,2025-02-20,20,24,5215.21
split_rolling,0.8,2025-02-21,24,24,5185.34
split_rolling,0.8,2025-02-22,24,24,5198.09
split_rolling,0.8,2025-02-23,21,24,5178.42
split_rolling,0.8,2025-02-24,24,24,5034.02
split_rolling,0.8,2025-02-25,24,24,4946.17
split_rolling,0.8,2025-02-26,18,24,4932.61
split_rolling,0.8,2025-02-27,22,24,4932.26
split_rolling,0.8,2025-02-28,22,24,4919.95
split_rolling,0.8,2025-03-01,23,24,4924.6
split_rolling,0.8,2025-03-02,24,24,4928.02
split_rolling,0.8,2025-03-03,20,24,4924.6
split_rolling,0.8,2025-03-04,14,24,4924.6
split_rolling,0.8,2025-03-05,20,24,4931.02
split_rolling,0.8,2025-03-06,24,24,4973.78
split_rolling,0.8,2025-03-07,24,24,4932.26
split_rolling,0.8,2025-03-08,24,24,4924.6
split_rolling,0.8,2025-03-09,16,24,4830.74
split_rolling,0.8,2025-03-10,17,24,4745.46
split_rolling,0.8,2025-03-11,17,24,4789.03
split_rolling,0.8,2025-03-12,12,24,4829.17
split_rolling,0.8,2025-03-13,12,24,4918.22
split_rolling,0.8,2025-03-14,20,24,4946.17
split_rolling,0.8,2025-03-15,21,24,4974.02
split_rolling,0.8,2025-03-16,24,24,5003.24
split_rolling,0.8,2025-03-17,24,24,4961.71
split_rolling,0.8,2025-03-18,24,24,4932.61
split_rolling,0.8,2025-03-19,19,24,4890.69
split_rolling,0.8,2025-03-20,24,24,4814.96
split_rolling,0.8,2025-03-21,24,24,4808.11
split_rolling,0.8,2025-03-22,24,24,4785.17
split_rolling,0.8,2025-03-23,20,24,4777.82
split_rolling,0.8,2025-03-24,17,24,4777.82
split_rolling,0.8,2025-03-25,14,24,4739.71
split_rolling,0.8,2025-03-26,20,24,4684.15
split_rolling,0.8,2025-03-27,19,24,4639.42
split_rolling,0.8,2025-03-28,24,24,4584.19
split_rolling,0.8,2025-03-29,22,24,4620.19
split_rolling,0.8,2025-03-30,19,23,4520.26
split_rolling,0.8,2025-03-31,10,24,4524.89
split_rolling,0.8,2025-04-01,14,24,4557.46
split_rolling,0.8,2025-04-02,22,24,4560.32
split_rolling,0.8,2025-04-03,24,24,4573.91
split_rolling,0.8,2025-04-04,22,24,4560.32
split_rolling,0.8,2025-04-05,23,24,4473.6
split_rolling,0.8,2025-04-06,23,24,4459.04
split_rolling,0.8,2025-04-07,24,24,4459.64
split_rolling,0.8,2025-04-08,24,24,4462.68
split_rolling,0.8,2025-04-09,24,24,4416.41
split_rolling,0.8,2025-04-10,24,24,4389.25
split_rolling,0.8,2025-04-11,24,24,4380.21
split_rolling,0.8,2025-04-12,23,24,4340.18
split_rolling,0.8,2025-04-13,19,24,4311.51
split_rolling,0.8,2025-04-14,1,24,4206.1
split_rolling,0.8,2025-04-15,11,24,4116.08
split_rolling,0.8,2025-04-16,12,24,4166.66
split_rolling,0.8,2025-04-17,11,24,4164.61
split_rolling,0.8,2025-04-18,24,24,4247.3
split_rolling,0.8,2025-04-19,24,24,4297.41
split_rolling,0.8,2025-04-20,19,24,4199.65
split_rolling,0.8,2025-04-21,24,24,4164.61
split_rolling,0.8,2025-04-22,23,24,4110.29
split_rolling,0.8,2025-04-23,21,24,4088.09
split_rolling,0.8,2025-04-24,24,24,4005.75
split_rolling,0.8,2025-04-25,24,24,4028.36
split_rolling,0.8,2025-04-26,24,24,4028.36
split_rolling,0.8,2025-04-27,24,24,3916.69
split_rolling,0.8,2025-04-28,24,24,3881.98
split_rolling,0.8,2025-04-29,18,24,3859.93
split_rolling,0.8,2025-04-30,21,24,3859.35
split_rolling,0.8,2025-05-01,9,24,3873.76
split_rolling,0.8,2025-05-02,14,24,3884.05
split_rolling,0.8,2025-05-03,22,24,3966.7
split_rolling,0.8,2025-05-04,24,24,4002.18
split_rolling,0.8,2025-05-05,24,24,4018.75
split_rolling,0.8,2025-05-06,24,24,3998.51
split_rolling,0.8,2025-05-07,24,24,3995.42
split_rolling,0.8,2025-05-08,18,24,3978.25
split_rolling,0.8,2025-05-09,19,24,3978.25
split_rolling,0.8,2025-05-10,24,24,4002.18
split_rolling,0.8,2025-05-11,24,24,4039.72
split_rolling,0.8,2025-05-12,24,24,4034.24
split_rolling,0.8,2025-05-13,24,24,3998.51
split_rolling,0.8,2025-05-14,23,24,3998.51
split_rolling,0.8,2025-05-15,7,24,3925.1
split_rolling,0.8,2025-05-16,16,24,3919.69
split_rolling,0.8,2025-05-17,24,24,3977.35
split_rolling,0.8,2025-05-18,24,24,3989.71
split_rolling,0.8,2025-05-19,24,24,3969.39
split_rolling,0.8,2025-05-20,24,24,3877.07
split_rolling,0.8,2025-05-21,24,24,3797.12
split_rolling,0.8,2025-05-22,24,24,3782.33
split_rolling,0.8,2025-05-23,24,24,3689.49
split_rolling,0.8,2025-05-24,24,24,3688.78
split_rolling,0.8,2025-05-25,24,24,3688.78
split_rolling,0.8,2025-05-26,24,24,3654.68
split_rolling,0.8,2025-05-27,24,24,3639.16
split_rolling,0.8,2025-05-28,22,24,3610.85
split_rolling,0.8,2025-05-29,23,24,3558.52
split_rolling,0.8,2025-05-30,23,24,3551.8
split_rolling,0.8,2025-05-31,24,24,3541.37
split_rolling,0.8,2025-06-01,24,24,3511.93
split_rolling,0.8,2025-06-02,24,24,3500.57
split_rolling,0.8,2025-06-03,24,24,3474.53
split_rolling,0.8,2025-06-04,24,24,3407.93
split_rolling,0.8,2025-06-05,24,24,3387.54
split_rolling,0.8,2025-06-06,24,24,3372.59
split_rolling,0.8,2025-06-07,24,24,3371.73
split_rolling,0.8,2025-06-08,22,24,3371.73
split_rolling,0.8,2025-06-09,23,24,3331.62
split_rolling,0.8,2025-06-10,24,24,3262.31
split_rolling,0.8,2025-06-11,24,24,3232.56
split_rolling,0.8,2025-06-12,24,24,3162.22
split_rolling,0.8,2025-06-13,24,24,3097.77
split_rolling,0.8,2025-06-14,24,24,3072.33
split_rolling,0.8,2025-06-15,24,24,3030.22
split_rolling,0.8,2025-06-16,24,24,2993.34
split_rolling,0.8,2025-06-17,24,24,2991.7
split_rolling,0.8,2025-06-18,24,24,2966.03
split_rolling,0.8,2025-06-19,23,24,2915.47
split_rolling,0.8,2025-06-20,24,24,2892.15
split_rolling,0.8,2025-06-21,24,24,2890.55
split_rolling,0.8,2025-06-22,24,24,2890.24
split_rolling,0.8,2025-06-23,24,24,2847.86
split_rolling,0.8,2025-06-24,24,24,2814.37
split_rolling,0.8,2025-06-25,24,24,2755.16
split_rolling,0.8,2025-06-26,24,24,2717.31
split_rolling,0.8,2025-06-27,23,24,2628.41
split_rolling,0.8,2025-06-28,24,24,2611.27
split_rolling,0.8,2025-06-29,21,24,2595.86
split_rolling,0.8,2025-06-30,13,24,2569.36
split_rolling,0.8,2025-07-01,21,24,2490.74
split_rolling,0.8,2025-07-02,17,24,2469.06
split_rolling,0.8,2025-07-03,21,24,2430.04
split_rolling,0.8,2025-07-04,24,24,2456.15
split_rolling,0.8,2025-07-05,18,24,2432.73
split_rolling,0.8,2025-07-06,19,24,2404.54
split_rolling,0.8,2025-07-07,5,24,2402.5
split_rolling,0.8,2025-07-08,15,24,2423.86
split_rolling,0.8,2025-07-09,24,24,2477.07
split_rolling,0.8,2025-07-10,24,24,2499.87
split_rolling,0.8,2025-07-11,24,24,2479.89
split_rolling,0.8,2025-07-12,18,24,2445.24
split_rolling,0.8,2025-07-13,24,24,2404.54
split_rolling,0.8,2025-07-14,14,24,2384.72
split_rolling,0.8,2025-07-15,20,24,2314.06
split_rolling,0.8,2025-07-16,24,24,2305.44
split_rolling,0.8,2025-07-17,24,24,2276.2
split_rolling,0.8,2025-07-18,24,24,2211.17
split_rolling,0.8,2025-07-19,21,24,2176.87
split_rolling,0.8,2025-07-20,24,24,2169.03
split_rolling,0.8,2025-07-21,24,24,2138.88
split_rolling,0.8,2025-07-22,9,24,2133.88
split_rolling,0.8,2025-07-23,8,24,2130.95
split_rolling,0.8,2025-07-24,24,24,2130.24
split_rolling,0.8,2025-07-25,24,24,2159.26
split_rolling,0.8,2025-07-26,21,24,2159.26
split_rolling,0.8,2025-07-27,22,24,2159.26
split_rolling,0.8,2025-07-28,24,24,2160.35
split_rolling,0.8,2025-07-29,20,24,2143.91
split_rolling,0.8,2025-07-30,23,24,2106.05
split_rolling,0.8,2025-07-31,24,24,2101.4
split_rolling,0.8,2025-08-01,24,24,2057.12
split_rolling,0.8,2025-08-02,24,24,2001.71
split_rolling,0.8,2025-08-03,24,24,1958.62
split_rolling,0.8,2025-08-04,21,24,1952.56
split_rolling,0.8,2025-08-05,24,24,1948.64
split_rolling,0.8,2025-08-06,18,24,1948.64
split_rolling,0.8,2025-08-07,14,24,1945.35
split_rolling,0.8,2025-08-08,24,24,1908.4
split_rolling,0.8,2025-08-09,14,24,1908.4
split_rolling,0.8,2025-08-10,16,24,1894.27
split_rolling,0.8,2025-08-11,24,24,1911.05
split_rolling,0.8,2025-08-12,17,24,1936.42
split_rolling,0.8,2025-08-13,23,24,1893.08
split_rolling,0.8,2025-08-14,8,24,1876.89
split_rolling,0.8,2025-08-15,22,24,1829.49
split_rolling,0.8,2025-08-16,15,24,1829.13
split_rolling,0.8,2025-08-17,19,24,1821.72
split_rolling,0.8,2025-08-18,14,24,1824.18
split_rolling,0.8,2025-08-19,13,24,1829.49
split_rolling,0.8,2025-08-20,14,24,1856.88
split_rolling,0.8,2025-08-21,24,24,1856.02
split_rolling,0.8,2025-08-22,9,24,1865.77
split_rolling,0.8,2025-08-23,5,24,1865.77
split_rolling,0.8,2025-08-24,20,24,1887.31
split_rolling,0.8,2025-08-25,24,24,1943.12
split_rolling,0.8,2025-08-26,24,24,1946.19
split_rolling,0.8,2025-08-27,15,24,1916.6
split_rolling,0.8,2025-08-28,21,24,1884.29
split_rolling,0.8,2025-08-29,24,24,1882.71
split_rolling,0.8,2025-08-30,24,24,1881.45
split_rolling,0.8,2025-08-31,23,24,1881.45
split_rolling,0.8,2025-09-01,20,24,1881.45
split_rolling,0.8,2025-09-02,19,24,1882.71
split_rolling,0.8,2025-09-03,11,24,1876.89
split_rolling,0.8,2025-09-04,23,24,1884.1
split_rolling,0.8,2025-09-05,22,24,1895.98
split_rolling,0.8,2025-09-06,19,24,1895.98
split_rolling,0.8,2025-09-07,22,24,1884.29
split_rolling,0.8,2025-09-08,24,24,1887.31
split_rolling,0.8,2025-09-09,24,24,1887.31
split_rolling,0.8,2025-09-10,10,24,1887.31
split_rolling,0.8,2025-09-11,19,24,1887.31
split_rolling,0.8,2025-09-12,23,24,1897.55
split_rolling,0.8,2025-09-13,23,24,1916.45
split_rolling,0.8,2025-09-14,16,24,1907.49
split_rolling,0.8,2025-09-15,7,24,1907.49
split_rolling,0.8,2025-09-16,24,24,1929.5
split_rolling,0.8,2025-09-17,23,24,1960.98
split_rolling,0.8,2025-09-18,6,24,1957.02
split_rolling,0.8,2025-09-19,24,24,1947.73
split_rolling,0.8,2025-09-20,19,24,1979.39
split_rolling,0.8,2025-09-21,18,24,1977.95
split_rolling,0.8,2025-09-22,2,24,1982.96
split_rolling,0.8,2025-09-23,5,24,1993.65
split_rolling,0.8,2025-09-24,21,24,2041.44
split_rolling,0.8,2025-09-25,19,24,2081.44
split_rolling,0.8,2025-09-26,11,24,2084.17
split_rolling,0.8,2025-09-27,16,24,2086.21
split_rolling,0.8,2025-09-28,23,24,2126.92
split_rolling,0.8,2025-09-29,19,24,2128.36
split_rolling,0.8,2025-09-30,17,24,2091.13
split_rolling,0.8,2025-10-01,21,24,2089.6
split_rolling,0.8,2025-10-02,14,24,2089.6
split_rolling,0.8,2025-10-03,20,24,2082.83
split_rolling,0.8,2025-10-04,19,24,2092.62
split_rolling,0.8,2025-10-05,22,24,2089.6
split_rolling,0.8,2025-10-06,13,24,2086.21
split_rolling,0.8,2025-10-07,24,24,2050.04
split_rolling,0.8,2025-10-08,24,24,2047.48
split_rolling,0.8,2025-10-09,19,24,2041.65
split_rolling,0.8,2025-10-10,20,24,2041.44
split_rolling,0.8,2025-10-11,20,24,2050.04
split_rolling,0.8,2025-10-12,22,24,2037.71
split_rolling,0.8,2025-10-13,22,24,2047.48
split_rolling,0.8,2025-10-14,17,24,2027.54
split_rolling,0.8,2025-10-15,12,24,2018.48
split_rolling,0.8,2025-10-16,16,24,2032.75
split_rolling,0.8,2025-10-17,24,24,2063.4
split_rolling,0.8,2025-10-18,24,24,2076.63
split_rolling,0.8,2025-10-19,21,24,2073.83
split_rolling,0.8,2025-10-20,20,24,2073.83
split_rolling,0.8,2025-10-21,21,24,2076.63
split_rolling,0.8,2025-10-22,21,24,2041.65
split_rolling,0.8,2025-10-23,9,24,2019.05
split_rolling,0.8,2025-10-24,18,24,2025.57
split_rolling,0.8,2025-10-25,21,24,2063.03
split_rolling,0.8,2025-10-26,14,24,2073.83
split_rolling,0.8,2025-10-27,17,24,2075.58
split_rolling,0.8,2025-10-28,18,24,2084.75
split_rolling,0.8,2025-10-29,24,24,2085.55
split_rolling,0.8,2025-10-30,13,24,2091.13
split_rolling,0.8,2025-10-31,17,24,2091.13
split_rolling,0.8,2025-11-01,16,24,2114.8
split_rolling,0.8,2025-11-02,21,24,2133.92
split_rolling,0.8,2025-11-03,16,24,2152.9
split_rolling,0.8,2025-11-04,15,24,2164.51
split_rolling,0.8,2025-11-05,17,24,2185.63
split_rolling,0.8,2025-11-06,21,24,2211.66
split_rolling,0.8,2025-11-07,19,24,2204.3
split_rolling,0.8,2025-11-08,19,24,2212.22
split_rolling,0.8,2025-11-09,23,24,2204.3
split_rolling,0.8,2025-11-10,22,24,2200.01
split_rolling,0.8,2025-11-11,12,24,2204.3
split_rolling,0.8,2025-11-12,16,24,2185.54
split_rolling,0.8,2025-11-13,15,24,2217.79
split_rolling,0.8,2025-11-14,12,24,2200.01
split_rolling,0.8,2025-11-15,17,24,2217.8
split_rolling,0.8,2025-11-16,21,24,2228.27
split_rolling,0.8,2025-11-17,11,24,2246.94
split_rolling,0.8,2025-11-18,10,24,2228.27
split_rolling,0.8,2025-11-19,3,24,2239.47
split_rolling,0.8,2025-11-20,13,24,2265.97
split_rolling,0.8,2025-11-21,0,24,2314.47
split_rolling,0.8,2025-11-22,4,24,2314.47
split_rolling,0.8,2025-11-23,10,24,2331.07
split_rolling,0.8,2025-11-24,0,24,2380.14
split_rolling,0.8,2025-11-25,7,24,2433.41
split_rolling,0.8,2025-11-26,19,24,2488.14
split_rolling,0.8,2025-11-27,8,24,2520.27
split_rolling,0.8,2025-11-28,15,24,2531.44
split_rolling,0.8,2025-11-29,5,24,2562.92
split_rolling,0.8,2025-11-30,4,24,2587.79
split_rolling,0.8,2025-12-01,4,24,2640.2
split_rolling,0.8,2025-12-02,10,24,2701.48
split_rolling,0.8,2025-12-03,3,24,2764.38
split_rolling,0.8,2025-12-04,13,24,2774.44
split_rolling,0.8,2025-12-05,7,24,2856.73
split_rolling,0.8,2025-12-06,21,24,2883.88
split_rolling,0.8,2025-12-07,21,24,2933.56
split_rolling,0.8,2025-12-08,4,24,2934.09
split_rolling,0.8,2025-12-09,20,24,2943.84
split_rolling,0.8,2025-12-10,24,24,3029.48
split_rolling,0.8,2025-12-11,20,24,3020.85
split_rolling,0.8,2025-12-12,24,24,3005.45
split_rolling,0.8,2025-12-13,23,24,3034.38
split_rolling,0.8,2025-12-14,8,24,3034.38
split_rolling,0.8,2025-12-15,14,24,3020.85
split_rolling,0.8,2025-12-16,21,24,3062.67
split_rolling,0.8,2025-12-17,20,24,3100.45
split_rolling,0.8,2025-12-18,9,24,3116.06
split_rolling,0.8,2025-12-19,21,24,3121.49
split_rolling,0.8,2025-12-20,19,24,3179.95
split_rolling,0.8,2025-12-21,23,24,3194.39
split_rolling,0.8,2025-12-22,20,24,3214.92
split_rolling,0.8,2025-12-23,8,24,3200.79
split_rolling,0.8,2025-12-24,15,24,3186.99
split_rolling,0.8,2025-12-25,13,24,3240.7
split_rolling,0.8,2025-12-26,21,24,3288.37
split_rolling,0.8,2025-12-27,1,24,3316.34
split_rolling,0.8,2025-12-28,15,24,3321.5
split_rolling,0.8,2025-12-29,20,24,3431.67
split_rolling,0.8,2025-12-30,11,24,3471.57
split_rolling,0.8,2025-12-31,7,24,3518.42
split_rolling,0.8,2026-01-01,1,24,3592.9
split_rolling,0.8,2026-01-02,19,24,3665.6
split_rolling,0.8,2026-01-03,23,24,3826.52
split_rolling,0.8,2026-01-04,20,24,3859.06
split_rolling,0.8,2026-01-05,9,24,3860.56
split_rolling,0.8,2026-01-06,23,24,3870.13
split_rolling,0.8,2026-01-07,18,24,3991.47
split_rolling,0.8,2026-01-08,11,24,3999.36
split_rolling,0.8,2026-01-09,13,24,4019.12
split_rolling,0.8,2026-01-10,24,24,4108.2
split_rolling,0.8,2026-01-11,19,24,4192.32
split_rolling,0.8,2026-01-12,22,24,4192.32
split_rolling,0.8,2026-01-13,4,24,4218.57
split_rolling,0.8,2026-01-14,0,24,4226.06
split_rolling,0.8,2026-01-15,21,24,4331.36
split_rolling,0.8,2026-01-16,11,24,4444.07
split_rolling,0.8,2026-01-17,15,24,4462.01
split_rolling,0.8,2026-01-18,23,24,4528.54
split_rolling,0.8,2026-01-19,17,24,4549.3
split_rolling,0.8,2026-01-20,7,24,4555.94
split_rolling,0.8,2026-01-21,24,24,4578.96
split_rolling,0.8,2026-01-22,22,24,4716.37
split_rolling,0.8,2026-01-23,21,24,4715.9
split_rolling,0.8,2026-01-24,24,24,4719.23
split_rolling,0.8,2026-01-25,24,24,4742.17
split_rolling,0.8,2026-01-26,24,24,4716.37
split_rolling,0.8,2026-01-27,22,24,4716.37
split_rolling,0.8,2026-01-28,15,24,4716.37
split_rolling,0.8,2026-01-29,24,24,4725.44
split_rolling,0.8,2026-01-30,24,24,4762.81
split_rolling,0.8,2026-01-31,24,24,4762.81
split_rolling,0.8,2026-02-01,24,24,4758.52
split_rolling,0.8,2026-02-02,24,24,4757.86
split_rolling,0.8,2026-02-03,21,24,4754.23
split_rolling,0.8,2026-02-04,23,24,4743.68
split_rolling,0.8,2026-02-05,22,24,4743.68
split_rolling,0.8,2026-02-06,24,24,4754.23
split_rolling,0.8,2026-02-07,24,24,4758.59
split_rolling,0.8,2026-02-08,24,24,4758.59
split_rolling,0.8,2026-02-09,24,24,4758.59
split_rolling,0.8,2026-02-10,24,24,4758.59
split_rolling,0.8,2026-02-11,24,24,4754.23
split_rolling,0.8,2026-02-12,24,24,4754.23
split_rolling,0.8,2026-02-13,19,24,4754.23
split_rolling,0.8,2026-02-14,12,24,4754.23
split_rolling,0.8,2026-02-15,1,24,4767.8
split_rolling,0.8,2026-02-16,21,24,4843.29
split_rolling,0.8,2026-02-17,16,24,4991.88
split_rolling,0.8,2026-02-18,24,24,4976.31
split_rolling,0.8,2026-02-19,23,24,4976.31
split_rolling,0.8,2026-02-20,23,24,4945.44
split_rolling,0.8,2026-02-21,13,24,4811.53
split_rolling,0.8,2026-02-22,13,24,4768.21
split_rolling,0.8,2026-02-23,23,24,4825.66
split_rolling,0.8,2026-02-24,22,24,4725.44
split_rolling,0.8,2026-02-25,22,24,4662.01
split_rolling,0.8,2026-02-26,24,24,4683.68
split_rolling,0.8,2026-02-27,24,24,4683.68
split_rolling,0.8,2026-02-28,24,24,4662.01
split_rolling,0.8,2026-03-01,21,24,4593.44
split_rolling,0.8,2026-03-02,23,24,4574.69
split_rolling,0.8,2026-03-03,24,24,4529.21
split_rolling,0.8,2026-03-04,24,24,4522.71
split_rolling,0.8,2026-03-05,17,24,4420.85
split_rolling,0.8,2026-03-06,13,24,4415.2
split_rolling,0.8,2026-03-07,22,24,4404.42
split_rolling,0.8,2026-03-08,15,24,4458.72
split_rolling,0.8,2026-03-09,23,24,4459.01
split_rolling,0.8,2026-03-10,19,24,4421.59
split_rolling,0.8,2026-03-11,19,24,4420.85
split_rolling,0.8,2026-03-12,24,24,4457.79
split_rolling,0.8,2026-03-13,24,24,4472.5
split_rolling,0.8,2026-03-14,23,24,4472.5
split_rolling,0.8,2026-03-15,12,24,4472.5
split_rolling,0.8,2026-03-16,24,24,4441.09
split_rolling,0.8,2026-03-17,24,24,4498.57
split_rolling,0.8,2026-03-18,23,24,4481.28
split_rolling,0.8,2026-03-19,24,24,4481.28
split_rolling,0.8,2026-03-20,20,24,4458.72
split_rolling,0.8,2026-03-21,24,24,4457.79
split_rolling,0.8,2026-03-22,14,24,4462.01
split_rolling,0.8,2026-03-23,18,24,4462.01
split_rolling,0.8,2026-03-24,24,24,4505.98
split_rolling,0.8,2026-03-25,19,24,4481.28
split_rolling,0.8,2026-03-26,12,24,4459.01
split_rolling,0.8,2026-03-27,18,24,4441.51
split_rolling,0.8,2026-03-28,22,24,4505.26
split_rolling,0.8,2026-03-29,18,23,4404.42
split_rolling,0.8,2026-03-30,20,24,4396.97
split_rolling,0.8,2026-03-31,19,24,4412.62
split_rolling,0.8,2026-04-01,24,24,4369.03
split_rolling,0.8,2026-04-02,24,24,4337.03
split_rolling,0.8,2026-04-03,24,24,4202.82
split_rolling,0.8,2026-04-04,11,24,4166.47
split_rolling,0.8,2026-04-05,1,24,4159.83
split_rolling,0.8,2026-04-06,19,24,4236.31
split_rolling,0.8,2026-04-07,11,24,4290.79
split_rolling,0.8,2026-04-08,12,24,4300.61
split_rolling,0.8,2026-04-09,24,24,4338.77
split_rolling,0.8,2026-04-10,24,24,4337.03
split_rolling,0.8,2026-04-11,21,24,4285.84
split_rolling,0.8,2026-04-12,12,24,4285.84
split_rolling,0.8,2026-04-13,19,24,4273.67
split_rolling,0.8,2026-04-14,23,24,4326.76
split_rolling,0.8,2026-04-15,24,24,4236.31
split_rolling,0.8,2026-04-16,22,24,4129.82
split_rolling,0.8,2026-04-17,24,24,4106.44
split_rolling,0.8,2026-04-18,23,24,4037.21
split_rolling,0.8,2026-04-19,24,24,4007.26
split_rolling,0.8,2026-04-20,20,24,3993.77
split_rolling,0.8,2026-04-21,18,24,3969.96
split_rolling,0.8,2026-04-22,24,24,3924.18
split_rolling,0.8,2026-04-23,24,24,3945.95
split_rolling,0.8,2026-04-24,24,24,3919.29
split_rolling,0.8,2026-04-25,24,24,3900.37
split_rolling,0.8,2026-04-26,24,24,3900.37
split_rolling,0.8,2026-04-27,24,24,3900.37
split_rolling,0.8,2026-04-28,24,24,3900.37
split_rolling,0.8,2026-04-29,24,24,3873.73
split_rolling,0.8,2026-04-30,24,24,3834.32
split_rolling,0.8,2026-05-01,14,24,3834.32
split_rolling,0.8,2026-05-02,23,24,3834.32
split_rolling,0.8,2026-05-03,20,24,3862.29
split_rolling,0.8,2026-05-04,24,24,3857.42
split_rolling,0.8,2026-05-05,24,24,3873.73
split_rolling,0.8,2026-05-06,23,24,3862.29
split_rolling,0.8,2026-05-07,24,24,3857.42
split_rolling,0.8,2026-05-08,22,24,3848.39
split_rolling,0.8,2026-05-09,24,24,3836.23
split_rolling,0.8,2026-05-10,24,24,3837.21
split_rolling,0.8,2026-05-11,24,24,3837.21
split_rolling,0.8,2026-05-12,23,24,3837.21
split_rolling,0.8,2026-05-13,24,24,3836.23
split_rolling,0.8,2026-05-14,23,24,3837.21
split_rolling,0.8,2026-05-15,23,24,3837.21
split_rolling,0.8,2026-05-16,24,24,3810.1
split_rolling,0.8,2026-05-17,24,24,3779.22
split_rolling,0.8,2026-05-18,19,24,3672.07
split_rolling,0.8,2026-05-19,24,24,3616.69
split_rolling,0.8,2026-05-20,24,24,3583.78
split_rolling,0.8,2026-05-21,23,24,3568.24
split_rolling,0.8,2026-05-22,8,24,3548.8
split_rolling,0.8,2026-05-23,24,24,3547.58
split_rolling,0.8,2026-05-24,19,24,3550.67
split_rolling,0.8,2026-05-25,17,24,3497.16
split_rolling,0.8,2026-05-26,23,24,3497.16
split_rolling,0.8,2026-05-27,20,24,3494.63
split_rolling,0.8,2026-05-28,22,24,3492.96
split_rolling,0.8,2026-05-29,24,24,3494.63
split_rolling,0.8,2026-05-30,24,24,3497.16
split_rolling,0.8,2026-05-31,23,24,3494.63
split_rolling,0.8,2026-06-01,16,24,3474.07
split_rolling,0.8,2026-06-02,24,24,3444.27
split_rolling,0.8,2026-06-03,24,24,3492.64
split_rolling,0.8,2026-06-04,18,24,3466.66
split_rolling,0.8,2026-06-05,24,24,3413.43
split_rolling,0.8,2026-06-06,24,24,3385.82
split_rolling,0.8,2026-06-07,24,24,3367.45
split_rolling,0.8,2026-06-08,24,24,3331.88
split_rolling,0.8,2026-06-09,23,24,3310.03
split_rolling,0.8,2026-06-10,24,24,3282.64
split_rolling,0.8,2026-06-11,24,24,3247.57
split_rolling,0.8,2026-06-12,23,24,3207.39
split_rolling,0.8,2026-06-13,24,24,3207.39
split_rolling,0.8,2026-06-14,24,24,3191.99
split_rolling,0.8,2026-06-15,24,24,3110.16
split_rolling,0.8,2026-06-16,24,24,3088.82
split_rolling,0.8,2026-06-17,22,24,3068.47
split_rolling,0.8,2026-06-18,24,24,3039.44
split_rolling,0.8,2026-06-19,21,24,3049.57
split_rolling,0.8,2026-06-20,24,24,3012.4
split_rolling,0.8,2026-06-21,16,24,3020.3
split_rolling,0.8,2026-06-22,22,24,2968.61
split_rolling,0.8,2026-06-23,24,24,2968.61
split_rolling,0.8,2026-06-24,24,24,2962.34
split_rolling,0.8,2026-06-25,20,24,2912.67
split_rolling,0.8,2026-06-26,24,24,2861.67
split_rolling,0.8,2026-06-27,24,24,2840.87
split_rolling,0.8,2026-06-28,10,24,2831.8
split_rolling,0.8,2026-06-29,6,24,2775.1
split_rolling,0.8,2026-06-30,19,24,2789.5
split_rolling,0.8,2026-07-01,11,24,2834.14
split_rolling,0.8,2026-07-02,13,24,2801.26
split_rolling,0.8,2026-07-03,19,24,2845.67
split_rolling,0.8,2026-07-04,14,24,2885.95
split_rolling,0.8,2026-07-05,18,24,2849.51
split_rolling,0.8,2026-07-06,22,24,2801.94
split_rolling,0.8,2026-07-07,22,24,2781.03
split_rolling,0.8,2026-07-08,23,24,2707.08
split_rolling,0.8,2026-07-09,22,24,2679.66
split_rolling,0.8,2026-07-10,20,24,2680.4
split_rolling,0.8,2026-07-11,24,24,2679.43
split_rolling,0.8,2026-07-12,24,24,2662.49
split_rolling,0.8,2026-07-13,18,24,2610.8
split_rolling,0.8,2026-07-14,5,24,2580
split_rolling,0.8,2026-07-15,18,24,2562.86
split_rolling,0.8,2026-07-16,21,24,2605.95
split_rolling,0.8,2026-07-17,16,24,2604.16
split_rolling,0.8,2026-07-18,22,24,2604.16
split_rolling,0.8,2026-07-19,24,24,2607.26
split_rolling,0.8,2026-07-20,23,24,2610.8
split_rolling,0.8,2026-07-21,13,24,2580
split_rolling,0.8,2026-07-22,4,24,2560.79
split_rolling,0.8,2026-07-23,24,24,2578.47
split_rolling,0.8,2026-07-24,24,24,2619.42
split_rolling,0.8,2026-07-25,17,24,2613.94
split_rolling,0.8,2026-07-26,21,24,2613.94
split_rolling,0.8,2026-07-27,21,24,2629.32
split_rolling,0.8,2026-07-28,24,24,2628.86
split_rolling,0.8,2026-07-29,8,24,2631.58
split_rolling,0.8,2026-07-30,19,24,2627.4
split_rolling,0.8,2026-07-31,19,24,2665.06
split_rolling,0.8,2026-08-01,17,24,2643.12
split_rolling,0.8,2026-08-02,18,24,2645.31
split_rolling,0.8,2026-08-03,23,24,2613.94
split_rolling,0.8,2026-08-04,24,24,2604.18
split_rolling,0.8,2026-08-05,24,24,2604.18
split_rolling,0.8,2026-08-06,24,24,2579.12
split_rolling,0.8,2026-08-07,22,24,2579.12
split_rolling,0.8,2026-08-08,20,24,2562.86
split_rolling,0.8,2026-08-09,23,24,2560.79
split_rolling,0.8,2026-08-10,23,24,2564.56
split_rolling,0.8,2026-08-11,24,24,2577.27
split_rolling,0.8,2026-08-12,21,24,2559.48
split_rolling,0.8,2026-08-13,13,24,2551.41
split_rolling,0.8,2026-08-14,16,24,2544.04
split_rolling,0.8,2026-08-15,19,24,2555.42
split_rolling,0.8,2026-08-16,24,24,2577.27
split_rolling,0.8,2026-08-17,22,24,2582.95
split_rolling,0.8,2026-08-18,24,24,2532.18
split_rolling,0.8,2026-08-19,14,24,2532.18
split_rolling,0.8,2026-08-20,18,24,2532.18
split_rolling,0.8,2026-08-21,14,24,2551.41
split_rolling,0.8,2026-08-22,12,24,2517.48
split_rolling,0.8,2026-08-23,17,24,2531.93
split_rolling,0.8,2026-08-24,16,24,2545.92
split_rolling,0.8,2026-08-25,24,24,2532.18
split_rolling,0.8,2026-08-26,24,24,2551.41
split_rolling,0.8,2026-08-27,16,24,2530.06
split_rolling,0.8,2026-08-28,12,24,2510.28
split_rolling,0.8,2026-08-29,17,24,2514.26
split_rolling,0.8,2026-08-30,21,24,2532.09
split_rolling,0.8,2026-08-31,15,24,2530.06
split_rolling,0.95,2022-04-01,10,24,8677.28
split_rolling,0.95,2022-04-02,15,24,8590.4
split_rolling,0.95,2022-04-03,23,24,9024.73
split_rolling,0.95,2022-04-04,24,24,9419.25
split_rolling,0.95,2022-04-05,24,24,9419.25
split_rolling,0.95,2022-04-06,24,24,9419.25
split_rolling,0.95,2022-04-07,24,24,8813.95
split_rolling,0.95,2022-04-08,21,24,8391.47
split_rolling,0.95,2022-04-09,24,24,8391.47
split_rolling,0.95,2022-04-10,24,24,8500.16
split_rolling,0.95,2022-04-11,24,24,8500.16
split_rolling,0.95,2022-04-12,24,24,8500.16
split_rolling,0.95,2022-04-13,24,24,8500.16
split_rolling,0.95,2022-04-14,24,24,8500.16
split_rolling,0.95,2022-04-15,24,24,8500.16
split_rolling,0.95,2022-04-16,23,24,8389.09
split_rolling,0.95,2022-04-17,24,24,8389.09
split_rolling,0.95,2022-04-18,24,24,8391.47
split_rolling,0.95,2022-04-19,24,24,8391.47
split_rolling,0.95,2022-04-20,24,24,8391.47
split_rolling,0.95,2022-04-21,24,24,8391.47
split_rolling,0.95,2022-04-22,24,24,8391.47
split_rolling,0.95,2022-04-23,24,24,8391.47
split_rolling,0.95,2022-04-24,24,24,8391.47
split_rolling,0.95,2022-04-25,19,24,8391.47
split_rolling,0.95,2022-04-26,24,24,8391.47
split_rolling,0.95,2022-04-27,24,24,8547.98
split_rolling,0.95,2022-04-28,24,24,8547.98
split_rolling,0.95,2022-04-29,24,24,8547.98
split_rolling,0.95,2022-04-30,24,24,8547.98
split_rolling,0.95,2022-05-01,24,24,8547.98
split_rolling,0.95,2022-05-02,24,24,8547.98
split_rolling,0.95,2022-05-03,24,24,8500.16
split_rolling,0.95,2022-05-04,24,24,8500.16
split_rolling,0.95,2022-05-05,24,24,8340.12
split_rolling,0.95,2022-05-06,24,24,8340.12
split_rolling,0.95,2022-05-07,24,24,8340.12
split_rolling,0.95,2022-05-08,24,24,8186.76
split_rolling,0.95,2022-05-09,24,24,8186.76
split_rolling,0.95,2022-05-10,24,24,7604.6
split_rolling,0.95,2022-05-11,24,24,7329.93
split_rolling,0.95,2022-05-12,24,24,7323.53
split_rolling,0.95,2022-05-13,24,24,7323.53
split_rolling,0.95,2022-05-14,24,24,7227.25
split_rolling,0.95,2022-05-15,24,24,7227.25
split_rolling,0.95,2022-05-16,24,24,7198.64
split_rolling,0.95,2022-05-17,24,24,7198.64
split_rolling,0.95,2022-05-18,24,24,7189.56
split_rolling,0.95,2022-05-19,24,24,7189.56
split_rolling,0.95,2022-05-20,24,24,7166.51
split_rolling,0.95,2022-05-21,24,24,7166.51
split_rolling,0.95,2022-05-22,24,24,7166.51
split_rolling,0.95,2022-05-23,24,24,7166.51
split_rolling,0.95,2022-05-24,24,24,7166.51
split_rolling,0.95,2022-05-25,24,24,7166.51
split_rolling,0.95,2022-05-26,24,24,7076.23
split_rolling,0.95,2022-05-27,24,24,7076.23
split_rolling,0.95,2022-05-28,24,24,7076.23
split_rolling,0.95,2022-05-29,24,24,7076.23
split_rolling,0.95,2022-05-30,24,24,7076.23
split_rolling,0.95,2022-05-31,24,24,7076.23
split_rolling,0.95,2022-06-01,24,24,7059.62
split_rolling,0.95,2022-06-02,24,24,7053.37
split_rolling,0.95,2022-06-03,24,24,7053.37
split_rolling,0.95,2022-06-04,24,24,7053.37
split_rolling,0.95,2022-06-05,24,24,7053.37
split_rolling,0.95,2022-06-06,24,24,7021.78
split_rolling,0.95,2022-06-07,24,24,6964.42
split_rolling,0.95,2022-06-08,24,24,6964.42
split_rolling,0.95,2022-06-09,24,24,6964.42
split_rolling,0.95,2022-06-10,24,24,6964.42
split_rolling,0.95,2022-06-11,24,24,6907.62
split_rolling,0.95,2022-06-12,24,24,6907.62
split_rolling,0.95,2022-06-13,24,24,6907.62
split_rolling,0.95,2022-06-14,24,24,6907.62
split_rolling,0.95,2022-06-15,24,24,6907.62
split_rolling,0.95,2022-06-16,24,24,6718.92
split_rolling,0.95,2022-06-17,24,24,6491.27
split_rolling,0.95,2022-06-18,24,24,6333.59
split_rolling,0.95,2022-06-19,24,24,6333.59
split_rolling,0.95,2022-06-20,24,24,6333.59
split_rolling,0.95,2022-06-21,24,24,6333.59
split_rolling,0.95,2022-06-22,24,24,6295.02
split_rolling,0.95,2022-06-23,24,24,6293.09
split_rolling,0.95,2022-06-24,24,24,6197.86
split_rolling,0.95,2022-06-25,24,24,6197.86
split_rolling,0.95,2022-06-26,24,24,6197.86
split_rolling,0.95,2022-06-27,24,24,6183.97
split_rolling,0.95,2022-06-28,24,24,6183.97
split_rolling,0.95,2022-06-29,24,24,6183.97
split_rolling,0.95,2022-06-30,24,24,6183.97
split_rolling,0.95,2022-07-01,24,24,6159.89
split_rolling,0.95,2022-07-02,24,24,5923.3
split_rolling,0.95,2022-07-03,24,24,5661.36
split_rolling,0.95,2022-07-04,24,24,5587.13
split_rolling,0.95,2022-07-05,24,24,5522.24
split_rolling,0.95,2022-07-06,24,24,5424.65
split_rolling,0.95,2022-07-07,24,24,5323
split_rolling,0.95,2022-07-08,24,24,5323
split_rolling,0.95,2022-07-09,24,24,5079.17
split_rolling,0.95,2022-07-10,24,24,4948.9
split_rolling,0.95,2022-07-11,24,24,4898.4
split_rolling,0.95,2022-07-12,24,24,4855.08
split_rolling,0.95,2022-07-13,24,24,4632.78
split_rolling,0.95,2022-07-14,24,24,4608.86
split_rolling,0.95,2022-07-15,24,24,4577.74
split_rolling,0.95,2022-07-16,24,24,4456.91
split_rolling,0.95,2022-07-17,24,24,4276.52
split_rolling,0.95,2022-07-18,24,24,4267.12
split_rolling,0.95,2022-07-19,24,24,4224.79
split_rolling,0.95,2022-07-20,24,24,4095.51
split_rolling,0.95,2022-07-21,24,24,4095.51
split_rolling,0.95,2022-07-22,24,24,4095.51
split_rolling,0.95,2022-07-23,24,24,4095.51
split_rolling,0.95,2022-07-24,24,24,4022.41
split_rolling,0.95,2022-07-25,24,24,3923.01
split_rolling,0.95,2022-07-26,24,24,3718.93
split_rolling,0.95,2022-07-27,24,24,3684.84
split_rolling,0.95,2022-07-28,24,24,3613.16
split_rolling,0.95,2022-07-29,21,24,3613.16
split_rolling,0.95,2022-07-30,24,24,3613.16
split_rolling,0.95,2022-07-31,24,24,3625.44
split_rolling,0.95,2022-08-01,24,24,3605.89
split_rolling,0.95,2022-08-02,24,24,3603.71
split_rolling,0.95,2022-08-03,20,24,3532.41
split_rolling,0.95,2022-08-04,24,24,3485.15
split_rolling,0.95,2022-08-05,24,24,3460.41
split_rolling,0.95,2022-08-06,21,24,3321.74
split_rolling,0.95,2022-08-07,24,24,3287.61
split_rolling,0.95,2022-08-08,24,24,3205.31
split_rolling,0.95,2022-08-09,24,24,3084.93
split_rolling,0.95,2022-08-10,24,24,3084.93
split_rolling,0.95,2022-08-11,24,24,3078.55
split_rolling,0.95,2022-08-12,24,24,3078.55
split_rolling,0.95,2022-08-13,24,24,3078.55
split_rolling,0.95,2022-08-14,13,24,3064.27
split_rolling,0.95,2022-08-15,24,24,3064.27
split_rolling,0.95,2022-08-16,24,24,3170.47
split_rolling,0.95,2022-08-17,24,24,3156.96
split_rolling,0.95,2022-08-18,23,24,3107.07
split_rolling,0.95,2022-08-19,24,24,3107.07
split_rolling,0.95,2022-08-20,24,24,3123.73
split_rolling,0.95,2022-08-21,24,24,3123.73
split_rolling,0.95,2022-08-22,24,24,3107.07
split_rolling,0.95,2022-08-23,23,24,3084.93
split_rolling,0.95,2022-08-24,23,24,3084.93
split_rolling,0.95,2022-08-25,24,24,3084.93
split_rolling,0.95,2022-08-26,24,24,3087.7
split_rolling,0.95,2022-08-27,24,24,3064.17
split_rolling,0.95,2022-08-28,24,24,3064.17
split_rolling,0.95,2022-08-29,24,24,3008.79
split_rolling,0.95,2022-08-30,24,24,2997.46
split_rolling,0.95,2022-08-31,24,24,2994.1
split_rolling,0.95,2022-09-01,24,24,2994.1
split_rolling,0.95,2022-09-02,24,24,2994.1
split_rolling,0.95,2022-09-03,24,24,2994.1
split_rolling,0.95,2022-09-04,24,24,2994.1
split_rolling,0.95,2022-09-05,24,24,2994.1
split_rolling,0.95,2022-09-06,24,24,2967.3
split_rolling,0.95,2022-09-07,24,24,2967.3
split_rolling,0.95,2022-09-08,24,24,2967.3
split_rolling,0.95,2022-09-09,24,24,2967.3
split_rolling,0.95,2022-09-10,24,24,2967.3
split_rolling,0.95,2022-09-11,24,24,2967.3
split_rolling,0.95,2022-09-12,24,24,2958.07
split_rolling,0.95,2022-09-13,24,24,2958.07
split_rolling,0.95,2022-09-14,24,24,2941.48
split_rolling,0.95,2022-09-15,24,24,2941.48
split_rolling,0.95,2022-09-16,24,24,2939.83
split_rolling,0.95,2022-09-17,23,24,2939.83
split_rolling,0.95,2022-09-18,23,24,2939.83
split_rolling,0.95,2022-09-19,24,24,2941.48
split_rolling,0.95,2022-09-20,24,24,2943.71
split_rolling,0.95,2022-09-21,24,24,2930.6
split_rolling,0.95,2022-09-22,24,24,2894.43
split_rolling,0.95,2022-09-23,24,24,2832.42
split_rolling,0.95,2022-09-24,24,24,2758.53
split_rolling,0.95,2022-09-25,24,24,2736.91
split_rolling,0.95,2022-09-26,24,24,2736.91
split_rolling,0.95,2022-09-27,22,24,2736.91
split_rolling,0.95,2022-09-28,24,24,2652.53
split_rolling,0.95,2022-09-29,23,24,2697.61
split_rolling,0.95,2022-09-30,24,24,2697.61
split_rolling,0.95,2022-10-01,24,24,2698.5
split_rolling,0.95,2022-10-02,17,24,2698.5
split_rolling,0.95,2022-10-03,21,24,2696.01
split_rolling,0.95,2022-10-04,18,24,2610.98
split_rolling,0.95,2022-10-05,22,24,2635.69
split_rolling,0.95,2022-10-06,23,24,2697.61
split_rolling,0.95,2022-10-07,23,24,2713.34
split_rolling,0.95,2022-10-08,24,24,2713.34
split_rolling,0.95,2022-10-09,23,24,2723.09
split_rolling,0.95,2022-10-10,24,24,2723.09
split_rolling,0.95,2022-10-11,24,24,2686.82
split_rolling,0.95,2022-10-12,24,24,2686.82
split_rolling,0.95,2022-10-13,20,24,2646.85
split_rolling,0.95,2022-10-14,20,24,2586.31
split_rolling,0.95,2022-10-15,24,24,2607.08
split_rolling,0.95,2022-10-16,21,24,2635.69
split_rolling,0.95,2022-10-17,24,24,2596.99
split_rolling,0.95,2022-10-18,24,24,2607
split_rolling,0.95,2022-10-19,24,24,2607
split_rolling,0.95,2022-10-20,24,24,2607
split_rolling,0.95,2022-10-21,24,24,2607
split_rolling,0.95,2022-10-22,24,24,2607
split_rolling,0.95,2022-10-23,23,24,2607
split_rolling,0.95,2022-10-24,24,24,2607
split_rolling,0.95,2022-10-25,24,24,2571.74
split_rolling,0.95,2022-10-26,24,24,2562.39
split_rolling,0.95,2022-10-27,22,24,2562.39
split_rolling,0.95,2022-10-28,24,24,2562.39
split_rolling,0.95,2022-10-29,24,24,2513.42
split_rolling,0.95,2022-10-30,17,24,2513.42
split_rolling,0.95,2022-10-31,7,24,2513.42
split_rolling,0.95,2022-11-01,18,24,2530.16
split_rolling,0.95,2022-11-02,23,24,2631.42
split_rolling,0.95,2022-11-03,11,24,2607.08
split_rolling,0.95,2022-11-04,18,24,2631.42
split_rolling,0.95,2022-11-05,19,24,2698.5
split_rolling,0.95,2022-11-06,19,24,2695.4
split_rolling,0.95,2022-11-07,19,24,2718.51
split_rolling,0.95,2022-11-08,15,24,2759.12
split_rolling,0.95,2022-11-09,7,24,2778.59
split_rolling,0.95,2022-11-10,18,24,2868.91
split_rolling,0.95,2022-11-11,24,24,2977.36
split_rolling,0.95,2022-11-12,18,24,3029.21
split_rolling,0.95,2022-11-13,24,24,3029.21
split_rolling,0.95,2022-11-14,23,24,2977.36
split_rolling,0.95,2022-11-15,19,24,2977.36
split_rolling,0.95,2022-11-16,24,24,2978.91
split_rolling,0.95,2022-11-17,24,24,3052.27
split_rolling,0.95,2022-11-18,15,24,3005.86
split_rolling,0.95,2022-11-19,11,24,3005.86
split_rolling,0.95,2022-11-20,23,24,3094.63
split_rolling,0.95,2022-11-21,21,24,3199.23
split_rolling,0.95,2022-11-22,16,24,3205.84
split_rolling,0.95,2022-11-23,15,24,3221.31
split_rolling,0.95,2022-11-24,13,24,3326.28
split_rolling,0.95,2022-11-25,20,24,3363.2
split_rolling,0.95,2022-11-26,24,24,3476.69
split_rolling,0.95,2022-11-27,24,24,3518
split_rolling,0.95,2022-11-28,8,24,3518
split_rolling,0.95,2022-11-29,9,24,3518
split_rolling,0.95,2022-11-30,23,24,3786.01
split_rolling,0.95,2022-12-01,21,24,3862.5
split_rolling,0.95,2022-12-02,21,24,3862.5
split_rolling,0.95,2022-12-03,19,24,3870.96
split_rolling,0.95,2022-12-04,21,24,3885.48
split_rolling,0.95,2022-12-05,19,24,3908.31
split_rolling,0.95,2022-12-06,18,24,3924.12
split_rolling,0.95,2022-12-07,18,24,3999.74
split_rolling,0.95,2022-12-08,24,24,4044.76
split_rolling,0.95,2022-12-09,9,24,4154.76
split_rolling,0.95,2022-12-10,24,24,4154.76
split_rolling,0.95,2022-12-11,18,24,4377.68
split_rolling,0.95,2022-12-12,20,24,4377.68
split_rolling,0.95,2022-12-13,22,24,4447.42
split_rolling,0.95,2022-12-14,3,24,4478.86
split_rolling,0.95,2022-12-15,0,24,4521.66
split_rolling,0.95,2022-12-16,18,24,4788.24
split_rolling,0.95,2022-12-17,24,24,5048.57
split_rolling,0.95,2022-12-18,18,24,5142.37
split_rolling,0.95,2022-12-19,2,24,5142.37
split_rolling,0.95,2022-12-20,5,24,5238.13
split_rolling,0.95,2022-12-21,22,24,5599.38
split_rolling,0.95,2022-12-22,24,24,6044.6
split_rolling,0.95,2022-12-23,21,24,6044.6
split_rolling,0.95,2022-12-24,21,24,6044.6
split_rolling,0.95,2022-12-25,24,24,6081.11
split_rolling,0.95,2022-12-26,7,24,6139.18
split_rolling,0.95,2022-12-27,3,24,6139.18
split_rolling,0.95,2022-12-28,24,24,6549.73
split_rolling,0.95,2022-12-29,24,24,7044
split_rolling,0.95,2022-12-30,24,24,7044
split_rolling,0.95,2022-12-31,24,24,7044
split_rolling,0.95,2023-01-01,23,24,7044
split_rolling,0.95,2023-01-02,24,24,7044
split_rolling,0.95,2023-01-03,20,24,7064.57
split_rolling,0.95,2023-01-04,24,24,7064.57
split_rolling,0.95,2023-01-05,24,24,7240.31
split_rolling,0.95,2023-01-06,24,24,7240.31
split_rolling,0.95,2023-01-07,24,24,7240.31
split_rolling,0.95,2023-01-08,18,24,7240.31
split_rolling,0.95,2023-01-09,22,24,7240.31
split_rolling,0.95,2023-01-10,24,24,7284.71
split_rolling,0.95,2023-01-11,24,24,7313.96
split_rolling,0.95,2023-01-12,24,24,7313.96
split_rolling,0.95,2023-01-13,24,24,7313.96
split_rolling,0.95,2023-01-14,24,24,7313.96
split_rolling,0.95,2023-01-15,24,24,7313.96
split_rolling,0.95,2023-01-16,24,24,7313.96
split_rolling,0.95,2023-01-17,24,24,7313.96
split_rolling,0.95,2023-01-18,24,24,7313.96
split_rolling,0.95,2023-01-19,24,24,7313.96
split_rolling,0.95,2023-01-20,24,24,7313.96
split_rolling,0.95,2023-01-21,24,24,7313.96
split_rolling,0.95,2023-01-22,17,24,7313.96
split_rolling,0.95,2023-01-23,24,24,7313.96
split_rolling,0.95,2023-01-24,22,24,7503.88
split_rolling,0.95,2023-01-25,24,24,7503.88
split_rolling,0.95,2023-01-26,24,24,7513.72
split_rolling,0.95,2023-01-27,24,24,7513.72
split_rolling,0.95,2023-01-28,24,24,7513.72
split_rolling,0.95,2023-01-29,24,24,7513.72
split_rolling,0.95,2023-01-30,22,24,7513.72
split_rolling,0.95,2023-01-31,9,24,7513.72
split_rolling,0.95,2023-02-01,13,24,7545.14
split_rolling,0.95,2023-02-02,24,24,7972.16
split_rolling,0.95,2023-02-03,24,24,8147.88
split_rolling,0.95,2023-02-04,24,24,8147.88
split_rolling,0.95,2023-02-05,24,24,8147.88
split_rolling,0.95,2023-02-06,24,24,8147.88
split_rolling,0.95,2023-02-07,24,24,8147.88
split_rolling,0.95,2023-02-08,23,24,8147.88
split_rolling,0.95,2023-02-09,23,24,8147.88
split_rolling,0.95,2023-02-10,24,24,8151.79
split_rolling,0.95,2023-02-11,24,24,8176.18
split_rolling,0.95,2023-02-12,24,24,8176.18
split_rolling,0.95,2023-02-13,24,24,8176.18
split_rolling,0.95,2023-02-14,24,24,8176.18
split_rolling,0.95,2023-02-15,24,24,8176.18
split_rolling,0.95,2023-02-16,24,24,8176.18
split_rolling,0.95,2023-02-17,24,24,8176.18
split_rolling,0.95,2023-02-18,24,24,8176.18
split_rolling,0.95,2023-02-19,24,24,8176.18
split_rolling,0.95,2023-02-20,24,24,8176.18
split_rolling,0.95,2023-02-21,23,24,8176.18
split_rolling,0.95,2023-02-22,24,24,8176.18
split_rolling,0.95,2023-02-23,16,24,8203.78
split_rolling,0.95,2023-02-24,24,24,8203.78
split_rolling,0.95,2023-02-25,24,24,8378.31
split_rolling,0.95,2023-02-26,22,24,8378.31
split_rolling,0.95,2023-02-27,15,24,8378.31
split_rolling,0.95,2023-02-28,22,24,8380.04
split_rolling,0.95,2023-03-01,24,24,8553.42
split_rolling,0.95,2023-03-02,24,24,8645.36
split_rolling,0.95,2023-03-03,24,24,8645.36
split_rolling,0.95,2023-03-04,24,24,8645.36
split_rolling,0.95,2023-03-05,24,24,8645.36
split_rolling,0.95,2023-03-06,24,24,8645.36
split_rolling,0.95,2023-03-07,21,24,8645.36
split_rolling,0.95,2023-03-08,24,24,8645.36
split_rolling,0.95,2023-03-09,24,24,8690.29
split_rolling,0.95,2023-03-10,24,24,8690.29
split_rolling,0.95,2023-03-11,24,24,8690.29
split_rolling,0.95,2023-03-12,24,24,8690.29
split_rolling,0.95,2023-03-13,24,24,8690.29
split_rolling,0.95,2023-03-14,24,24,8690.29
split_rolling,0.95,2023-03-15,24,24,8690.29
split_rolling,0.95,2023-03-16,24,24,8505.89
split_rolling,0.95,2023-03-17,23,24,8397.01
split_rolling,0.95,2023-03-18,24,24,8397.01
split_rolling,0.95,2023-03-19,24,24,8462.24
split_rolling,0.95,2023-03-20,24,24,8380.04
split_rolling,0.95,2023-03-21,23,24,8036.13
split_rolling,0.95,2023-03-22,24,24,7856.77
split_rolling,0.95,2023-03-23,24,24,7865.85
split_rolling,0.95,2023-03-24,24,24,7865.85
split_rolling,0.95,2023-03-25,24,24,7856.77
split_rolling,0.95,2023-03-26,22,23,7737.33
split_rolling,0.95,2023-03-27,24,24,7737.33
split_rolling,0.95,2023-03-28,24,24,7545.14
split_rolling,0.95,2023-03-29,24,24,7240.31
split_rolling,0.95,2023-03-30,24,24,7240.31
split_rolling,0.95,2023-03-31,24,24,7240.31
split_rolling,0.95,2023-04-01,24,24,7240.31
split_rolling,0.95,2023-04-02,24,24,7240.31
split_rolling,0.95,2023-04-03,24,24,7204.75
split_rolling,0.95,2023-04-04,24,24,7204.75
split_rolling,0.95,2023-04-05,24,24,7175.6
split_rolling,0.95,2023-04-06,24,24,7175.6
split_rolling,0.95,2023-04-07,24,24,7175.6
split_rolling,0.95,2023-04-08,24,24,7175.6
split_rolling,0.95,2023-04-09,23,24,7175.6
split_rolling,0.95,2023-04-10,22,24,7077.6
split_rolling,0.95,2023-04-11,24,24,7030.48
split_rolling,0.95,2023-04-12,15,24,7077.6
split_rolling,0.95,2023-04-13,23,24,7077.6
split_rolling,0.95,2023-04-14,24,24,7177.33
split_rolling,0.95,2023-04-15,24,24,7182.84
split_rolling,0.95,2023-04-16,22,24,7182.84
split_rolling,0.95,2023-04-17,22,24,7182.84
split_rolling,0.95,2023-04-18,24,24,7258.8
split_rolling,0.95,2023-04-19,24,24,7265.92
split_rolling,0.95,2023-04-20,24,24,7265.92
split_rolling,0.95,2023-04-21,24,24,7265.92
split_rolling,0.95,2023-04-22,24,24,7265.92
split_rolling,0.95,2023-04-23,24,24,7265.92
split_rolling,0.95,2023-04-24,24,24,7173.69
split_rolling,0.95,2023-04-25,24,24,7173.69
split_rolling,0.95,2023-04-26,24,24,7134.46
split_rolling,0.95,2023-04-27,24,24,7127.36
split_rolling,0.95,2023-04-28,24,24,7127.36
split_rolling,0.95,2023-04-29,24,24,7127.36
split_rolling,0.95,2023-04-30,24,24,7127.36
split_rolling,0.95,2023-05-01,24,24,7127.36
split_rolling,0.95,2023-05-02,24,24,7088.29
split_rolling,0.95,2023-05-03,24,24,6820.49
split_rolling,0.95,2023-05-04,24,24,6589.58
split_rolling,0.95,2023-05-05,24,24,6553.19
split_rolling,0.95,2023-05-06,24,24,6553.19
split_rolling,0.95,2023-05-07,24,24,6553.19
split_rolling,0.95,2023-05-08,21,24,6553.19
split_rolling,0.95,2023-05-09,24,24,6553.19
split_rolling,0.95,2023-05-10,24,24,6626.39
split_rolling,0.95,2023-05-11,24,24,6576.36
split_rolling,0.95,2023-05-12,24,24,6494.47
split_rolling,0.95,2023-05-13,24,24,6494.47
split_rolling,0.95,2023-05-14,24,24,6494.47
split_rolling,0.95,2023-05-15,21,24,6494.47
split_rolling,0.95,2023-05-16,24,24,6494.47
split_rolling,0.95,2023-05-17,24,24,6589.58
split_rolling,0.95,2023-05-18,24,24,6589.58
split_rolling,0.95,2023-05-19,24,24,6589.58
split_rolling,0.95,2023-05-20,24,24,6589.58
split_rolling,0.95,2023-05-21,24,24,6589.58
split_rolling,0.95,2023-05-22,24,24,6589.58
split_rolling,0.95,2023-05-23,24,24,6589.58
split_rolling,0.95,2023-05-24,24,24,6494.47
split_rolling,0.95,2023-05-25,24,24,6425.54
split_rolling,0.95,2023-05-26,24,24,6340.6
split_rolling,0.95,2023-05-27,24,24,6340.6
split_rolling,0.95,2023-05-28,24,24,6279.44
split_rolling,0.95,2023-05-29,24,24,6174.53
split_rolling,0.95,2023-05-30,24,24,6030.01
split_rolling,0.95,2023-05-31,24,24,5947.69
split_rolling,0.95,2023-06-01,24,24,5918.7
split_rolling,0.95,2023-06-02,24,24,5887.8
split_rolling,0.95,2023-06-03,24,24,5887.8
split_rolling,0.95,2023-06-04,24,24,5887.8
split_rolling,0.95,2023-06-05,24,24,5834.63
split_rolling,0.95,2023-06-06,24,24,5739.41
split_rolling,0.95,2023-06-07,24,24,5618.41
split_rolling,0.95,2023-06-08,24,24,5618.41
split_rolling,0.95,2023-06-09,24,24,5618.41
split_rolling,0.95,2023-06-10,24,24,5569.45
split_rolling,0.95,2023-06-11,24,24,5551.42
split_rolling,0.95,2023-06-12,24,24,5551.42
split_rolling,0.95,2023-06-13,24,24,5526.74
split_rolling,0.95,2023-06-14,24,24,5526.74
split_rolling,0.95,2023-06-15,24,24,5510.59
split_rolling,0.95,2023-06-16,24,24,5483.32
split_rolling,0.95,2023-06-17,24,24,5420.76
split_rolling,0.95,2023-06-18,24,24,5420.76
split_rolling,0.95,2023-06-19,24,24,5420.76
split_rolling,0.95,2023-06-20,24,24,5336.92
split_rolling,0.95,2023-06-21,24,24,5263.03
split_rolling,0.95,2023-06-22,24,24,5263.03
split_rolling,0.95,2023-06-23,24,24,5257.49
split_rolling,0.95,2023-06-24,24,24,5193.83
split_rolling,0.95,2023-06-25,24,24,5084.19
split_rolling,0.95,2023-06-26,24,24,5052.18
split_rolling,0.95,2023-06-27,24,24,5052.18
split_rolling,0.95,2023-06-28,24,24,5052.18
split_rolling,0.95,2023-06-29,24,24,5052.18
split_rolling,0.95,2023-06-30,24,24,5052.18
split_rolling,0.95,2023-07-01,24,24,5047.19
split_rolling,0.95,2023-07-02,24,24,5022.42
split_rolling,0.95,2023-07-03,24,24,4983.04
split_rolling,0.95,2023-07-04,24,24,4983.04
split_rolling,0.95,2023-07-05,24,24,4983.04
split_rolling,0.95,2023-07-06,24,24,4888.2
split_rolling,0.95,2023-07-07,24,24,4888.2
split_rolling,0.95,2023-07-08,24,24,4861.66
split_rolling,0.95,2023-07-09,24,24,4861.66
split_rolling,0.95,2023-07-10,24,24,4707.05
split_rolling,0.95,2023-07-11,24,24,4604.37
split_rolling,0.95,2023-07-12,24,24,4531.8
split_rolling,0.95,2023-07-13,20,24,4309.99
split_rolling,0.95,2023-07-14,24,24,4219.11
split_rolling,0.95,2023-07-15,24,24,4179.18
split_rolling,0.95,2023-07-16,24,24,4165.68
split_rolling,0.95,2023-07-17,24,24,4097.58
split_rolling,0.95,2023-07-18,24,24,3895.27
split_rolling,0.95,2023-07-19,24,24,3895.27
split_rolling,0.95,2023-07-20,24,24,3817.09
split_rolling,0.95,2023-07-21,24,24,3717.48
split_rolling,0.95,2023-07-22,24,24,3665.65
split_rolling,0.95,2023-07-23,24,24,3665.65
split_rolling,0.95,2023-07-24,24,24,3589.63
split_rolling,0.95,2023-07-25,20,24,3584.86
split_rolling,0.95,2023-07-26,24,24,3558.23
split_rolling,0.95,2023-07-27,24,24,3536.16
split_rolling,0.95,2023-07-28,24,24,3536.16
split_rolling,0.95,2023-07-29,24,24,3494.1
split_rolling,0.95,2023-07-30,24,24,3494.1
split_rolling,0.95,2023-07-31,24,24,3453.16
split_rolling,0.95,2023-08-01,24,24,3445.85
split_rolling,0.95,2023-08-02,17,24,3445.85
split_rolling,0.95,2023-08-03,24,24,3445.85
split_rolling,0.95,2023-08-04,24,24,3468.87
split_rolling,0.95,2023-08-05,24,24,3428.44
split_rolling,0.95,2023-08-06,24,24,3414.69
split_rolling,0.95,2023-08-07,24,24,3367.42
split_rolling,0.95,2023-08-08,24,24,3253.04
split_rolling,0.95,2023-08-09,23,24,3232.23
split_rolling,0.95,2023-08-10,24,24,3204.53
split_rolling,0.95,2023-08-11,24,24,3220.25
split_rolling,0.95,2023-08-12,24,24,3220.25
split_rolling,0.95,2023-08-13,23,24,3182.73
split_rolling,0.95,2023-08-14,24,24,3036.2
split_rolling,0.95,2023-08-15,24,24,2916.92
split_rolling,0.95,2023-08-16,24,24,2866.69
split_rolling,0.95,2023-08-17,24,24,2802.06
split_rolling,0.95,2023-08-18,24,24,2761.94
split_rolling,0.95,2023-08-19,24,24,2705.91
split_rolling,0.95,2023-08-20,22,24,2685.55
split_rolling,0.95,2023-08-21,12,24,2661.93
split_rolling,0.95,2023-08-22,0,24,2642.84
split_rolling,0.95,2023-08-23,0,24,2707.35
split_rolling,0.95,2023-08-24,19,24,2955.35
split_rolling,0.95,2023-08-25,13,24,3274.55
split_rolling,0.95,2023-08-26,13,24,3306.16
split_rolling,0.95,2023-08-27,21,24,3430.76
split_rolling,0.95,2023-08-28,14,24,3550.43
split_rolling,0.95,2023-08-29,14,24,3558.17
split_rolling,0.95,2023-08-30,19,24,3681.52
split_rolling,0.95,2023-08-31,24,24,3701.95
split_rolling,0.95,2023-09-01,24,24,3821.54
split_rolling,0.95,2023-09-02,24,24,3821.54
split_rolling,0.95,2023-09-03,24,24,3821.54
split_rolling,0.95,2023-09-04,24,24,3821.54
split_rolling,0.95,2023-09-05,24,24,3821.54
split_rolling,0.95,2023-09-06,24,24,3821.54
split_rolling,0.95,2023-09-07,24,24,3821.54
split_rolling,0.95,2023-09-08,24,24,3821.54
split_rolling,0.95,2023-09-09,24,24,3821.54
split_rolling,0.95,2023-09-10,24,24,3821.54
split_rolling,0.95,2023-09-11,24,24,3821.54
split_rolling,0.95,2023-09-12,24,24,3821.54
split_rolling,0.95,2023-09-13,24,24,3821.54
split_rolling,0.95,2023-09-14,24,24,3821.54
split_rolling,0.95,2023-09-15,24,24,3821.54
split_rolling,0.95,2023-09-16,24,24,3821.54
split_rolling,0.95,2023-09-17,24,24,3821.54
split_rolling,0.95,2023-09-18,24,24,3821.54
split_rolling,0.95,2023-09-19,24,24,3821.54
split_rolling,0.95,2023-09-20,24,24,3821.54
split_rolling,0.95,2023-09-21,24,24,3821.54
split_rolling,0.95,2023-09-22,24,24,3821.54
split_rolling,0.95,2023-09-23,24,24,3821.54
split_rolling,0.95,2023-09-24,24,24,3821.54
split_rolling,0.95,2023-09-25,24,24,3821.54
split_rolling,0.95,2023-09-26,24,24,3821.54
split_rolling,0.95,2023-09-27,24,24,3821.54
split_rolling,0.95,2023-09-28,24,24,3821.54
split_rolling,0.95,2023-09-29,24,24,3821.54
split_rolling,0.95,2023-09-30,24,24,3821.54
split_rolling,0.95,2023-10-01,24,24,3821.54
split_rolling,0.95,2023-10-02,24,24,3821.54
split_rolling,0.95,2023-10-03,24,24,3821.54
split_rolling,0.95,2023-10-04,24,24,3821.54
split_rolling,0.95,2023-10-05,24,24,3821.54
split_rolling,0.95,2023-10-06,24,24,3821.54
split_rolling,0.95,2023-10-07,24,24,3821.54
split_rolling,0.95,2023-10-08,24,24,3799.74
split_rolling,0.95,2023-10-09,24,24,3799.74
split_rolling,0.95,2023-10-10,24,24,3799.74
split_rolling,0.95,2023-10-11,24,24,3799.74
split_rolling,0.95,2023-10-12,24,24,3799.74
split_rolling,0.95,2023-10-13,24,24,3712.29
split_rolling,0.95,2023-10-14,24,24,3701.95
split_rolling,0.95,2023-10-15,24,24,3701.95
split_rolling,0.95,2023-10-16,24,24,3701.95
split_rolling,0.95,2023-10-17,24,24,3701.95
split_rolling,0.95,2023-10-18,24,24,3701.95
split_rolling,0.95,2023-10-19,24,24,3701.95
split_rolling,0.95,2023-10-20,24,24,3701.95
split_rolling,0.95,2023-10-21,24,24,3701.95
split_rolling,0.95,2023-10-22,24,24,3701.95
split_rolling,0.95,2023-10-23,23,24,3701.95
split_rolling,0.95,2023-10-24,16,24,3701.95
split_rolling,0.95,2023-10-25,18,24,3651.05
split_rolling,0.95,2023-10-26,22,24,3796.66
split_rolling,0.95,2023-10-27,24,24,3845.67
split_rolling,0.95,2023-10-28,24,24,3937.83
split_rolling,0.95,2023-10-29,23,24,3937.83
split_rolling,0.95,2023-10-30,21,24,3937.83
split_rolling,0.95,2023-10-31,21,24,3939.04
split_rolling,0.95,2023-11-01,23,24,3965.93
split_rolling,0.95,2023-11-02,23,24,3965.93
split_rolling,0.95,2023-11-03,24,24,3988.58
split_rolling,0.95,2023-11-04,24,24,3995.4
split_rolling,0.95,2023-11-05,24,24,3995.4
split_rolling,0.95,2023-11-06,22,24,3995.4
split_rolling,0.95,2023-11-07,21,24,3995.4
split_rolling,0.95,2023-11-08,9,24,4036.76
split_rolling,0.95,2023-11-09,23,24,4099.89
split_rolling,0.95,2023-11-10,24,24,4288.74
split_rolling,0.95,2023-11-11,10,24,4297.78
split_rolling,0.95,2023-11-12,23,24,4297.78
split_rolling,0.95,2023-11-13,21,24,4500.27
split_rolling,0.95,2023-11-14,24,24,4500.27
split_rolling,0.95,2023-11-15,22,24,4544.15
split_rolling,0.95,2023-11-16,24,24,4544.15
split_rolling,0.95,2023-11-17,18,24,4646.42
split_rolling,0.95,2023-11-18,24,24,4646.42
split_rolling,0.95,2023-11-19,20,24,4744.68
split_rolling,0.95,2023-11-20,24,24,4744.68
split_rolling,0.95,2023-11-21,24,24,4683.17
split_rolling,0.95,2023-11-22,24,24,4495.13
split_rolling,0.95,2023-11-23,18,24,4184.99
split_rolling,0.95,2023-11-24,24,24,4179.22
split_rolling,0.95,2023-11-25,23,24,4158.6
split_rolling,0.95,2023-11-26,17,24,4020.84
split_rolling,0.95,2023-11-27,23,24,4031.61
split_rolling,0.95,2023-11-28,18,24,4031.61
split_rolling,0.95,2023-11-29,16,24,3920.19
split_rolling,0.95,2023-11-30,10,24,3988.86
split_rolling,0.95,2023-12-01,15,24,4107.06
split_rolling,0.95,2023-12-02,16,24,4291.45
split_rolling,0.95,2023-12-03,18,24,4386.36
split_rolling,0.95,2023-12-04,24,24,4473.92
split_rolling,0.95,2023-12-05,23,24,4558.22
split_rolling,0.95,2023-12-06,21,24,4558.22
split_rolling,0.95,2023-12-07,5,24,4574.64
split_rolling,0.95,2023-12-08,21,24,4592.82
split_rolling,0.95,2023-12-09,22,24,4850.28
split_rolling,0.95,2023-12-10,23,24,4875.14
split_rolling,0.95,2023-12-11,24,24,4953.27
split_rolling,0.95,2023-12-12,24,24,4961.35
split_rolling,0.95,2023-12-13,19,24,4961.35
split_rolling,0.95,2023-12-14,24,24,4961.35
split_rolling,0.95,2023-12-15,24,24,4991.43
split_rolling,0.95,2023-12-16,19,24,4991.43
split_rolling,0.95,2023-12-17,5,24,4991.43
split_rolling,0.95,2023-12-18,0,24,5036.94
split_rolling,0.95,2023-12-19,18,24,5291.47
split_rolling,0.95,2023-12-20,22,24,5631.61
split_rolling,0.95,2023-12-21,24,24,5654.19
split_rolling,0.95,2023-12-22,17,24,5675.57
split_rolling,0.95,2023-12-23,24,24,5675.57
split_rolling,0.95,2023-12-24,21,24,5788.23
split_rolling,0.95,2023-12-25,24,24,5788.23
split_rolling,0.95,2023-12-26,20,24,5829.46
split_rolling,0.95,2023-12-27,24,24,5829.46
split_rolling,0.95,2023-12-28,24,24,5861.25
split_rolling,0.95,2023-12-29,24,24,5861.25
split_rolling,0.95,2023-12-30,24,24,5861.25
split_rolling,0.95,2023-12-31,24,24,5861.25
split_rolling,0.95,2024-01-01,21,24,5861.25
split_rolling,0.95,2024-01-02,18,24,5861.25
split_rolling,0.95,2024-01-03,23,24,5901.51
split_rolling,0.95,2024-01-04,24,24,5986.42
split_rolling,0.95,2024-01-05,24,24,5987.04
split_rolling,0.95,2024-01-06,20,24,5987.04
split_rolling,0.95,2024-01-07,23,24,5987.04
split_rolling,0.95,2024-01-08,7,24,6022.98
split_rolling,0.95,2024-01-09,0,24,6032.38
split_rolling,0.95,2024-01-10,24,24,6378.62
split_rolling,0.95,2024-01-11,23,24,6709.06
split_rolling,0.95,2024-01-12,18,24,6709.06
split_rolling,0.95,2024-01-13,23,24,6718.1
split_rolling,0.95,2024-01-14,24,24,6840.35
split_rolling,0.95,2024-01-15,11,24,6870.27
split_rolling,0.95,2024-01-16,12,24,6870.27
split_rolling,0.95,2024-01-17,7,24,7008.66
split_rolling,0.95,2024-01-18,14,24,7195.77
split_rolling,0.95,2024-01-19,23,24,7806.05
split_rolling,0.95,2024-01-20,23,24,8045.6
split_rolling,0.95,2024-01-21,24,24,8045.6
split_rolling,0.95,2024-01-22,24,24,8065.88
split_rolling,0.95,2024-01-23,24,24,8065.88
split_rolling,0.95,2024-01-24,24,24,8065.88
split_rolling,0.95,2024-01-25,24,24,8065.88
split_rolling,0.95,2024-01-26,24,24,8065.88
split_rolling,0.95,2024-01-27,24,24,8065.88
split_rolling,0.95,2024-01-28,24,24,8065.88
split_rolling,0.95,2024-01-29,24,24,8065.88
split_rolling,0.95,2024-01-30,24,24,8065.88
split_rolling,0.95,2024-01-31,24,24,8065.88
split_rolling,0.95,2024-02-01,24,24,8065.88
split_rolling,0.95,2024-02-02,24,24,8065.88
split_rolling,0.95,2024-02-03,24,24,8065.88
split_rolling,0.95,2024-02-04,23,24,8065.88
split_rolling,0.95,2024-02-05,14,24,8065.88
split_rolling,0.95,2024-02-06,24,24,8091.03
split_rolling,0.95,2024-02-07,24,24,8269
split_rolling,0.95,2024-02-08,24,24,8269
split_rolling,0.95,2024-02-09,24,24,8269
split_rolling,0.95,2024-02-10,24,24,8269
split_rolling,0.95,2024-02-11,24,24,8269
split_rolling,0.95,2024-02-12,24,24,8269
split_rolling,0.95,2024-02-13,24,24,8269
split_rolling,0.95,2024-02-14,24,24,8269
split_rolling,0.95,2024-02-15,24,24,8269
split_rolling,0.95,2024-02-16,24,24,8269
split_rolling,0.95,2024-02-17,24,24,8269
split_rolling,0.95,2024-02-18,24,24,8269
split_rolling,0.95,2024-02-19,24,24,8269
split_rolling,0.95,2024-02-20,24,24,8269
split_rolling,0.95,2024-02-21,24,24,8269
split_rolling,0.95,2024-02-22,22,24,8269
split_rolling,0.95,2024-02-23,24,24,8269
split_rolling,0.95,2024-02-24,24,24,8409.67
split_rolling,0.95,2024-02-25,24,24,8409.67
split_rolling,0.95,2024-02-26,24,24,8409.67
split_rolling,0.95,2024-02-27,24,24,8409.67
split_rolling,0.95,2024-02-28,24,24,8409.67
split_rolling,0.95,2024-02-29,21,24,8409.67
split_rolling,0.95,2024-03-01,24,24,8380.03
split_rolling,0.95,2024-03-02,24,24,8516.34
split_rolling,0.95,2024-03-03,24,24,8516.34
split_rolling,0.95,2024-03-04,24,24,8516.34
split_rolling,0.95,2024-03-05,21,24,8516.34
split_rolling,0.95,2024-03-06,24,24,8516.34
split_rolling,0.95,2024-03-07,24,24,8576.21
split_rolling,0.95,2024-03-08,24,24,8576.21
split_rolling,0.95,2024-03-09,24,24,8576.21
split_rolling,0.95,2024-03-10,24,24,8576.21
split_rolling,0.95,2024-03-11,24,24,8576.21
split_rolling,0.95,2024-03-12,24,24,8576.21
split_rolling,0.95,2024-03-13,24,24,8576.21
split_rolling,0.95,2024-03-14,24,24,8576.21
split_rolling,0.95,2024-03-15,24,24,8576.21
split_rolling,0.95,2024-03-16,24,24,8576.21
split_rolling,0.95,2024-03-17,24,24,8576.21
split_rolling,0.95,2024-03-18,24,24,8269
split_rolling,0.95,2024-03-19,20,24,8233.88
split_rolling,0.95,2024-03-20,24,24,8233.88
split_rolling,0.95,2024-03-21,24,24,8269
split_rolling,0.95,2024-03-22,24,24,8269
split_rolling,0.95,2024-03-23,24,24,8269
split_rolling,0.95,2024-03-24,24,24,8269
split_rolling,0.95,2024-03-25,24,24,8269
split_rolling,0.95,2024-03-26,22,24,8269
split_rolling,0.95,2024-03-27,22,24,8269
split_rolling,0.95,2024-03-28,24,24,8380.03
split_rolling,0.95,2024-03-29,24,24,8409.67
split_rolling,0.95,2024-03-30,24,24,8409.67
split_rolling,0.95,2024-03-31,23,23,8409.67
split_rolling,0.95,2024-04-01,24,24,8409.67
split_rolling,0.95,2024-04-02,24,24,8409.67
split_rolling,0.95,2024-04-03,24,24,8322.05
split_rolling,0.95,2024-04-04,24,24,8322.05
split_rolling,0.95,2024-04-05,24,24,8322.05
split_rolling,0.95,2024-04-06,24,24,8322.05
split_rolling,0.95,2024-04-07,24,24,8322.05
split_rolling,0.95,2024-04-08,24,24,8322.05
split_rolling,0.95,2024-04-09,20,24,7885.8
split_rolling,0.95,2024-04-10,24,24,7390.95
split_rolling,0.95,2024-04-11,24,24,7485.85
split_rolling,0.95,2024-04-12,24,24,7485.85
split_rolling,0.95,2024-04-13,24,24,7461.36
split_rolling,0.95,2024-04-14,24,24,7461.36
split_rolling,0.95,2024-04-15,24,24,7461.36
split_rolling,0.95,2024-04-16,24,24,7281.83
split_rolling,0.95,2024-04-17,21,24,7138.73
split_rolling,0.95,2024-04-18,24,24,6784.82
split_rolling,0.95,2024-04-19,24,24,6714.82
split_rolling,0.95,2024-04-20,24,24,6707
split_rolling,0.95,2024-04-21,24,24,6569.04
split_rolling,0.95,2024-04-22,24,24,6549.79
split_rolling,0.95,2024-04-23,24,24,6549.79
split_rolling,0.95,2024-04-24,24,24,6542.72
split_rolling,0.95,2024-04-25,24,24,6525.99
split_rolling,0.95,2024-04-26,24,24,6525.99
split_rolling,0.95,2024-04-27,19,24,6502.34
split_rolling,0.95,2024-04-28,14,24,6502.34
split_rolling,0.95,2024-04-29,24,24,6542.72
split_rolling,0.95,2024-04-30,24,24,6723.95
split_rolling,0.95,2024-05-01,24,24,6622.68
split_rolling,0.95,2024-05-02,24,24,6622.68
split_rolling,0.95,2024-05-03,23,24,6622.68
split_rolling,0.95,2024-05-04,24,24,6622.68
split_rolling,0.95,2024-05-05,24,24,6646.86
split_rolling,0.95,2024-05-06,24,24,6527.72
split_rolling,0.95,2024-05-07,24,24,6265.77
split_rolling,0.95,2024-05-08,24,24,6222.66
split_rolling,0.95,2024-05-09,24,24,6222.66
split_rolling,0.95,2024-05-10,22,24,6222.66
split_rolling,0.95,2024-05-11,24,24,6222.66
split_rolling,0.95,2024-05-12,24,24,6260.36
split_rolling,0.95,2024-05-13,24,24,6260.36
split_rolling,0.95,2024-05-14,24,24,6260.36
split_rolling,0.95,2024-05-15,17,24,6260.36
split_rolling,0.95,2024-05-16,24,24,6163.72
split_rolling,0.95,2024-05-17,24,24,6260.36
split_rolling,0.95,2024-05-18,24,24,6260.36
split_rolling,0.95,2024-05-19,24,24,6260.36
split_rolling,0.95,2024-05-20,24,24,6260.36
split_rolling,0.95,2024-05-21,24,24,6260.36
split_rolling,0.95,2024-05-22,24,24,6260.36
split_rolling,0.95,2024-05-23,24,24,6191
split_rolling,0.95,2024-05-24,24,24,6164.39
split_rolling,0.95,2024-05-25,24,24,6164.39
split_rolling,0.95,2024-05-26,24,24,6164.39
split_rolling,0.95,2024-05-27,24,24,6164.39
split_rolling,0.95,2024-05-28,24,24,6164.39
split_rolling,0.95,2024-05-29,24,24,6164.39
split_rolling,0.95,2024-05-30,24,24,6164.39
split_rolling,0.95,2024-05-31,24,24,6083.12
split_rolling,0.95,2024-06-01,24,24,6083.12
split_rolling,0.95,2024-06-02,24,24,6083.12
split_rolling,0.95,2024-06-03,24,24,6073.52
split_rolling,0.95,2024-06-04,24,24,6018.75
split_rolling,0.95,2024-06-05,24,24,5931.83
split_rolling,0.95,2024-06-06,24,24,5931.83
split_rolling,0.95,2024-06-07,24,24,5929.2
split_rolling,0.95,2024-06-08,24,24,5893.26
split_rolling,0.95,2024-06-09,24,24,5870.71
split_rolling,0.95,2024-06-10,24,24,5864.52
split_rolling,0.95,2024-06-11,24,24,5864.52
split_rolling,0.95,2024-06-12,24,24,5864.52
split_rolling,0.95,2024-06-13,24,24,5864.52
split_rolling,0.95,2024-06-14,24,24,5864.52
split_rolling,0.95,2024-06-15,24,24,5864.52
split_rolling,0.95,2024-06-16,24,24,5864.52
split_rolling,0.95,2024-06-17,24,24,5818.99
split_rolling,0.95,2024-06-18,24,24,5725.61
split_rolling,0.95,2024-06-19,24,24,5624.32
split_rolling,0.95,2024-06-20,24,24,5566.16
split_rolling,0.95,2024-06-21,24,24,5566.16
split_rolling,0.95,2024-06-22,24,24,5566.16
split_rolling,0.95,2024-06-23,24,24,5566.16
split_rolling,0.95,2024-06-24,24,24,5566.16
split_rolling,0.95,2024-06-25,24,24,5566.16
split_rolling,0.95,2024-06-26,24,24,5152.51
split_rolling,0.95,2024-06-27,24,24,4954.15
split_rolling,0.95,2024-06-28,24,24,4801.28
split_rolling,0.95,2024-06-29,24,24,4738.18
split_rolling,0.95,2024-06-30,24,24,4726.44
split_rolling,0.95,2024-07-01,24,24,4660.65
split_rolling,0.95,2024-07-02,24,24,4660.65
split_rolling,0.95,2024-07-03,24,24,4660.65
split_rolling,0.95,2024-07-04,24,24,4660.65
split_rolling,0.95,2024-07-05,24,24,4660.65
split_rolling,0.95,2024-07-06,24,24,4617.12
split_rolling,0.95,2024-07-07,24,24,4617.12
split_rolling,0.95,2024-07-08,24,24,4562.54
split_rolling,0.95,2024-07-09,24,24,4562.54
split_rolling,0.95,2024-07-10,24,24,4178.4
split_rolling,0.95,2024-07-11,24,24,4178.4
split_rolling,0.95,2024-07-12,24,24,4175.9
split_rolling,0.95,2024-07-13,24,24,4150.37
split_rolling,0.95,2024-07-14,24,24,4150.37
split_rolling,0.95,2024-07-15,24,24,4150.37
split_rolling,0.95,2024-07-16,24,24,4150.37
split_rolling,0.95,2024-07-17,24,24,4115.1
split_rolling,0.95,2024-07-18,24,24,3980.85
split_rolling,0.95,2024-07-19,24,24,3980.85
split_rolling,0.95,2024-07-20,24,24,3966.18
split_rolling,0.95,2024-07-21,24,24,3966.18
split_rolling,0.95,2024-07-22,24,24,3928.1
split_rolling,0.95,2024-07-23,24,24,3900.49
split_rolling,0.95,2024-07-24,24,24,3900.49
split_rolling,0.95,2024-07-25,24,24,3897.97
split_rolling,0.95,2024-07-26,24,24,3894.43
split_rolling,0.95,2024-07-27,24,24,3864.86
split_rolling,0.95,2024-07-28,23,24,3598.65
split_rolling,0.95,2024-07-29,22,24,3457.74
split_rolling,0.95,2024-07-30,24,24,3465.08
split_rolling,0.95,2024-07-31,24,24,3457.74
split_rolling,0.95,2024-08-01,24,24,3378.66
split_rolling,0.95,2024-08-02,19,24,3286.87
split_rolling,0.95,2024-08-03,23,24,3169.73
split_rolling,0.95,2024-08-04,24,24,3274.48
split_rolling,0.95,2024-08-05,24,24,3274.48
split_rolling,0.95,2024-08-06,24,24,3169.37
split_rolling,0.95,2024-08-07,24,24,3115.66
split_rolling,0.95,2024-08-08,24,24,3092.34
split_rolling,0.95,2024-08-09,23,24,3074.57
split_rolling,0.95,2024-08-10,24,24,2959.03
split_rolling,0.95,2024-08-11,24,24,2837.79
split_rolling,0.95,2024-08-12,19,24,2838.44
split_rolling,0.95,2024-08-13,23,24,2837.79
split_rolling,0.95,2024-08-14,16,24,2856.32
split_rolling,0.95,2024-08-15,23,24,2783.77
split_rolling,0.95,2024-08-16,19,24,2801.99
split_rolling,0.95,2024-08-17,16,24,2796.94
split_rolling,0.95,2024-08-18,17,24,2766.81
split_rolling,0.95,2024-08-19,12,24,2782.6
split_rolling,0.95,2024-08-20,24,24,2786.96
split_rolling,0.95,2024-08-21,24,24,2824.75
split_rolling,0.95,2024-08-22,24,24,2824.75
split_rolling,0.95,2024-08-23,24,24,2824.75
split_rolling,0.95,2024-08-24,24,24,2824.75
split_rolling,0.95,2024-08-25,24,24,2824.75
split_rolling,0.95,2024-08-26,24,24,2801.99
split_rolling,0.95,2024-08-27,19,24,2786.96
split_rolling,0.95,2024-08-28,24,24,2783.77
split_rolling,0.95,2024-08-29,24,24,2794.24
split_rolling,0.95,2024-08-30,24,24,2794.24
split_rolling,0.95,2024-08-31,24,24,2794.24
split_rolling,0.95,2024-09-01,15,24,2791.26
split_rolling,0.95,2024-09-02,24,24,2765.99
split_rolling,0.95,2024-09-03,24,24,2794.24
split_rolling,0.95,2024-09-04,23,24,2794.24
split_rolling,0.95,2024-09-05,24,24,2794.24
split_rolling,0.95,2024-09-06,22,24,2801.99
split_rolling,0.95,2024-09-07,24,24,2801.99
split_rolling,0.95,2024-09-08,23,24,2786.96
split_rolling,0.95,2024-09-09,24,24,2786.96
split_rolling,0.95,2024-09-10,24,24,2782.6
split_rolling,0.95,2024-09-11,24,24,2782.6
split_rolling,0.95,2024-09-12,24,24,2782.6
split_rolling,0.95,2024-09-13,24,24,2782.6
split_rolling,0.95,2024-09-14,24,24,2782.6
split_rolling,0.95,2024-09-15,24,24,2782.6
split_rolling,0.95,2024-09-16,24,24,2773.5
split_rolling,0.95,2024-09-17,24,24,2773.5
split_rolling,0.95,2024-09-18,24,24,2758.44
split_rolling,0.95,2024-09-19,24,24,2758.44
split_rolling,0.95,2024-09-20,24,24,2758.44
split_rolling,0.95,2024-09-21,24,24,2758.44
split_rolling,0.95,2024-09-22,20,24,2758.44
split_rolling,0.95,2024-09-23,21,24,2758.44
split_rolling,0.95,2024-09-24,24,24,2775.06
split_rolling,0.95,2024-09-25,24,24,2785.72
split_rolling,0.95,2024-09-26,16,24,2785.72
split_rolling,0.95,2024-09-27,24,24,2785.72
split_rolling,0.95,2024-09-28,24,24,2824.75
split_rolling,0.95,2024-09-29,24,24,2824.75
split_rolling,0.95,2024-09-30,17,24,2824.75
split_rolling,0.95,2024-10-01,9,24,2824.75
split_rolling,0.95,2024-10-02,24,24,2856.32
split_rolling,0.95,2024-10-03,24,24,2914.18
split_rolling,0.95,2024-10-04,20,24,2914.18
split_rolling,0.95,2024-10-05,24,24,2914.18
split_rolling,0.95,2024-10-06,23,24,2932.11
split_rolling,0.95,2024-10-07,23,24,2932.11
split_rolling,0.95,2024-10-08,24,24,2935.92
split_rolling,0.95,2024-10-09,24,24,2935.92
split_rolling,0.95,2024-10-10,24,24,2935.92
split_rolling,0.95,2024-10-11,23,24,2935.92
split_rolling,0.95,2024-10-12,20,24,2935.92
split_rolling,0.95,2024-10-13,20,24,2937.28
split_rolling,0.95,2024-10-14,24,24,2956.88
split_rolling,0.95,2024-10-15,24,24,2981.58
split_rolling,0.95,2024-10-16,21,24,2981.58
split_rolling,0.95,2024-10-17,24,24,2981.58
split_rolling,0.95,2024-10-18,24,24,2987.84
split_rolling,0.95,2024-10-19,22,24,2987.84
split_rolling,0.95,2024-10-20,24,24,2987.84
split_rolling,0.95,2024-10-21,19,24,2997.07
split_rolling,0.95,2024-10-22,24,24,2997.07
split_rolling,0.95,2024-10-23,14,24,3023.86
split_rolling,0.95,2024-10-24,24,24,3023.86
split_rolling,0.95,2024-10-25,19,24,3084.81
split_rolling,0.95,2024-10-26,24,24,3084.81
split_rolling,0.95,2024-10-27,22,24,3125.73
split_rolling,0.95,2024-10-28,17,24,3095.51
split_rolling,0.95,2024-10-29,20,24,3090.6
split_rolling,0.95,2024-10-30,22,24,3142.75
split_rolling,0.95,2024-10-31,20,24,3161.72
split_rolling,0.95,2024-11-01,17,24,3162.19
split_rolling,0.95,2024-11-02,22,24,3153.69
split_rolling,0.95,2024-11-03,14,24,3188.79
split_rolling,0.95,2024-11-04,13,24,3198.35
split_rolling,0.95,2024-11-05,24,24,3270.57
split_rolling,0.95,2024-11-06,23,24,3329.22
split_rolling,0.95,2024-11-07,22,24,3329.22
split_rolling,0.95,2024-11-08,13,24,3339.76
split_rolling,0.95,2024-11-09,23,24,3370.43
split_rolling,0.95,2024-11-10,17,24,3491.21
split_rolling,0.95,2024-11-11,15,24,3492.33
split_rolling,0.95,2024-11-12,24,24,3530.69
split_rolling,0.95,2024-11-13,24,24,3672.21
split_rolling,0.95,2024-11-14,21,24,3550.42
split_rolling,0.95,2024-11-15,21,24,3550.42
split_rolling,0.95,2024-11-16,22,24,3607.17
split_rolling,0.95,2024-11-17,24,24,3550.42
split_rolling,0.95,2024-11-18,23,24,3527.49
split_rolling,0.95,2024-11-19,19,24,3519.51
split_rolling,0.95,2024-11-20,12,24,3522.13
split_rolling,0.95,2024-11-21,14,24,3550.42
split_rolling,0.95,2024-11-22,15,24,3691.55
split_rolling,0.95,2024-11-23,14,24,3798.01
split_rolling,0.95,2024-11-24,2,24,3834.6
split_rolling,0.95,2024-11-25,1,24,3895.23
split_rolling,0.95,2024-11-26,20,24,4135.7
split_rolling,0.95,2024-11-27,23,24,4530.98
split_rolling,0.95,2024-11-28,10,24,4634.62
split_rolling,0.95,2024-11-29,23,24,4661.44
split_rolling,0.95,2024-11-30,24,24,4887.4
split_rolling,0.95,2024-12-01,21,24,4942.7
split_rolling,0.95,2024-12-02,24,24,4942.7
split_rolling,0.95,2024-12-03,24,24,4993.3
split_rolling,0.95,2024-12-04,24,24,4993.3
split_rolling,0.95,2024-12-05,13,24,4993.3
split_rolling,0.95,2024-12-06,18,24,4993.3
split_rolling,0.95,2024-12-07,20,24,5279.93
split_rolling,0.95,2024-12-08,11,24,5316.39
split_rolling,0.95,2024-12-09,23,24,5401.12
split_rolling,0.95,2024-12-10,24,24,5576.28
split_rolling,0.95,2024-12-11,24,24,5641.96
split_rolling,0.95,2024-12-12,24,24,5641.96
split_rolling,0.95,2024-12-13,22,24,5641.96
split_rolling,0.95,2024-12-14,24,24,5641.96
split_rolling,0.95,2024-12-15,16,24,5689.09
split_rolling,0.95,2024-12-16,20,24,5689.09
split_rolling,0.95,2024-12-17,18,24,5792.07
split_rolling,0.95,2024-12-18,21,24,5845.35
split_rolling,0.95,2024-12-19,21,24,5988.76
split_rolling,0.95,2024-12-20,20,24,6021.97
split_rolling,0.95,2024-12-21,24,24,6107.55
split_rolling,0.95,2024-12-22,24,24,6161.58
split_rolling,0.95,2024-12-23,19,24,6161.58
split_rolling,0.95,2024-12-24,13,24,6161.58
split_rolling,0.95,2024-12-25,14,24,6267.03
split_rolling,0.95,2024-12-26,21,24,6435.11
split_rolling,0.95,2024-12-27,24,24,6535.59
split_rolling,0.95,2024-12-28,14,24,6621.99
split_rolling,0.95,2024-12-29,24,24,6621.99
split_rolling,0.95,2024-12-30,24,24,6750.23
split_rolling,0.95,2024-12-31,23,24,6750.23
split_rolling,0.95,2025-01-01,24,24,6750.23
split_rolling,0.95,2025-01-02,23,24,6768.18
split_rolling,0.95,2025-01-03,20,24,6768.18
split_rolling,0.95,2025-01-04,24,24,6775.15
split_rolling,0.95,2025-01-05,24,24,6816.96
split_rolling,0.95,2025-01-06,24,24,6816.96
split_rolling,0.95,2025-01-07,22,24,6816.96
split_rolling,0.95,2025-01-08,23,24,6816.96
split_rolling,0.95,2025-01-09,24,24,6876.88
split_rolling,0.95,2025-01-10,22,24,6876.88
split_rolling,0.95,2025-01-11,23,24,6876.88
split_rolling,0.95,2025-01-12,7,24,6969.91
split_rolling,0.95,2025-01-13,15,24,6978.76
split_rolling,0.95,2025-01-14,14,24,7107.81
split_rolling,0.95,2025-01-15,20,24,7291.97
split_rolling,0.95,2025-01-16,24,24,7532.51
split_rolling,0.95,2025-01-17,24,24,7569.63
split_rolling,0.95,2025-01-18,18,24,7569.63
split_rolling,0.95,2025-01-19,23,24,7569.63
split_rolling,0.95,2025-01-20,18,24,7617.44
split_rolling,0.95,2025-01-21,21,24,7634.97
split_rolling,0.95,2025-01-22,23,24,7722.34
split_rolling,0.95,2025-01-23,24,24,7759.65
split_rolling,0.95,2025-01-24,24,24,7770.67
split_rolling,0.95,2025-01-25,21,24,7770.67
split_rolling,0.95,2025-01-26,24,24,7770.67
split_rolling,0.95,2025-01-27,24,24,7815.26
split_rolling,0.95,2025-01-28,24,24,7815.26
split_rolling,0.95,2025-01-29,24,24,7815.26
split_rolling,0.95,2025-01-30,24,24,7815.26
split_rolling,0.95,2025-01-31,24,24,7815.26
split_rolling,0.95,2025-02-01,24,24,7815.26
split_rolling,0.95,2025-02-02,24,24,7815.26
split_rolling,0.95,2025-02-03,24,24,7815.26
split_rolling,0.95,2025-02-04,24,24,7815.26
split_rolling,0.95,2025-02-05,24,24,7815.26
split_rolling,0.95,2025-02-06,24,24,7815.26
split_rolling,0.95,2025-02-07,24,24,7815.26
split_rolling,0.95,2025-02-08,24,24,7815.26
split_rolling,0.95,2025-02-09,24,24,7815.26
split_rolling,0.95,2025-02-10,24,24,7815.26
split_rolling,0.95,2025-02-11,24,24,7815.26
split_rolling,0.95,2025-02-12,24,24,7815.26
split_rolling,0.95,2025-02-13,24,24,7815.26
split_rolling,0.95,2025-02-14,24,24,7815.26
split_rolling,0.95,2025-02-15,24,24,7815.26
split_rolling,0.95,2025-02-16,24,24,7815.26
split_rolling,0.95,2025-02-17,21,24,7815.26
split_rolling,0.95,2025-02-18,21,24,7815.26
split_rolling,0.95,2025-02-19,24,24,7823.57
split_rolling,0.95,2025-02-20,24,24,7854.86
split_rolling,0.95,2025-02-21,24,24,7843.38
split_rolling,0.95,2025-02-22,24,24,7843.38
split_rolling,0.95,2025-02-23,24,24,7843.38
split_rolling,0.95,2025-02-24,24,24,7816.85
split_rolling,0.95,2025-02-25,24,24,7731.07
split_rolling,0.95,2025-02-26,23,24,7731.07
split_rolling,0.95,2025-02-27,24,24,7731.07
split_rolling,0.95,2025-02-28,24,24,7599.76
split_rolling,0.95,2025-03-01,24,24,7599.76
split_rolling,0.95,2025-03-02,24,24,7599.76
split_rolling,0.95,2025-03-03,24,24,7599.76
split_rolling,0.95,2025-03-04,23,24,7599.76
split_rolling,0.95,2025-03-05,24,24,7599.76
split_rolling,0.95,2025-03-06,24,24,7602.1
split_rolling,0.95,2025-03-07,24,24,7602.1
split_rolling,0.95,2025-03-08,24,24,7602.1
split_rolling,0.95,2025-03-09,18,24,7602.1
split_rolling,0.95,2025-03-10,24,24,7448.16
split_rolling,0.95,2025-03-11,24,24,7563.36
split_rolling,0.95,2025-03-12,23,24,7563.36
split_rolling,0.95,2025-03-13,20,24,7563.36
split_rolling,0.95,2025-03-14,24,24,7567.03
split_rolling,0.95,2025-03-15,23,24,7617.44
split_rolling,0.95,2025-03-16,24,24,7617.44
split_rolling,0.95,2025-03-17,24,24,7582.45
split_rolling,0.95,2025-03-18,24,24,7582.45
split_rolling,0.95,2025-03-19,24,24,7537.2
split_rolling,0.95,2025-03-20,24,24,7537.2
split_rolling,0.95,2025-03-21,24,24,7532.51
split_rolling,0.95,2025-03-22,24,24,7500.9
split_rolling,0.95,2025-03-23,24,24,7500.9
split_rolling,0.95,2025-03-24,24,24,7500.9
split_rolling,0.95,2025-03-25,23,24,7448.08
split_rolling,0.95,2025-03-26,24,24,7392.99
split_rolling,0.95,2025-03-27,24,24,7340.92
split_rolling,0.95,2025-03-28,24,24,7317.85
split_rolling,0.95,2025-03-29,24,24,7317.85
split_rolling,0.95,2025-03-30,20,23,7199.37
split_rolling,0.95,2025-03-31,21,24,7199.37
split_rolling,0.95,2025-04-01,24,24,7311.99
split_rolling,0.95,2025-04-02,24,24,7340.92
split_rolling,0.95,2025-04-03,24,24,7340.92
split_rolling,0.95,2025-04-04,24,24,7340.92
split_rolling,0.95,2025-04-05,24,24,7271.75
split_rolling,0.95,2025-04-06,24,24,7271.75
split_rolling,0.95,2025-04-07,24,24,7271.75
split_rolling,0.95,2025-04-08,24,24,7271.75
split_rolling,0.95,2025-04-09,24,24,7199.37
split_rolling,0.95,2025-04-10,24,24,7199.37
split_rolling,0.95,2025-04-11,24,24,7199.37
split_rolling,0.95,2025-04-12,24,24,7170.74
split_rolling,0.95,2025-04-13,24,24,7081.5
split_rolling,0.95,2025-04-14,20,24,6848.12
split_rolling,0.95,2025-04-15,17,24,6687.15
split_rolling,0.95,2025-04-16,24,24,6648.09
split_rolling,0.95,2025-04-17,21,24,6633.42
split_rolling,0.95,2025-04-18,24,24,6633.42
split_rolling,0.95,2025-04-19,24,24,6689.99
split_rolling,0.95,2025-04-20,24,24,6561.77
split_rolling,0.95,2025-04-21,24,24,6535.97
split_rolling,0.95,2025-04-22,24,24,6482.87
split_rolling,0.95,2025-04-23,24,24,6467.65
split_rolling,0.95,2025-04-24,24,24,6329.62
split_rolling,0.95,2025-04-25,24,24,6329.62
split_rolling,0.95,2025-04-26,24,24,6329.62
split_rolling,0.95,2025-04-27,24,24,6238.41
split_rolling,0.95,2025-04-28,24,24,6237.01
split_rolling,0.95,2025-04-29,24,24,6237.01
split_rolling,0.95,2025-04-30,24,24,6237.01
split_rolling,0.95,2025-05-01,22,24,6237.01
split_rolling,0.95,2025-05-02,21,24,6237.01
split_rolling,0.95,2025-05-03,24,24,6243.74
split_rolling,0.95,2025-05-04,24,24,6272.02
split_rolling,0.95,2025-05-05,24,24,6272.02
split_rolling,0.95,2025-05-06,24,24,6272.02
split_rolling,0.95,2025-05-07,24,24,6272.02
split_rolling,0.95,2025-05-08,23,24,6272.02
split_rolling,0.95,2025-05-09,24,24,6272.02
split_rolling,0.95,2025-05-10,24,24,6286.05
split_rolling,0.95,2025-05-11,24,24,6286.05
split_rolling,0.95,2025-05-12,24,24,6286.05
split_rolling,0.95,2025-05-13,24,24,6272.02
split_rolling,0.95,2025-05-14,24,24,6272.02
split_rolling,0.95,2025-05-15,23,24,6261.3
split_rolling,0.95,2025-05-16,24,24,6261.3
split_rolling,0.95,2025-05-17,24,24,6243.74
split_rolling,0.95,2025-05-18,24,24,6237.01
split_rolling,0.95,2025-05-19,24,24,6237.01
split_rolling,0.95,2025-05-20,24,24,6148.08
split_rolling,0.95,2025-05-21,24,24,6093.29
split_rolling,0.95,2025-05-22,24,24,6093.29
split_rolling,0.95,2025-05-23,24,24,6078.74
split_rolling,0.95,2025-05-24,24,24,6078.74
split_rolling,0.95,2025-05-25,24,24,6078.74
split_rolling,0.95,2025-05-26,24,24,6077.94
split_rolling,0.95,2025-05-27,24,24,6077.94
split_rolling,0.95,2025-05-28,24,24,6077.94
split_rolling,0.95,2025-05-29,24,24,6064.02
split_rolling,0.95,2025-05-30,24,24,6064.02
split_rolling,0.95,2025-05-31,24,24,6064.02
split_rolling,0.95,2025-06-01,24,24,6064.02
split_rolling,0.95,2025-06-02,24,24,6064.02
split_rolling,0.95,2025-06-03,24,24,6031.72
split_rolling,0.95,2025-06-04,24,24,5974.53
split_rolling,0.95,2025-06-05,24,24,5945.05
split_rolling,0.95,2025-06-06,24,24,5945.05
split_rolling,0.95,2025-06-07,24,24,5945.05
split_rolling,0.95,2025-06-08,24,24,5945.05
split_rolling,0.95,2025-06-09,24,24,5839.17
split_rolling,0.95,2025-06-10,24,24,5796.03
split_rolling,0.95,2025-06-11,24,24,5756.47
split_rolling,0.95,2025-06-12,24,24,5634.27
split_rolling,0.95,2025-06-13,24,24,5500.04
split_rolling,0.95,2025-06-14,24,24,5449.43
split_rolling,0.95,2025-06-15,24,24,5436.72
split_rolling,0.95,2025-06-16,24,24,5436.72
split_rolling,0.95,2025-06-17,24,24,5436.72
split_rolling,0.95,2025-06-18,24,24,5436.72
split_rolling,0.95,2025-06-19,24,24,5375.01
split_rolling,0.95,2025-06-20,24,24,5375.01
split_rolling,0.95,2025-06-21,24,24,5375.01
split_rolling,0.95,2025-06-22,24,24,5375.01
split_rolling,0.95,2025-06-23,24,24,5330.14
split_rolling,0.95,2025-06-24,24,24,5264.77
split_rolling,0.95,2025-06-25,24,24,5192.39
split_rolling,0.95,2025-06-26,24,24,5175.27
split_rolling,0.95,2025-06-27,24,24,5144.55
split_rolling,0.95,2025-06-28,24,24,5144.55
split_rolling,0.95,2025-06-29,24,24,5125.72
split_rolling,0.95,2025-06-30,16,24,5071.88
split_rolling,0.95,2025-07-01,24,24,4798.47
split_rolling,0.95,2025-07-02,24,24,4750.94
split_rolling,0.95,2025-07-03,24,24,4750.53
split_rolling,0.95,2025-07-04,24,24,4750.53
split_rolling,0.95,2025-07-05,24,24,4743.08
split_rolling,0.95,2025-07-06,24,24,4742.22
split_rolling,0.95,2025-07-07,10,24,4740.61
split_rolling,0.95,2025-07-08,24,24,4740.61
split_rolling,0.95,2025-07-09,24,24,4968.47
split_rolling,0.95,2025-07-10,24,24,4968.47
split_rolling,0.95,2025-07-11,24,24,4968.47
split_rolling,0.95,2025-07-12,24,24,4968.47
split_rolling,0.95,2025-07-13,24,24,4968.47
split_rolling,0.95,2025-07-14,22,24,4931.97
split_rolling,0.95,2025-07-15,24,24,4643.52
split_rolling,0.95,2025-07-16,24,24,4447.47
split_rolling,0.95,2025-07-17,24,24,4317.21
split_rolling,0.95,2025-07-18,24,24,4185.58
split_rolling,0.95,2025-07-19,24,24,4185.58
split_rolling,0.95,2025-07-20,24,24,4185.58
split_rolling,0.95,2025-07-21,24,24,4100.79
split_rolling,0.95,2025-07-22,24,24,4100.79
split_rolling,0.95,2025-07-23,24,24,4088.27
split_rolling,0.95,2025-07-24,24,24,4029.5
split_rolling,0.95,2025-07-25,24,24,4029.5
split_rolling,0.95,2025-07-26,24,24,4029.5
split_rolling,0.95,2025-07-27,24,24,4029.5
split_rolling,0.95,2025-07-28,24,24,4029.5
split_rolling,0.95,2025-07-29,24,24,4029.5
split_rolling,0.95,2025-07-30,24,24,3874.14
split_rolling,0.95,2025-07-31,24,24,3837.58
split_rolling,0.95,2025-08-01,24,24,3644.17
split_rolling,0.95,2025-08-02,24,24,3516.91
split_rolling,0.95,2025-08-03,24,24,3437.96
split_rolling,0.95,2025-08-04,24,24,3437.96
split_rolling,0.95,2025-08-05,24,24,3437.96
split_rolling,0.95,2025-08-06,24,24,3437.96
split_rolling,0.95,2025-08-07,24,24,3424.78
split_rolling,0.95,2025-08-08,24,24,3336.58
split_rolling,0.95,2025-08-09,20,24,3230.08
split_rolling,0.95,2025-08-10,24,24,3230.08
split_rolling,0.95,2025-08-11,24,24,3262.72
split_rolling,0.95,2025-08-12,23,24,3262.72
split_rolling,0.95,2025-08-13,24,24,3262.72
split_rolling,0.95,2025-08-14,19,24,3238.78
split_rolling,0.95,2025-08-15,24,24,3105.28
split_rolling,0.95,2025-08-16,22,24,3072.33
split_rolling,0.95,2025-08-17,24,24,3058.54
split_rolling,0.95,2025-08-18,19,24,3076.76
split_rolling,0.95,2025-08-19,15,24,3076.76
split_rolling,0.95,2025-08-20,22,24,3105.81
split_rolling,0.95,2025-08-21,24,24,3142.91
split_rolling,0.95,2025-08-22,22,24,3151.89
split_rolling,0.95,2025-08-23,11,24,3151.89
split_rolling,0.95,2025-08-24,24,24,3162.01
split_rolling,0.95,2025-08-25,24,24,3238.78
split_rolling,0.95,2025-08-26,24,24,3238.78
split_rolling,0.95,2025-08-27,24,24,3238.78
split_rolling,0.95,2025-08-28,24,24,3230.08
split_rolling,0.95,2025-08-29,24,24,3221.94
split_rolling,0.95,2025-08-30,24,24,3206.53
split_rolling,0.95,2025-08-31,24,24,3206.53
split_rolling,0.95,2025-09-01,24,24,3206.53
split_rolling,0.95,2025-09-02,23,24,3206.53
split_rolling,0.95,2025-09-03,17,24,3206.53
split_rolling,0.95,2025-09-04,24,24,3219.28
split_rolling,0.95,2025-09-05,24,24,3249.18
split_rolling,0.95,2025-09-06,24,24,3249.18
split_rolling,0.95,2025-09-07,24,24,3249.18
split_rolling,0.95,2025-09-08,24,24,3231.28
split_rolling,0.95,2025-09-09,24,24,3230.08
split_rolling,0.95,2025-09-10,21,24,3230.08
split_rolling,0.95,2025-09-11,24,24,3230.08
split_rolling,0.95,2025-09-12,24,24,3249.18
split_rolling,0.95,2025-09-13,24,24,3249.18
split_rolling,0.95,2025-09-14,21,24,3249.18
split_rolling,0.95,2025-09-15,24,24,3249.18
split_rolling,0.95,2025-09-16,24,24,3275.13
split_rolling,0.95,2025-09-17,24,24,3275.13
split_rolling,0.95,2025-09-18,21,24,3275.13
split_rolling,0.95,2025-09-19,24,24,3275.13
split_rolling,0.95,2025-09-20,24,24,3336.58
split_rolling,0.95,2025-09-21,24,24,3336.58
split_rolling,0.95,2025-09-22,21,24,3336.58
split_rolling,0.95,2025-09-23,17,24,3336.58
split_rolling,0.95,2025-09-24,24,24,3379.25
split_rolling,0.95,2025-09-25,24,24,3424.78
split_rolling,0.95,2025-09-26,21,24,3424.78
split_rolling,0.95,2025-09-27,24,24,3424.78
split_rolling,0.95,2025-09-28,24,24,3441.96
split_rolling,0.95,2025-09-29,24,24,3441.96
split_rolling,0.95,2025-09-30,22,24,3379.25
split_rolling,0.95,2025-10-01,24,24,3379.25
split_rolling,0.95,2025-10-02,21,24,3318.28
split_rolling,0.95,2025-10-03,23,24,3291.16
split_rolling,0.95,2025-10-04,24,24,3352.69
split_rolling,0.95,2025-10-05,24,24,3352.69
split_rolling,0.95,2025-10-06,20,24,3288.71
split_rolling,0.95,2025-10-07,24,24,3162.01
split_rolling,0.95,2025-10-08,24,24,3159.72
split_rolling,0.95,2025-10-09,20,24,3159.72
split_rolling,0.95,2025-10-10,24,24,3159.72
split_rolling,0.95,2025-10-11,24,24,3196.96
split_rolling,0.95,2025-10-12,24,24,3169.33
split_rolling,0.95,2025-10-13,24,24,3169.33
split_rolling,0.95,2025-10-14,24,24,3142.91
split_rolling,0.95,2025-10-15,23,24,3142.91
split_rolling,0.95,2025-10-16,24,24,3142.91
split_rolling,0.95,2025-10-17,24,24,3143.2
split_rolling,0.95,2025-10-18,24,24,3143.2
split_rolling,0.95,2025-10-19,22,24,3142.33
split_rolling,0.95,2025-10-20,22,24,3142.33
split_rolling,0.95,2025-10-21,24,24,3143.2
split_rolling,0.95,2025-10-22,23,24,3131.65
split_rolling,0.95,2025-10-23,13,24,3131.65
split_rolling,0.95,2025-10-24,23,24,3140.15
split_rolling,0.95,2025-10-25,24,24,3206.53
split_rolling,0.95,2025-10-26,17,24,3196.96
split_rolling,0.95,2025-10-27,19,24,3196.96
split_rolling,0.95,2025-10-28,24,24,3253.15
split_rolling,0.95,2025-10-29,24,24,3288.71
split_rolling,0.95,2025-10-30,23,24,3288.71
split_rolling,0.95,2025-10-31,23,24,3288.71
split_rolling,0.95,2025-11-01,19,24,3290.6
split_rolling,0.95,2025-11-02,23,24,3291.16
split_rolling,0.95,2025-11-03,22,24,3354.64
split_rolling,0.95,2025-11-04,19,24,3379.25
split_rolling,0.95,2025-11-05,20,24,3392.62
split_rolling,0.95,2025-11-06,24,24,3420.54
split_rolling,0.95,2025-11-07,24,24,3440.99
split_rolling,0.95,2025-11-08,21,24,3440.99
split_rolling,0.95,2025-11-09,24,24,3431.67
split_rolling,0.95,2025-11-10,24,24,3440.99
split_rolling,0.95,2025-11-11,20,24,3440.99
split_rolling,0.95,2025-11-12,24,24,3440.99
split_rolling,0.95,2025-11-13,24,24,3481.86
split_rolling,0.95,2025-11-14,23,24,3439.21
split_rolling,0.95,2025-11-15,24,24,3439.21
split_rolling,0.95,2025-11-16,24,24,3439.21
split_rolling,0.95,2025-11-17,15,24,3439.21
split_rolling,0.95,2025-11-18,13,24,3411.78
split_rolling,0.95,2025-11-19,7,24,3431.67
split_rolling,0.95,2025-11-20,16,24,3511.27
split_rolling,0.95,2025-11-21,1,24,3663.65
split_rolling,0.95,2025-11-22,9,24,3748.46
split_rolling,0.95,2025-11-23,17,24,3981.45
split_rolling,0.95,2025-11-24,0,24,4175.85
split_rolling,0.95,2025-11-25,11,24,4254.25
split_rolling,0.95,2025-11-26,24,24,4578.96
split_rolling,0.95,2025-11-27,22,24,4777.03
split_rolling,0.95,2025-11-28,22,24,4777.03
split_rolling,0.95,2025-11-29,17,24,4806.15
split_rolling,0.95,2025-11-30,20,24,4809.41
split_rolling,0.95,2025-12-01,9,24,4871.86
split_rolling,0.95,2025-12-02,21,24,4895.93
split_rolling,0.95,2025-12-03,8,24,5133.37
split_rolling,0.95,2025-12-04,21,24,5177.57
split_rolling,0.95,2025-12-05,20,24,5597.73
split_rolling,0.95,2025-12-06,24,24,5609.29
split_rolling,0.95,2025-12-07,24,24,5738.92
split_rolling,0.95,2025-12-08,12,24,5738.92
split_rolling,0.95,2025-12-09,23,24,5738.92
split_rolling,0.95,2025-12-10,24,24,5958.05
split_rolling,0.95,2025-12-11,24,24,5965.19
split_rolling,0.95,2025-12-12,24,24,5965.19
split_rolling,0.95,2025-12-13,24,24,5965.19
split_rolling,0.95,2025-12-14,22,24,5965.19
split_rolling,0.95,2025-12-15,24,24,5965.19
split_rolling,0.95,2025-12-16,24,24,6008.44
split_rolling,0.95,2025-12-17,24,24,6008.44
split_rolling,0.95,2025-12-18,24,24,6008.44
split_rolling,0.95,2025-12-19,24,24,6008.44
split_rolling,0.95,2025-12-20,24,24,6008.44
split_rolling,0.95,2025-12-21,24,24,6008.44
split_rolling,0.95,2025-12-22,21,24,6008.44
split_rolling,0.95,2025-12-23,18,24,6008.44
split_rolling,0.95,2025-12-24,23,24,6033.72
split_rolling,0.95,2025-12-25,18,24,6191.5
split_rolling,0.95,2025-12-26,23,24,6193.52
split_rolling,0.95,2025-12-27,4,24,6292.25
split_rolling,0.95,2025-12-28,23,24,6322.15
split_rolling,0.95,2025-12-29,24,24,6720.94
split_rolling,0.95,2025-12-30,23,24,6725.64
split_rolling,0.95,2025-12-31,20,24,6725.64
split_rolling,0.95,2026-01-01,11,24,6736.27
split_rolling,0.95,2026-01-02,24,24,6768.61
split_rolling,0.95,2026-01-03,24,24,7003.74
split_rolling,0.95,2026-01-04,24,24,7003.74
split_rolling,0.95,2026-01-05,23,24,7003.74
split_rolling,0.95,2026-01-06,24,24,7003.74
split_rolling,0.95,2026-01-07,22,24,7079.12
split_rolling,0.95,2026-01-08,18,24,7079.12
split_rolling,0.95,2026-01-09,18,24,7163.45
split_rolling,0.95,2026-01-10,24,24,7259.39
split_rolling,0.95,2026-01-11,24,24,7383.72
split_rolling,0.95,2026-01-12,24,24,7383.72
split_rolling,0.95,2026-01-13,16,24,7383.72
split_rolling,0.95,2026-01-14,16,24,7383.72
split_rolling,0.95,2026-01-15,24,24,7456.47
split_rolling,0.95,2026-01-16,22,24,7652.53
split_rolling,0.95,2026-01-17,24,24,7652.53
split_rolling,0.95,2026-01-18,24,24,7681.67
split_rolling,0.95,2026-01-19,24,24,7681.67
split_rolling,0.95,2026-01-20,16,24,7681.67
split_rolling,0.95,2026-01-21,24,24,7681.67
split_rolling,0.95,2026-01-22,24,24,7760.65
split_rolling,0.95,2026-01-23,24,24,7760.65
split_rolling,0.95,2026-01-24,24,24,7760.65
split_rolling,0.95,2026-01-25,24,24,7760.65
split_rolling,0.95,2026-01-26,24,24,7760.65
split_rolling,0.95,2026-01-27,24,24,7760.65
split_rolling,0.95,2026-01-28,22,24,7760.65
split_rolling,0.95,2026-01-29,24,24,7760.65
split_rolling,0.95,2026-01-30,24,24,7825.89
split_rolling,0.95,2026-01-31,24,24,7825.89
split_rolling,0.95,2026-02-01,24,24,7825.89
split_rolling,0.95,2026-02-02,24,24,7825.89
split_rolling,0.95,2026-02-03,24,24,7825.89
split_rolling,0.95,2026-02-04,24,24,7825.89
split_rolling,0.95,2026-02-05,24,24,7825.89
split_rolling,0.95,2026-02-06,24,24,7825.89
split_rolling,0.95,2026-02-07,24,24,7825.89
split_rolling,0.95,2026-02-08,24,24,7825.89
split_rolling,0.95,2026-02-09,24,24,7825.89
split_rolling,0.95,2026-02-10,24,24,7825.89
split_rolling,0.95,2026-02-11,24,24,7825.89
split_rolling,0.95,2026-02-12,24,24,7825.89
split_rolling,0.95,2026-02-13,22,24,7825.89
split_rolling,0.95,2026-02-14,18,24,7825.89
split_rolling,0.95,2026-02-15,18,24,7854.09
split_rolling,0.95,2026-02-16,24,24,7995.23
split_rolling,0.95,2026-02-17,22,24,8063.89
split_rolling,0.95,2026-02-18,24,24,8063.89
split_rolling,0.95,2026-02-19,24,24,8084.45
split_rolling,0.95,2026-02-20,24,24,8084.45
split_rolling,0.95,2026-02-21,22,24,8064.89
split_rolling,0.95,2026-02-22,21,24,8064.89
split_rolling,0.95,2026-02-23,24,24,8055.86
split_rolling,0.95,2026-02-24,24,24,7687.6
split_rolling,0.95,2026-02-25,24,24,7643.05
split_rolling,0.95,2026-02-26,24,24,7643.05
split_rolling,0.95,2026-02-27,24,24,7643.05
split_rolling,0.95,2026-02-28,24,24,7643.05
split_rolling,0.95,2026-03-01,24,24,7643.05
split_rolling,0.95,2026-03-02,24,24,7643.05
split_rolling,0.95,2026-03-03,24,24,7597.44
split_rolling,0.95,2026-03-04,24,24,7597.44
split_rolling,0.95,2026-03-05,21,24,7545.15
split_rolling,0.95,2026-03-06,23,24,7545.15
split_rolling,0.95,2026-03-07,24,24,7585.69
split_rolling,0.95,2026-03-08,24,24,7597.44
split_rolling,0.95,2026-03-09,24,24,7597.44
split_rolling,0.95,2026-03-10,24,24,7545.15
split_rolling,0.95,2026-03-11,23,24,7545.15
split_rolling,0.95,2026-03-12,24,24,7545.15
split_rolling,0.95,2026-03-13,24,24,7546.3
split_rolling,0.95,2026-03-14,24,24,7546.3
split_rolling,0.95,2026-03-15,23,24,7546.3
split_rolling,0.95,2026-03-16,24,24,7546.3
split_rolling,0.95,2026-03-17,24,24,7580.47
split_rolling,0.95,2026-03-18,24,24,7580.47
split_rolling,0.95,2026-03-19,24,24,7580.47
split_rolling,0.95,2026-03-20,24,24,7580.47
split_rolling,0.95,2026-03-21,24,24,7580.47
split_rolling,0.95,2026-03-22,23,24,7580.47
split_rolling,0.95,2026-03-23,22,24,7580.47
split_rolling,0.95,2026-03-24,24,24,7554.38
split_rolling,0.95,2026-03-25,24,24,7545.15
split_rolling,0.95,2026-03-26,19,24,7545.15
split_rolling,0.95,2026-03-27,24,24,7514.34
split_rolling,0.95,2026-03-28,24,24,7580.47
split_rolling,0.95,2026-03-29,23,23,7283.19
split_rolling,0.95,2026-03-30,21,24,7283.19
split_rolling,0.95,2026-03-31,24,24,7283.19
split_rolling,0.95,2026-04-01,24,24,7307.15
split_rolling,0.95,2026-04-02,24,24,7283.19
split_rolling,0.95,2026-04-03,24,24,7075.76
split_rolling,0.95,2026-04-04,19,24,7075.76
split_rolling,0.95,2026-04-05,19,24,7075.76
split_rolling,0.95,2026-04-06,24,24,7190.06
split_rolling,0.95,2026-04-07,24,24,7259.39
split_rolling,0.95,2026-04-08,24,24,7259.39
split_rolling,0.95,2026-04-09,24,24,7254.5
split_rolling,0.95,2026-04-10,24,24,7124.31
split_rolling,0.95,2026-04-11,24,24,7026.06
split_rolling,0.95,2026-04-12,19,24,7026.06
split_rolling,0.95,2026-04-13,24,24,7026.06
split_rolling,0.95,2026-04-14,24,24,7075.76
split_rolling,0.95,2026-04-15,24,24,6957.04
split_rolling,0.95,2026-04-16,24,24,6848.29
split_rolling,0.95,2026-04-17,24,24,6848.29
split_rolling,0.95,2026-04-18,24,24,6767.8
split_rolling,0.95,2026-04-19,24,24,6713.6
split_rolling,0.95,2026-04-20,24,24,6713.6
split_rolling,0.95,2026-04-21,24,24,6713.6
split_rolling,0.95,2026-04-22,24,24,6486.67
split_rolling,0.95,2026-04-23,24,24,6486.67
split_rolling,0.95,2026-04-24,24,24,6486.67
split_rolling,0.95,2026-04-25,24,24,6486.67
split_rolling,0.95,2026-04-26,24,24,6486.67
split_rolling,0.95,2026-04-27,24,24,6486.67
split_rolling,0.95,2026-04-28,24,24,6486.67
split_rolling,0.95,2026-04-29,24,24,6486.67
split_rolling,0.95,2026-04-30,24,24,6408.71
split_rolling,0.95,2026-05-01,24,24,6408.71
split_rolling,0.95,2026-05-02,24,24,6408.71
split_rolling,0.95,2026-05-03,24,24,6408.71
split_rolling,0.95,2026-05-04,24,24,6408.71
split_rolling,0.95,2026-05-05,24,24,6408.71
split_rolling,0.95,2026-05-06,24,24,6408.71
split_rolling,0.95,2026-05-07,24,24,6408.71
split_rolling,0.95,2026-05-08,24,24,6408.71
split_rolling,0.95,2026-05-09,24,24,6408.71
split_rolling,0.95,2026-05-10,24,24,6408.71
split_rolling,0.95,2026-05-11,24,24,6408.71
split_rolling,0.95,2026-05-12,24,24,6408.71
split_rolling,0.95,2026-05-13,24,24,6408.71
split_rolling,0.95,2026-05-14,24,24,6408.71
split_rolling,0.95,2026-05-15,24,24,6408.71
split_rolling,0.95,2026-05-16,24,24,6345.29
split_rolling,0.95,2026-05-17,24,24,6292.08
split_rolling,0.95,2026-05-18,24,24,6062.92
split_rolling,0.95,2026-05-19,24,24,6062.92
split_rolling,0.95,2026-05-20,24,24,5990.04
split_rolling,0.95,2026-05-21,24,24,5990.04
split_rolling,0.95,2026-05-22,19,24,5903.56
split_rolling,0.95,2026-05-23,24,24,5903.56
split_rolling,0.95,2026-05-24,24,24,5863.2
split_rolling,0.95,2026-05-25,22,24,5804.25
split_rolling,0.95,2026-05-26,24,24,5768.88
split_rolling,0.95,2026-05-27,24,24,5804.25
split_rolling,0.95,2026-05-28,24,24,5804.25
split_rolling,0.95,2026-05-29,24,24,5804.25
split_rolling,0.95,2026-05-30,24,24,5804.25
split_rolling,0.95,2026-05-31,24,24,5804.25
split_rolling,0.95,2026-06-01,24,24,5768.88
split_rolling,0.95,2026-06-02,24,24,5768.88
split_rolling,0.95,2026-06-03,24,24,5768.88
split_rolling,0.95,2026-06-04,24,24,5768.88
split_rolling,0.95,2026-06-05,24,24,5683.57
split_rolling,0.95,2026-06-06,24,24,5504.33
split_rolling,0.95,2026-06-07,24,24,5504.33
split_rolling,0.95,2026-06-08,24,24,5423.8
split_rolling,0.95,2026-06-09,24,24,5423.8
split_rolling,0.95,2026-06-10,24,24,5338.78
split_rolling,0.95,2026-06-11,24,24,5292.99
split_rolling,0.95,2026-06-12,24,24,5292.99
split_rolling,0.95,2026-06-13,24,24,5292.99
split_rolling,0.95,2026-06-14,24,24,5292.99
split_rolling,0.95,2026-06-15,24,24,5222.27
split_rolling,0.95,2026-06-16,24,24,5222.27
split_rolling,0.95,2026-06-17,24,24,5222.27
split_rolling,0.95,2026-06-18,24,24,5222.27
split_rolling,0.95,2026-06-19,24,24,5222.27
split_rolling,0.95,2026-06-20,24,24,5204.71
split_rolling,0.95,2026-06-21,23,24,5204.71
split_rolling,0.95,2026-06-22,24,24,5103.75
split_rolling,0.95,2026-06-23,24,24,5042.69
split_rolling,0.95,2026-06-24,24,24,5042.69
split_rolling,0.95,2026-06-25,24,24,5042.04
split_rolling,0.95,2026-06-26,24,24,4834.92
split_rolling,0.95,2026-06-27,24,24,4810.77
split_rolling,0.95,2026-06-28,19,24,4768.58
split_rolling,0.95,2026-06-29,20,24,4737.68
split_rolling,0.95,2026-06-30,24,24,4741.76
split_rolling,0.95,2026-07-01,17,24,4737.68
split_rolling,0.95,2026-07-02,17,24,4737.68
split_rolling,0.95,2026-07-03,24,24,4834.92
split_rolling,0.95,2026-07-04,17,24,4908.86
split_rolling,0.95,2026-07-05,19,24,4768.58
split_rolling,0.95,2026-07-06,24,24,4655.47
split_rolling,0.95,2026-07-07,24,24,4656.3
split_rolling,0.95,2026-07-08,24,24,4573.57
split_rolling,0.95,2026-07-09,24,24,4374.03
split_rolling,0.95,2026-07-10,24,24,4374.03
split_rolling,0.95,2026-07-11,24,24,4374.03
split_rolling,0.95,2026-07-12,24,24,4338.1
split_rolling,0.95,2026-07-13,24,24,4203.87
split_rolling,0.95,2026-07-14,10,24,4175.58
split_rolling,0.95,2026-07-15,22,24,4162.65
split_rolling,0.95,2026-07-16,24,24,4289.02
split_rolling,0.95,2026-07-17,24,24,4322.38
split_rolling,0.95,2026-07-18,24,24,4322.38
split_rolling,0.95,2026-07-19,24,24,4289.02
split_rolling,0.95,2026-07-20,24,24,4289.02
split_rolling,0.95,2026-07-21,20,24,4230.6
split_rolling,0.95,2026-07-22,8,24,4175.58
split_rolling,0.95,2026-07-23,24,24,4203.87
split_rolling,0.95,2026-07-24,24,24,4406.9
split_rolling,0.95,2026-07-25,24,24,4406.9
split_rolling,0.95,2026-07-26,24,24,4406.9
split_rolling,0.95,2026-07-27,24,24,4406.9
split_rolling,0.95,2026-07-28,24,24,4406.9
split_rolling,0.95,2026-07-29,14,24,4406.9
split_rolling,0.95,2026-07-30,24,24,4406.9
split_rolling,0.95,2026-07-31,23,24,4636.41
split_rolling,0.95,2026-08-01,24,24,4488.33
split_rolling,0.95,2026-08-02,23,24,4530.3
split_rolling,0.95,2026-08-03,24,24,4488.33
split_rolling,0.95,2026-08-04,24,24,4530.3
split_rolling,0.95,2026-08-05,24,24,4530.3
split_rolling,0.95,2026-08-06,24,24,4530.3
split_rolling,0.95,2026-08-07,24,24,4530.3
split_rolling,0.95,2026-08-08,24,24,4530.3
split_rolling,0.95,2026-08-09,24,24,4530.3
split_rolling,0.95,2026-08-10,24,24,4530.3
split_rolling,0.95,2026-08-11,24,24,4530.3
split_rolling,0.95,2026-08-12,24,24,4530.3
split_rolling,0.95,2026-08-13,19,24,4530.3
split_rolling,0.95,2026-08-14,21,24,4530.3
split_rolling,0.95,2026-08-15,24,24,4631.82
split_rolling,0.95,2026-08-16,24,24,4640.94
split_rolling,0.95,2026-08-17,24,24,4640.94
split_rolling,0.95,2026-08-18,24,24,4636.41
split_rolling,0.95,2026-08-19,24,24,4636.41
split_rolling,0.95,2026-08-20,24,24,4636.41
split_rolling,0.95,2026-08-21,19,24,4636.41
split_rolling,0.95,2026-08-22,22,24,4374.03
split_rolling,0.95,2026-08-23,24,24,4405.92
split_rolling,0.95,2026-08-24,20,24,4466.46
split_rolling,0.95,2026-08-25,24,24,4387.45
split_rolling,0.95,2026-08-26,24,24,4404.4
split_rolling,0.95,2026-08-27,21,24,4404.4
split_rolling,0.95,2026-08-28,20,24,4401.44
split_rolling,0.95,2026-08-29,24,24,4530.3
split_rolling,0.95,2026-08-30,24,24,4607.42
split_rolling,0.95,2026-08-31,21,24,4607.42
split_static,0.8,2022-04-01,0,24,3377.82
split_static,0.8,2022-04-02,8,24,3386.49
split_static,0.8,2022-04-03,15,24,3386.49
split_static,0.8,2022-04-04,12,24,3386.49
split_static,0.8,2022-04-05,7,24,3386.49
split_static,0.8,2022-04-06,8,24,3386.49
split_static,0.8,2022-04-07,21,24,3386.49
split_static,0.8,2022-04-08,2,24,3386.49
split_static,0.8,2022-04-09,7,24,3386.49
split_static,0.8,2022-04-10,11,24,3386.49
split_static,0.8,2022-04-11,14,24,3386.49
split_static,0.8,2022-04-12,2,24,3386.49
split_static,0.8,2022-04-13,15,24,3386.49
split_static,0.8,2022-04-14,15,24,3386.49
split_static,0.8,2022-04-15,10,24,3386.49
split_static,0.8,2022-04-16,2,24,3386.49
split_static,0.8,2022-04-17,20,24,3386.49
split_static,0.8,2022-04-18,18,24,3386.49
split_static,0.8,2022-04-19,1,24,3386.49
split_static,0.8,2022-04-20,24,24,3386.49
split_static,0.8,2022-04-21,24,24,3386.49
split_static,0.8,2022-04-22,24,24,3386.49
split_static,0.8,2022-04-23,15,24,3386.49
split_static,0.8,2022-04-24,13,24,3386.49
split_static,0.8,2022-04-25,0,24,3386.49
split_static,0.8,2022-04-26,18,24,3386.49
split_static,0.8,2022-04-27,13,24,3386.49
split_static,0.8,2022-04-28,24,24,3386.49
split_static,0.8,2022-04-29,24,24,3386.49
split_static,0.8,2022-04-30,22,24,3386.49
split_static,0.8,2022-05-01,20,24,3386.49
split_static,0.8,2022-05-02,23,24,3386.49
split_static,0.8,2022-05-03,16,24,3386.49
split_static,0.8,2022-05-04,15,24,3386.49
split_static,0.8,2022-05-05,15,24,3386.49
split_static,0.8,2022-05-06,10,24,3386.49
split_static,0.8,2022-05-07,19,24,3386.49
split_static,0.8,2022-05-08,11,24,3386.49
split_static,0.8,2022-05-09,11,24,3386.49
split_static,0.8,2022-05-10,24,24,3386.49
split_static,0.8,2022-05-11,24,24,3386.49
split_static,0.8,2022-05-12,24,24,3386.49
split_static,0.8,2022-05-13,24,24,3386.49
split_static,0.8,2022-05-14,24,24,3386.49
split_static,0.8,2022-05-15,24,24,3386.49
split_static,0.8,2022-05-16,24,24,3386.49
split_static,0.8,2022-05-17,22,24,3386.49
split_static,0.8,2022-05-18,21,24,3386.49
split_static,0.8,2022-05-19,24,24,3386.49
split_static,0.8,2022-05-20,24,24,3386.49
split_static,0.8,2022-05-21,24,24,3386.49
split_static,0.8,2022-05-22,23,24,3386.49
split_static,0.8,2022-05-23,23,24,3386.49
split_static,0.8,2022-05-24,24,24,3386.49
split_static,0.8,2022-05-25,24,24,3386.49
split_static,0.8,2022-05-26,24,24,3386.49
split_static,0.8,2022-05-27,20,24,3386.49
split_static,0.8,2022-05-28,24,24,3386.49
split_static,0.8,2022-05-29,18,24,3386.49
split_static,0.8,2022-05-30,24,24,3386.49
split_static,0.8,2022-05-31,22,24,3386.49
split_static,0.8,2022-06-01,24,24,3386.49
split_static,0.8,2022-06-02,24,24,3386.49
split_static,0.8,2022-06-03,24,24,3386.49
split_static,0.8,2022-06-04,24,24,3386.49
split_static,0.8,2022-06-05,24,24,3386.49
split_static,0.8,2022-06-06,24,24,3386.49
split_static,0.8,2022-06-07,24,24,3386.49
split_static,0.8,2022-06-08,24,24,3386.49
split_static,0.8,2022-06-09,24,24,3386.49
split_static,0.8,2022-06-10,24,24,3386.49
split_static,0.8,2022-06-11,24,24,3386.49
split_static,0.8,2022-06-12,24,24,3386.49
split_static,0.8,2022-06-13,24,24,3386.49
split_static,0.8,2022-06-14,22,24,3386.49
split_static,0.8,2022-06-15,24,24,3386.49
split_static,0.8,2022-06-16,24,24,3386.49
split_static,0.8,2022-06-17,24,24,3386.49
split_static,0.8,2022-06-18,24,24,3386.49
split_static,0.8,2022-06-19,24,24,3386.49
split_static,0.8,2022-06-20,24,24,3386.49
split_static,0.8,2022-06-21,24,24,3386.49
split_static,0.8,2022-06-22,23,24,3386.49
split_static,0.8,2022-06-23,11,24,3386.49
split_static,0.8,2022-06-24,16,24,3386.49
split_static,0.8,2022-06-25,23,24,3386.49
split_static,0.8,2022-06-26,24,24,3386.49
split_static,0.8,2022-06-27,24,24,3386.49
split_static,0.8,2022-06-28,18,24,3386.49
split_static,0.8,2022-06-29,24,24,3386.49
split_static,0.8,2022-06-30,24,24,3386.49
split_static,0.8,2022-07-01,24,24,3386.49
split_static,0.8,2022-07-02,24,24,3386.49
split_static,0.8,2022-07-03,23,24,3386.49
split_static,0.8,2022-07-04,19,24,3386.49
split_static,0.8,2022-07-05,24,24,3386.49
split_static,0.8,2022-07-06,24,24,3386.49
split_static,0.8,2022-07-07,24,24,3386.49
split_static,0.8,2022-07-08,24,24,3386.49
split_static,0.8,2022-07-09,24,24,3386.49
split_static,0.8,2022-07-10,24,24,3386.49
split_static,0.8,2022-07-11,22,24,3386.49
split_static,0.8,2022-07-12,24,24,3386.49
split_static,0.8,2022-07-13,24,24,3386.49
split_static,0.8,2022-07-14,23,24,3386.49
split_static,0.8,2022-07-15,23,24,3386.49
split_static,0.8,2022-07-16,24,24,3386.49
split_static,0.8,2022-07-17,24,24,3386.49
split_static,0.8,2022-07-18,23,24,3386.49
split_static,0.8,2022-07-19,24,24,3386.49
split_static,0.8,2022-07-20,24,24,3386.49
split_static,0.8,2022-07-21,24,24,3386.49
split_static,0.8,2022-07-22,24,24,3386.49
split_static,0.8,2022-07-23,24,24,3386.49
split_static,0.8,2022-07-24,24,24,3386.49
split_static,0.8,2022-07-25,23,24,3386.49
split_static,0.8,2022-07-26,24,24,3386.49
split_static,0.8,2022-07-27,24,24,3386.49
split_static,0.8,2022-07-28,24,24,3386.49
split_static,0.8,2022-07-29,20,24,3386.49
split_static,0.8,2022-07-30,24,24,3386.49
split_static,0.8,2022-07-31,24,24,3386.49
split_static,0.8,2022-08-01,24,24,3386.49
split_static,0.8,2022-08-02,24,24,3386.49
split_static,0.8,2022-08-03,20,24,3386.49
split_static,0.8,2022-08-04,24,24,3386.49
split_static,0.8,2022-08-05,24,24,3386.49
split_static,0.8,2022-08-06,21,24,3386.49
split_static,0.8,2022-08-07,24,24,3386.49
split_static,0.8,2022-08-08,24,24,3386.49
split_static,0.8,2022-08-09,24,24,3386.49
split_static,0.8,2022-08-10,24,24,3386.49
split_static,0.8,2022-08-11,24,24,3386.49
split_static,0.8,2022-08-12,24,24,3386.49
split_static,0.8,2022-08-13,24,24,3386.49
split_static,0.8,2022-08-14,14,24,3386.49
split_static,0.8,2022-08-15,24,24,3386.49
split_static,0.8,2022-08-16,24,24,3386.49
split_static,0.8,2022-08-17,24,24,3386.49
split_static,0.8,2022-08-18,24,24,3386.49
split_static,0.8,2022-08-19,24,24,3386.49
split_static,0.8,2022-08-20,24,24,3386.49
split_static,0.8,2022-08-21,24,24,3386.49
split_static,0.8,2022-08-22,24,24,3386.49
split_static,0.8,2022-08-23,24,24,3386.49
split_static,0.8,2022-08-24,24,24,3386.49
split_static,0.8,2022-08-25,24,24,3386.49
split_static,0.8,2022-08-26,24,24,3386.49
split_static,0.8,2022-08-27,24,24,3386.49
split_static,0.8,2022-08-28,24,24,3386.49
split_static,0.8,2022-08-29,24,24,3386.49
split_static,0.8,2022-08-30,24,24,3386.49
split_static,0.8,2022-08-31,24,24,3386.49
split_static,0.8,2022-09-01,24,24,3386.49
split_static,0.8,2022-09-02,24,24,3386.49
split_static,0.8,2022-09-03,24,24,3386.49
split_static,0.8,2022-09-04,24,24,3386.49
split_static,0.8,2022-09-05,24,24,3386.49
split_static,0.8,2022-09-06,24,24,3386.49
split_static,0.8,2022-09-07,24,24,3386.49
split_static,0.8,2022-09-08,24,24,3386.49
split_static,0.8,2022-09-09,24,24,3386.49
split_static,0.8,2022-09-10,24,24,3386.49
split_static,0.8,2022-09-11,24,24,3386.49
split_static,0.8,2022-09-12,24,24,3386.49
split_static,0.8,2022-09-13,24,24,3386.49
split_static,0.8,2022-09-14,24,24,3386.49
split_static,0.8,2022-09-15,24,24,3386.49
split_static,0.8,2022-09-16,24,24,3386.49
split_static,0.8,2022-09-17,23,24,3386.49
split_static,0.8,2022-09-18,24,24,3386.49
split_static,0.8,2022-09-19,24,24,3386.49
split_static,0.8,2022-09-20,24,24,3386.49
split_static,0.8,2022-09-21,24,24,3386.49
split_static,0.8,2022-09-22,24,24,3386.49
split_static,0.8,2022-09-23,24,24,3386.49
split_static,0.8,2022-09-24,24,24,3386.49
split_static,0.8,2022-09-25,24,24,3386.49
split_static,0.8,2022-09-26,24,24,3386.49
split_static,0.8,2022-09-27,23,24,3386.49
split_static,0.8,2022-09-28,24,24,3386.49
split_static,0.8,2022-09-29,24,24,3386.49
split_static,0.8,2022-09-30,24,24,3386.49
split_static,0.8,2022-10-01,24,24,3386.49
split_static,0.8,2022-10-02,20,24,3386.49
split_static,0.8,2022-10-03,21,24,3386.49
split_static,0.8,2022-10-04,24,24,3386.49
split_static,0.8,2022-10-05,24,24,3386.49
split_static,0.8,2022-10-06,24,24,3386.49
split_static,0.8,2022-10-07,24,24,3386.49
split_static,0.8,2022-10-08,24,24,3386.49
split_static,0.8,2022-10-09,24,24,3386.49
split_static,0.8,2022-10-10,24,24,3386.49
split_static,0.8,2022-10-11,24,24,3386.49
split_static,0.8,2022-10-12,24,24,3386.49
split_static,0.8,2022-10-13,21,24,3386.49
split_static,0.8,2022-10-14,23,24,3386.49
split_static,0.8,2022-10-15,24,24,3386.49
split_static,0.8,2022-10-16,24,24,3386.49
split_static,0.8,2022-10-17,24,24,3386.49
split_static,0.8,2022-10-18,24,24,3386.49
split_static,0.8,2022-10-19,24,24,3386.49
split_static,0.8,2022-10-20,24,24,3386.49
split_static,0.8,2022-10-21,24,24,3386.49
split_static,0.8,2022-10-22,24,24,3386.49
split_static,0.8,2022-10-23,24,24,3386.49
split_static,0.8,2022-10-24,24,24,3386.49
split_static,0.8,2022-10-25,24,24,3386.49
split_static,0.8,2022-10-26,24,24,3386.49
split_static,0.8,2022-10-27,24,24,3386.49
split_static,0.8,2022-10-28,24,24,3386.49
split_static,0.8,2022-10-29,24,24,3386.49
split_static,0.8,2022-10-30,22,24,3386.49
split_static,0.8,2022-10-31,8,24,3386.49
split_static,0.8,2022-11-01,23,24,3386.49
split_static,0.8,2022-11-02,24,24,3386.49
split_static,0.8,2022-11-03,16,24,3386.49
split_static,0.8,2022-11-04,24,24,3386.49
split_static,0.8,2022-11-05,21,24,3386.49
split_static,0.8,2022-11-06,23,24,3386.49
split_static,0.8,2022-11-07,23,24,3386.49
split_static,0.8,2022-11-08,21,24,3386.49
split_static,0.8,2022-11-09,13,24,3386.49
split_static,0.8,2022-11-10,19,24,3386.49
split_static,0.8,2022-11-11,24,24,3386.49
split_static,0.8,2022-11-12,21,24,3386.49
split_static,0.8,2022-11-13,24,24,3386.49
split_static,0.8,2022-11-14,24,24,3386.49
split_static,0.8,2022-11-15,20,24,3386.49
split_static,0.8,2022-11-16,24,24,3386.49
split_static,0.8,2022-11-17,24,24,3386.49
split_static,0.8,2022-11-18,16,24,3386.49
split_static,0.8,2022-11-19,13,24,3386.49
split_static,0.8,2022-11-20,24,24,3386.49
split_static,0.8,2022-11-21,23,24,3386.49
split_static,0.8,2022-11-22,16,24,3386.49
split_static,0.8,2022-11-23,17,24,3386.49
split_static,0.8,2022-11-24,13,24,3386.49
split_static,0.8,2022-11-25,20,24,3386.49
split_static,0.8,2022-11-26,24,24,3386.49
split_static,0.8,2022-11-27,23,24,3386.49
split_static,0.8,2022-11-28,7,24,3386.49
split_static,0.8,2022-11-29,9,24,3386.49
split_static,0.8,2022-11-30,22,24,3386.49
split_static,0.8,2022-12-01,21,24,3386.49
split_static,0.8,2022-12-02,17,24,3386.49
split_static,0.8,2022-12-03,15,24,3386.49
split_static,0.8,2022-12-04,19,24,3386.49
split_static,0.8,2022-12-05,18,24,3386.49
split_static,0.8,2022-12-06,15,24,3386.49
split_static,0.8,2022-12-07,17,24,3386.49
split_static,0.8,2022-12-08,20,24,3386.49
split_static,0.8,2022-12-09,4,24,3386.49
split_static,0.8,2022-12-10,23,24,3386.49
split_static,0.8,2022-12-11,11,24,3386.49
split_static,0.8,2022-12-12,14,24,3386.49
split_static,0.8,2022-12-13,18,24,3386.49
split_static,0.8,2022-12-14,3,24,3386.49
split_static,0.8,2022-12-15,0,24,3386.49
split_static,0.8,2022-12-16,10,24,3386.49
split_static,0.8,2022-12-17,22,24,3386.49
split_static,0.8,2022-12-18,11,24,3386.49
split_static,0.8,2022-12-19,0,24,3386.49
split_static,0.8,2022-12-20,1,24,3386.49
split_static,0.8,2022-12-21,14,24,3386.49
split_static,0.8,2022-12-22,24,24,3386.49
split_static,0.8,2022-12-23,11,24,3386.49
split_static,0.8,2022-12-24,19,24,3386.49
split_static,0.8,2022-12-25,23,24,3386.49
split_static,0.8,2022-12-26,6,24,3386.49
split_static,0.8,2022-12-27,0,24,3386.49
split_static,0.8,2022-12-28,17,24,3386.49
split_static,0.8,2022-12-29,16,24,3386.49
split_static,0.8,2022-12-30,19,24,3386.49
split_static,0.8,2022-12-31,22,24,3386.49
split_static,0.8,2023-01-01,19,24,3386.49
split_static,0.8,2023-01-02,19,24,3386.49
split_static,0.8,2023-01-03,8,24,3386.49
split_static,0.8,2023-01-04,9,24,3386.49
split_static,0.8,2023-01-05,22,24,3386.49
split_static,0.8,2023-01-06,18,24,3386.49
split_static,0.8,2023-01-07,23,24,3386.49
split_static,0.8,2023-01-08,5,24,3386.49
split_static,0.8,2023-01-09,10,24,3386.49
split_static,0.8,2023-01-10,20,24,3386.49
split_static,0.8,2023-01-11,15,24,3386.49
split_static,0.8,2023-01-12,23,24,3386.49
split_static,0.8,2023-01-13,24,24,3386.49
split_static,0.8,2023-01-14,22,24,3386.49
split_static,0.8,2023-01-15,24,24,3386.49
split_static,0.8,2023-01-16,23,24,3386.49
split_static,0.8,2023-01-17,20,24,3386.49
split_static,0.8,2023-01-18,8,24,3386.49
split_static,0.8,2023-01-19,19,24,3386.49
split_static,0.8,2023-01-20,17,24,3386.49
split_static,0.8,2023-01-21,18,24,3386.49
split_static,0.8,2023-01-22,10,24,3386.49
split_static,0.8,2023-01-23,21,24,3386.49
split_static,0.8,2023-01-24,13,24,3386.49
split_static,0.8,2023-01-25,18,24,3386.49
split_static,0.8,2023-01-26,21,24,3386.49
split_static,0.8,2023-01-27,10,24,3386.49
split_static,0.8,2023-01-28,13,24,3386.49
split_static,0.8,2023-01-29,22,24,3386.49
split_static,0.8,2023-01-30,15,24,3386.49
split_static,0.8,2023-01-31,7,24,3386.49
split_static,0.8,2023-02-01,5,24,3386.49
split_static,0.8,2023-02-02,13,24,3386.49
split_static,0.8,2023-02-03,21,24,3386.49
split_static,0.8,2023-02-04,21,24,3386.49
split_static,0.8,2023-02-05,19,24,3386.49
split_static,0.8,2023-02-06,19,24,3386.49
split_static,0.8,2023-02-07,21,24,3386.49
split_static,0.8,2023-02-08,15,24,3386.49
split_static,0.8,2023-02-09,18,24,3386.49
split_static,0.8,2023-02-10,20,24,3386.49
split_static,0.8,2023-02-11,14,24,3386.49
split_static,0.8,2023-02-12,20,24,3386.49
split_static,0.8,2023-02-13,17,24,3386.49
split_static,0.8,2023-02-14,21,24,3386.49
split_static,0.8,2023-02-15,22,24,3386.49
split_static,0.8,2023-02-16,19,24,3386.49
split_static,0.8,2023-02-17,22,24,3386.49
split_static,0.8,2023-02-18,21,24,3386.49
split_static,0.8,2023-02-19,24,24,3386.49
split_static,0.8,2023-02-20,10,24,3386.49
split_static,0.8,2023-02-21,12,24,3386.49
split_static,0.8,2023-02-22,12,24,3386.49
split_static,0.8,2023-02-23,10,24,3386.49
split_static,0.8,2023-02-24,20,24,3386.49
split_static,0.8,2023-02-25,15,24,3386.49
split_static,0.8,2023-02-26,9,24,3386.49
split_static,0.8,2023-02-27,4,24,3386.49
split_static,0.8,2023-02-28,12,24,3386.49
split_static,0.8,2023-03-01,14,24,3386.49
split_static,0.8,2023-03-02,11,24,3386.49
split_static,0.8,2023-03-03,22,24,3386.49
split_static,0.8,2023-03-04,19,24,3386.49
split_static,0.8,2023-03-05,7,24,3386.49
split_static,0.8,2023-03-06,4,24,3386.49
split_static,0.8,2023-03-07,6,24,3386.49
split_static,0.8,2023-03-08,15,24,3386.49
split_static,0.8,2023-03-09,21,24,3386.49
split_static,0.8,2023-03-10,16,24,3386.49
split_static,0.8,2023-03-11,16,24,3386.49
split_static,0.8,2023-03-12,20,24,3386.49
split_static,0.8,2023-03-13,11,24,3386.49
split_static,0.8,2023-03-14,19,24,3386.49
split_static,0.8,2023-03-15,14,24,3386.49
split_static,0.8,2023-03-16,13,24,3386.49
split_static,0.8,2023-03-17,11,24,3386.49
split_static,0.8,2023-03-18,19,24,3386.49
split_static,0.8,2023-03-19,21,24,3386.49
split_static,0.8,2023-03-20,16,24,3386.49
split_static,0.8,2023-03-21,10,24,3386.49
split_static,0.8,2023-03-22,24,24,3386.49
split_static,0.8,2023-03-23,19,24,3386.49
split_static,0.8,2023-03-24,8,24,3386.49
split_static,0.8,2023-03-25,7,24,3386.49
split_static,0.8,2023-03-26,17,23,3386.49
split_static,0.8,2023-03-27,22,24,3386.49
split_static,0.8,2023-03-28,20,24,3386.49
split_static,0.8,2023-03-29,24,24,3386.49
split_static,0.8,2023-03-30,21,24,3386.49
split_static,0.8,2023-03-31,16,24,3386.49
split_static,0.8,2023-04-01,12,24,3386.49
split_static,0.8,2023-04-02,13,24,3386.49
split_static,0.8,2023-04-03,24,24,3386.49
split_static,0.8,2023-04-04,24,24,3386.49
split_static,0.8,2023-04-05,13,24,3386.49
split_static,0.8,2023-04-06,23,24,3386.49
split_static,0.8,2023-04-07,8,24,3386.49
split_static,0.8,2023-04-08,21,24,3386.49
split_static,0.8,2023-04-09,14,24,3386.49
split_static,0.8,2023-04-10,13,24,3386.49
split_static,0.8,2023-04-11,10,24,3386.49
split_static,0.8,2023-04-12,9,24,3386.49
split_static,0.8,2023-04-13,11,24,3386.49
split_static,0.8,2023-04-14,16,24,3386.49
split_static,0.8,2023-04-15,19,24,3386.49
split_static,0.8,2023-04-16,12,24,3386.49
split_static,0.8,2023-04-17,4,24,3386.49
split_static,0.8,2023-04-18,23,24,3386.49
split_static,0.8,2023-04-19,13,24,3386.49
split_static,0.8,2023-04-20,11,24,3386.49
split_static,0.8,2023-04-21,19,24,3386.49
split_static,0.8,2023-04-22,22,24,3386.49
split_static,0.8,2023-04-23,12,24,3386.49
split_static,0.8,2023-04-24,23,24,3386.49
split_static,0.8,2023-04-25,22,24,3386.49
split_static,0.8,2023-04-26,17,24,3386.49
split_static,0.8,2023-04-27,22,24,3386.49
split_static,0.8,2023-04-28,19,24,3386.49
split_static,0.8,2023-04-29,24,24,3386.49
split_static,0.8,2023-04-30,19,24,3386.49
split_static,0.8,2023-05-01,20,24,3386.49
split_static,0.8,2023-05-02,24,24,3386.49
split_static,0.8,2023-05-03,24,24,3386.49
split_static,0.8,2023-05-04,22,24,3386.49
split_static,0.8,2023-05-05,14,24,3386.49
split_static,0.8,2023-05-06,22,24,3386.49
split_static,0.8,2023-05-07,20,24,3386.49
split_static,0.8,2023-05-08,7,24,3386.49
split_static,0.8,2023-05-09,23,24,3386.49
split_static,0.8,2023-05-10,23,24,3386.49
split_static,0.8,2023-05-11,24,24,3386.49
split_static,0.8,2023-05-12,24,24,3386.49
split_static,0.8,2023-05-13,21,24,3386.49
split_static,0.8,2023-05-14,14,24,3386.49
split_static,0.8,2023-05-15,12,24,3386.49
split_static,0.8,2023-05-16,17,24,3386.49
split_static,0.8,2023-05-17,22,24,3386.49
split_static,0.8,2023-05-18,19,24,3386.49
split_static,0.8,2023-05-19,19,24,3386.49
split_static,0.8,2023-05-20,23,24,3386.49
split_static,0.8,2023-05-21,23,24,3386.49
split_static,0.8,2023-05-22,24,24,3386.49
split_static,0.8,2023-05-23,24,24,3386.49
split_static,0.8,2023-05-24,24,24,3386.49
split_static,0.8,2023-05-25,24,24,3386.49
split_static,0.8,2023-05-26,23,24,3386.49
split_static,0.8,2023-05-27,24,24,3386.49
split_static,0.8,2023-05-28,22,24,3386.49
split_static,0.8,2023-05-29,23,24,3386.49
split_static,0.8,2023-05-30,24,24,3386.49
split_static,0.8,2023-05-31,15,24,3386.49
split_static,0.8,2023-06-01,23,24,3386.49
split_static,0.8,2023-06-02,24,24,3386.49
split_static,0.8,2023-06-03,24,24,3386.49
split_static,0.8,2023-06-04,24,24,3386.49
split_static,0.8,2023-06-05,24,24,3386.49
split_static,0.8,2023-06-06,24,24,3386.49
split_static,0.8,2023-06-07,24,24,3386.49
split_static,0.8,2023-06-08,24,24,3386.49
split_static,0.8,2023-06-09,24,24,3386.49
split_static,0.8,2023-06-10,24,24,3386.49
split_static,0.8,2023-06-11,24,24,3386.49
split_static,0.8,2023-06-12,24,24,3386.49
split_static,0.8,2023-06-13,24,24,3386.49
split_static,0.8,2023-06-14,24,24,3386.49
split_static,0.8,2023-06-15,24,24,3386.49
split_static,0.8,2023-06-16,24,24,3386.49
split_static,0.8,2023-06-17,24,24,3386.49
split_static,0.8,2023-06-18,24,24,3386.49
split_static,0.8,2023-06-19,24,24,3386.49
split_static,0.8,2023-06-20,24,24,3386.49
split_static,0.8,2023-06-21,24,24,3386.49
split_static,0.8,2023-06-22,24,24,3386.49
split_static,0.8,2023-06-23,24,24,3386.49
split_static,0.8,2023-06-24,24,24,3386.49
split_static,0.8,2023-06-25,24,24,3386.49
split_static,0.8,2023-06-26,24,24,3386.49
split_static,0.8,2023-06-27,24,24,3386.49
split_static,0.8,2023-06-28,24,24,3386.49
split_static,0.8,2023-06-29,24,24,3386.49
split_static,0.8,2023-06-30,24,24,3386.49
split_static,0.8,2023-07-01,24,24,3386.49
split_static,0.8,2023-07-02,24,24,3386.49
split_static,0.8,2023-07-03,24,24,3386.49
split_static,0.8,2023-07-04,24,24,3386.49
split_static,0.8,2023-07-05,24,24,3386.49
split_static,0.8,2023-07-06,24,24,3386.49
split_static,0.8,2023-07-07,24,24,3386.49
split_static,0.8,2023-07-08,20,24,3386.49
split_static,0.8,2023-07-09,24,24,3386.49
split_static,0.8,2023-07-10,24,24,3386.49
split_static,0.8,2023-07-11,24,24,3386.49
split_static,0.8,2023-07-12,24,24,3386.49
split_static,0.8,2023-07-13,18,24,3386.49
split_static,0.8,2023-07-14,22,24,3386.49
split_static,0.8,2023-07-15,24,24,3386.49
split_static,0.8,2023-07-16,24,24,3386.49
split_static,0.8,2023-07-17,24,24,3386.49
split_static,0.8,2023-07-18,24,24,3386.49
split_static,0.8,2023-07-19,24,24,3386.49
split_static,0.8,2023-07-20,24,24,3386.49
split_static,0.8,2023-07-21,24,24,3386.49
split_static,0.8,2023-07-22,24,24,3386.49
split_static,0.8,2023-07-23,24,24,3386.49
split_static,0.8,2023-07-24,24,24,3386.49
split_static,0.8,2023-07-25,17,24,3386.49
split_static,0.8,2023-07-26,24,24,3386.49
split_static,0.8,2023-07-27,24,24,3386.49
split_static,0.8,2023-07-28,24,24,3386.49
split_static,0.8,2023-07-29,24,24,3386.49
split_static,0.8,2023-07-30,24,24,3386.49
split_static,0.8,2023-07-31,24,24,3386.49
split_static,0.8,2023-08-01,24,24,3386.49
split_static,0.8,2023-08-02,16,24,3386.49
split_static,0.8,2023-08-03,24,24,3386.49
split_static,0.8,2023-08-04,24,24,3386.49
split_static,0.8,2023-08-05,24,24,3386.49
split_static,0.8,2023-08-06,24,24,3386.49
split_static,0.8,2023-08-07,24,24,3386.49
split_static,0.8,2023-08-08,24,24,3386.49
split_static,0.8,2023-08-09,24,24,3386.49
split_static,0.8,2023-08-10,24,24,3386.49
split_static,0.8,2023-08-11,24,24,3386.49
split_static,0.8,2023-08-12,24,24,3386.49
split_static,0.8,2023-08-13,24,24,3386.49
split_static,0.8,2023-08-14,24,24,3386.49
split_static,0.8,2023-08-15,24,24,3386.49
split_static,0.8,2023-08-16,24,24,3386.49
split_static,0.8,2023-08-17,24,24,3386.49
split_static,0.8,2023-08-18,24,24,3386.49
split_static,0.8,2023-08-19,24,24,3386.49
split_static,0.8,2023-08-20,24,24,3386.49
split_static,0.8,2023-08-21,14,24,3386.49
split_static,0.8,2023-08-22,4,24,3386.49
split_static,0.8,2023-08-23,0,24,3386.49
split_static,0.8,2023-08-24,20,24,3386.49
split_static,0.8,2023-08-25,13,24,3386.49
split_static,0.8,2023-08-26,13,24,3386.49
split_static,0.8,2023-08-27,21,24,3386.49
split_static,0.8,2023-08-28,13,24,3386.49
split_static,0.8,2023-08-29,14,24,3386.49
split_static,0.8,2023-08-30,18,24,3386.49
split_static,0.8,2023-08-31,24,24,3386.49
split_static,0.8,2023-09-01,24,24,3386.49
split_static,0.8,2023-09-02,24,24,3386.49
split_static,0.8,2023-09-03,24,24,3386.49
split_static,0.8,2023-09-04,24,24,3386.49
split_static,0.8,2023-09-05,24,24,3386.49
split_static,0.8,2023-09-06,24,24,3386.49
split_static,0.8,2023-09-07,24,24,3386.49
split_static,0.8,2023-09-08,23,24,3386.49
split_static,0.8,2023-09-09,24,24,3386.49
split_static,0.8,2023-09-10,24,24,3386.49
split_static,0.8,2023-09-11,24,24,3386.49
split_static,0.8,2023-09-12,24,24,3386.49
split_static,0.8,2023-09-13,24,24,3386.49
split_static,0.8,2023-09-14,24,24,3386.49
split_static,0.8,2023-09-15,23,24,3386.49
split_static,0.8,2023-09-16,24,24,3386.49
split_static,0.8,2023-09-17,24,24,3386.49
split_static,0.8,2023-09-18,24,24,3386.49
split_static,0.8,2023-09-19,24,24,3386.49
split_static,0.8,2023-09-20,24,24,3386.49
split_static,0.8,2023-09-21,24,24,3386.49
split_static,0.8,2023-09-22,24,24,3386.49
split_static,0.8,2023-09-23,24,24,3386.49
split_static,0.8,2023-09-24,24,24,3386.49
split_static,0.8,2023-09-25,24,24,3386.49
split_static,0.8,2023-09-26,24,24,3386.49
split_static,0.8,2023-09-27,24,24,3386.49
split_static,0.8,2023-09-28,24,24,3386.49
split_static,0.8,2023-09-29,24,24,3386.49
split_static,0.8,2023-09-30,24,24,3386.49
split_static,0.8,2023-10-01,24,24,3386.49
split_static,0.8,2023-10-02,24,24,3386.49
split_static,0.8,2023-10-03,23,24,3386.49
split_static,0.8,2023-10-04,24,24,3386.49
split_static,0.8,2023-10-05,24,24,3386.49
split_static,0.8,2023-10-06,24,24,3386.49
split_static,0.8,2023-10-07,24,24,3386.49
split_static,0.8,2023-10-08,24,24,3386.49
split_static,0.8,2023-10-09,24,24,3386.49
split_static,0.8,2023-10-10,24,24,3386.49
split_static,0.8,2023-10-11,24,24,3386.49
split_static,0.8,2023-10-12,24,24,3386.49
split_static,0.8,2023-10-13,24,24,3386.49
split_static,0.8,2023-10-14,24,24,3386.49
split_static,0.8,2023-10-15,24,24,3386.49
split_static,0.8,2023-10-16,23,24,3386.49
split_static,0.8,2023-10-17,24,24,3386.49
split_static,0.8,2023-10-18,24,24,3386.49
split_static,0.8,2023-10-19,24,24,3386.49
split_static,0.8,2023-10-20,24,24,3386.49
split_static,0.8,2023-10-21,24,24,3386.49
split_static,0.8,2023-10-22,24,24,3386.49
split_static,0.8,2023-10-23,21,24,3386.49
split_static,0.8,2023-10-24,14,24,3386.49
split_static,0.8,2023-10-25,16,24,3386.49
split_static,0.8,2023-10-26,22,24,3386.49
split_static,0.8,2023-10-27,24,24,3386.49
split_static,0.8,2023-10-28,24,24,3386.49
split_static,0.8,2023-10-29,23,24,3386.49
split_static,0.8,2023-10-30,18,24,3386.49
split_static,0.8,2023-10-31,20,24,3386.49
split_static,0.8,2023-11-01,22,24,3386.49
split_static,0.8,2023-11-02,21,24,3386.49
split_static,0.8,2023-11-03,24,24,3386.49
split_static,0.8,2023-11-04,23,24,3386.49
split_static,0.8,2023-11-05,24,24,3386.49
split_static,0.8,2023-11-06,22,24,3386.49
split_static,0.8,2023-11-07,20,24,3386.49
split_static,0.8,2023-11-08,7,24,3386.49
split_static,0.8,2023-11-09,23,24,3386.49
split_static,0.8,2023-11-10,23,24,3386.49
split_static,0.8,2023-11-11,9,24,3386.49
split_static,0.8,2023-11-12,20,24,3386.49
split_static,0.8,2023-11-13,18,24,3386.49
split_static,0.8,2023-11-14,23,24,3386.49
split_static,0.8,2023-11-15,17,24,3386.49
split_static,0.8,2023-11-16,22,24,3386.49
split_static,0.8,2023-11-17,12,24,3386.49
split_static,0.8,2023-11-18,24,24,3386.49
split_static,0.8,2023-11-19,17,24,3386.49
split_static,0.8,2023-11-20,24,24,3386.49
split_static,0.8,2023-11-21,22,24,3386.49
split_static,0.8,2023-11-22,23,24,3386.49
split_static,0.8,2023-11-23,14,24,3386.49
split_static,0.8,2023-11-24,24,24,3386.49
split_static,0.8,2023-11-25,21,24,3386.49
split_static,0.8,2023-11-26,17,24,3386.49
split_static,0.8,2023-11-27,23,24,3386.49
split_static,0.8,2023-11-28,16,24,3386.49
split_static,0.8,2023-11-29,14,24,3386.49
split_static,0.8,2023-11-30,7,24,3386.49
split_static,0.8,2023-12-01,11,24,3386.49
split_static,0.8,2023-12-02,13,24,3386.49
split_static,0.8,2023-12-03,10,24,3386.49
split_static,0.8,2023-12-04,23,24,3386.49
split_static,0.8,2023-12-05,18,24,3386.49
split_static,0.8,2023-12-06,21,24,3386.49
split_static,0.8,2023-12-07,2,24,3386.49
split_static,0.8,2023-12-08,16,24,3386.49
split_static,0.8,2023-12-09,20,24,3386.49
split_static,0.8,2023-12-10,17,24,3386.49
split_static,0.8,2023-12-11,19,24,3386.49
split_static,0.8,2023-12-12,24,24,3386.49
split_static,0.8,2023-12-13,15,24,3386.49
split_static,0.8,2023-12-14,14,24,3386.49
split_static,0.8,2023-12-15,21,24,3386.49
split_static,0.8,2023-12-16,15,24,3386.49
split_static,0.8,2023-12-17,2,24,3386.49
split_static,0.8,2023-12-18,0,24,3386.49
split_static,0.8,2023-12-19,5,24,3386.49
split_static,0.8,2023-12-20,16,24,3386.49
split_static,0.8,2023-12-21,20,24,3386.49
split_static,0.8,2023-12-22,7,24,3386.49
split_static,0.8,2023-12-23,23,24,3386.49
split_static,0.8,2023-12-24,15,24,3386.49
split_static,0.8,2023-12-25,18,24,3386.49
split_static,0.8,2023-12-26,7,24,3386.49
split_static,0.8,2023-12-27,23,24,3386.49
split_static,0.8,2023-12-28,23,24,3386.49
split_static,0.8,2023-12-29,24,24,3386.49
split_static,0.8,2023-12-30,20,24,3386.49
split_static,0.8,2023-12-31,17,24,3386.49
split_static,0.8,2024-01-01,12,24,3386.49
split_static,0.8,2024-01-02,13,24,3386.49
split_static,0.8,2024-01-03,17,24,3386.49
split_static,0.8,2024-01-04,21,24,3386.49
split_static,0.8,2024-01-05,24,24,3386.49
split_static,0.8,2024-01-06,10,24,3386.49
split_static,0.8,2024-01-07,19,24,3386.49
split_static,0.8,2024-01-08,6,24,3386.49
split_static,0.8,2024-01-09,0,24,3386.49
split_static,0.8,2024-01-10,23,24,3386.49
split_static,0.8,2024-01-11,11,24,3386.49
split_static,0.8,2024-01-12,4,24,3386.49
split_static,0.8,2024-01-13,11,24,3386.49
split_static,0.8,2024-01-14,21,24,3386.49
split_static,0.8,2024-01-15,1,24,3386.49
split_static,0.8,2024-01-16,6,24,3386.49
split_static,0.8,2024-01-17,1,24,3386.49
split_static,0.8,2024-01-18,7,24,3386.49
split_static,0.8,2024-01-19,11,24,3386.49
split_static,0.8,2024-01-20,10,24,3386.49
split_static,0.8,2024-01-21,18,24,3386.49
split_static,0.8,2024-01-22,18,24,3386.49
split_static,0.8,2024-01-23,19,24,3386.49
split_static,0.8,2024-01-24,15,24,3386.49
split_static,0.8,2024-01-25,21,24,3386.49
split_static,0.8,2024-01-26,12,24,3386.49
split_static,0.8,2024-01-27,22,24,3386.49
split_static,0.8,2024-01-28,24,24,3386.49
split_static,0.8,2024-01-29,9,24,3386.49
split_static,0.8,2024-01-30,9,24,3386.49
split_static,0.8,2024-01-31,24,24,3386.49
split_static,0.8,2024-02-01,22,24,3386.49
split_static,0.8,2024-02-02,24,24,3386.49
split_static,0.8,2024-02-03,11,24,3386.49
split_static,0.8,2024-02-04,13,24,3386.49
split_static,0.8,2024-02-05,8,24,3386.49
split_static,0.8,2024-02-06,4,24,3386.49
split_static,0.8,2024-02-07,19,24,3386.49
split_static,0.8,2024-02-08,24,24,3386.49
split_static,0.8,2024-02-09,24,24,3386.49
split_static,0.8,2024-02-10,14,24,3386.49
split_static,0.8,2024-02-11,22,24,3386.49
split_static,0.8,2024-02-12,14,24,3386.49
split_static,0.8,2024-02-13,16,24,3386.49
split_static,0.8,2024-02-14,8,24,3386.49
split_static,0.8,2024-02-15,22,24,3386.49
split_static,0.8,2024-02-16,23,24,3386.49
split_static,0.8,2024-02-17,21,24,3386.49
split_static,0.8,2024-02-18,22,24,3386.49
split_static,0.8,2024-02-19,21,24,3386.49
split_static,0.8,2024-02-20,24,24,3386.49
split_static,0.8,2024-02-21,6,24,3386.49
split_static,0.8,2024-02-22,11,24,3386.49
split_static,0.8,2024-02-23,14,24,3386.49
split_static,0.8,2024-02-24,22,24,3386.49
split_static,0.8,2024-02-25,22,24,3386.49
split_static,0.8,2024-02-26,22,24,3386.49
split_static,0.8,2024-02-27,24,24,3386.49
split_static,0.8,2024-02-28,24,24,3386.49
split_static,0.8,2024-02-29,11,24,3386.49
split_static,0.8,2024-03-01,23,24,3386.49
split_static,0.8,2024-03-02,24,24,3386.49
split_static,0.8,2024-03-03,13,24,3386.49
split_static,0.8,2024-03-04,9,24,3386.49
split_static,0.8,2024-03-05,4,24,3386.49
split_static,0.8,2024-03-06,15,24,3386.49
split_static,0.8,2024-03-07,15,24,3386.49
split_static,0.8,2024-03-08,15,24,3386.49
split_static,0.8,2024-03-09,14,24,3386.49
split_static,0.8,2024-03-10,17,24,3386.49
split_static,0.8,2024-03-11,20,24,3386.49
split_static,0.8,2024-03-12,21,24,3386.49
split_static,0.8,2024-03-13,24,24,3386.49
split_static,0.8,2024-03-14,18,24,3386.49
split_static,0.8,2024-03-15,17,24,3386.49
split_static,0.8,2024-03-16,23,24,3386.49
split_static,0.8,2024-03-17,18,24,3386.49
split_static,0.8,2024-03-18,8,24,3386.49
split_static,0.8,2024-03-19,6,24,3386.49
split_static,0.8,2024-03-20,19,24,3386.49
split_static,0.8,2024-03-21,18,24,3386.49
split_static,0.8,2024-03-22,23,24,3386.49
split_static,0.8,2024-03-23,23,24,3386.49
split_static,0.8,2024-03-24,22,24,3386.49
split_static,0.8,2024-03-25,19,24,3386.49
split_static,0.8,2024-03-26,5,24,3386.49
split_static,0.8,2024-03-27,10,24,3386.49
split_static,0.8,2024-03-28,10,24,3386.49
split_static,0.8,2024-03-29,17,24,3386.49
split_static,0.8,2024-03-30,18,24,3386.49
split_static,0.8,2024-03-31,18,23,3386.49
split_static,0.8,2024-04-01,20,24,3386.49
split_static,0.8,2024-04-02,23,24,3386.49
split_static,0.8,2024-04-03,22,24,3386.49
split_static,0.8,2024-04-04,24,24,3386.49
split_static,0.8,2024-04-05,16,24,3386.49
split_static,0.8,2024-04-06,24,24,3386.49
split_static,0.8,2024-04-07,20,24,3386.49
split_static,0.8,2024-04-08,22,24,3386.49
split_static,0.8,2024-04-09,0,24,3386.49
split_static,0.8,2024-04-10,22,24,3386.49
split_static,0.8,2024-04-11,20,24,3386.49
split_static,0.8,2024-04-12,18,24,3386.49
split_static,0.8,2024-04-13,23,24,3386.49
split_static,0.8,2024-04-14,24,24,3386.49
split_static,0.8,2024-04-15,22,24,3386.49
split_static,0.8,2024-04-16,18,24,3386.49
split_static,0.8,2024-04-17,9,24,3386.49
split_static,0.8,2024-04-18,23,24,3386.49
split_static,0.8,2024-04-19,20,24,3386.49
split_static,0.8,2024-04-20,24,24,3386.49
split_static,0.8,2024-04-21,22,24,3386.49
split_static,0.8,2024-04-22,19,24,3386.49
split_static,0.8,2024-04-23,24,24,3386.49
split_static,0.8,2024-04-24,22,24,3386.49
split_static,0.8,2024-04-25,23,24,3386.49
split_static,0.8,2024-04-26,20,24,3386.49
split_static,0.8,2024-04-27,9,24,3386.49
split_static,0.8,2024-04-28,8,24,3386.49
split_static,0.8,2024-04-29,23,24,3386.49
split_static,0.8,2024-04-30,21,24,3386.49
split_static,0.8,2024-05-01,16,24,3386.49
split_static,0.8,2024-05-02,17,24,3386.49
split_static,0.8,2024-05-03,16,24,3386.49
split_static,0.8,2024-05-04,24,24,3386.49
split_static,0.8,2024-05-05,24,24,3386.49
split_static,0.8,2024-05-06,17,24,3386.49
split_static,0.8,2024-05-07,21,24,3386.49
split_static,0.8,2024-05-08,23,24,3386.49
split_static,0.8,2024-05-09,21,24,3386.49
split_static,0.8,2024-05-10,11,24,3386.49
split_static,0.8,2024-05-11,13,24,3386.49
split_static,0.8,2024-05-12,24,24,3386.49
split_static,0.8,2024-05-13,23,24,3386.49
split_static,0.8,2024-05-14,24,24,3386.49
split_static,0.8,2024-05-15,6,24,3386.49
split_static,0.8,2024-05-16,24,24,3386.49
split_static,0.8,2024-05-17,23,24,3386.49
split_static,0.8,2024-05-18,11,24,3386.49
split_static,0.8,2024-05-19,24,24,3386.49
split_static,0.8,2024-05-20,20,24,3386.49
split_static,0.8,2024-05-21,20,24,3386.49
split_static,0.8,2024-05-22,24,24,3386.49
split_static,0.8,2024-05-23,24,24,3386.49
split_static,0.8,2024-05-24,24,24,3386.49
split_static,0.8,2024-05-25,24,24,3386.49
split_static,0.8,2024-05-26,24,24,3386.49
split_static,0.8,2024-05-27,22,24,3386.49
split_static,0.8,2024-05-28,24,24,3386.49
split_static,0.8,2024-05-29,24,24,3386.49
split_static,0.8,2024-05-30,24,24,3386.49
split_static,0.8,2024-05-31,24,24,3386.49
split_static,0.8,2024-06-01,23,24,3386.49
split_static,0.8,2024-06-02,20,24,3386.49
split_static,0.8,2024-06-03,24,24,3386.49
split_static,0.8,2024-06-04,24,24,3386.49
split_static,0.8,2024-06-05,24,24,3386.49
split_static,0.8,2024-06-06,24,24,3386.49
split_static,0.8,2024-06-07,24,24,3386.49
split_static,0.8,2024-06-08,23,24,3386.49
split_static,0.8,2024-06-09,24,24,3386.49
split_static,0.8,2024-06-10,24,24,3386.49
split_static,0.8,2024-06-11,24,24,3386.49
split_static,0.8,2024-06-12,24,24,3386.49
split_static,0.8,2024-06-13,24,24,3386.49
split_static,0.8,2024-06-14,24,24,3386.49
split_static,0.8,2024-06-15,24,24,3386.49
split_static,0.8,2024-06-16,24,24,3386.49
split_static,0.8,2024-06-17,24,24,3386.49
split_static,0.8,2024-06-18,24,24,3386.49
split_static,0.8,2024-06-19,24,24,3386.49
split_static,0.8,2024-06-20,24,24,3386.49
split_static,0.8,2024-06-21,24,24,3386.49
split_static,0.8,2024-06-22,24,24,3386.49
split_static,0.8,2024-06-23,24,24,3386.49
split_static,0.8,2024-06-24,24,24,3386.49
split_static,0.8,2024-06-25,24,24,3386.49
split_static,0.8,2024-06-26,24,24,3386.49
split_static,0.8,2024-06-27,24,24,3386.49
split_static,0.8,2024-06-28,24,24,3386.49
split_static,0.8,2024-06-29,24,24,3386.49
split_static,0.8,2024-06-30,24,24,3386.49
split_static,0.8,2024-07-01,24,24,3386.49
split_static,0.8,2024-07-02,24,24,3386.49
split_static,0.8,2024-07-03,23,24,3386.49
split_static,0.8,2024-07-04,24,24,3386.49
split_static,0.8,2024-07-05,24,24,3386.49
split_static,0.8,2024-07-06,24,24,3386.49
split_static,0.8,2024-07-07,24,24,3386.49
split_static,0.8,2024-07-08,24,24,3386.49
split_static,0.8,2024-07-09,24,24,3386.49
split_static,0.8,2024-07-10,24,24,3386.49
split_static,0.8,2024-07-11,24,24,3386.49
split_static,0.8,2024-07-12,24,24,3386.49
split_static,0.8,2024-07-13,24,24,3386.49
split_static,0.8,2024-07-14,24,24,3386.49
split_static,0.8,2024-07-15,24,24,3386.49
split_static,0.8,2024-07-16,24,24,3386.49
split_static,0.8,2024-07-17,24,24,3386.49
split_static,0.8,2024-07-18,24,24,3386.49
split_static,0.8,2024-07-19,24,24,3386.49
split_static,0.8,2024-07-20,24,24,3386.49
split_static,0.8,2024-07-21,24,24,3386.49
split_static,0.8,2024-07-22,24,24,3386.49
split_static,0.8,2024-07-23,24,24,3386.49
split_static,0.8,2024-07-24,24,24,3386.49
split_static,0.8,2024-07-25,24,24,3386.49
split_static,0.8,2024-07-26,24,24,3386.49
split_static,0.8,2024-07-27,24,24,3386.49
split_static,0.8,2024-07-28,22,24,3386.49
split_static,0.8,2024-07-29,22,24,3386.49
split_static,0.8,2024-07-30,24,24,3386.49
split_static,0.8,2024-07-31,24,24,3386.49
split_static,0.8,2024-08-01,24,24,3386.49
split_static,0.8,2024-08-02,20,24,3386.49
split_static,0.8,2024-08-03,23,24,3386.49
split_static,0.8,2024-08-04,24,24,3386.49
split_static,0.8,2024-08-05,24,24,3386.49
split_static,0.8,2024-08-06,24,24,3386.49
split_static,0.8,2024-08-07,24,24,3386.49
split_static,0.8,2024-08-08,24,24,3386.49
split_static,0.8,2024-08-09,24,24,3386.49
split_static,0.8,2024-08-10,24,24,3386.49
split_static,0.8,2024-08-11,24,24,3386.49
split_static,0.8,2024-08-12,23,24,3386.49
split_static,0.8,2024-08-13,24,24,3386.49
split_static,0.8,2024-08-14,17,24,3386.49
split_static,0.8,2024-08-15,24,24,3386.49
split_static,0.8,2024-08-16,23,24,3386.49
split_static,0.8,2024-08-17,17,24,3386.49
split_static,0.8,2024-08-18,18,24,3386.49
split_static,0.8,2024-08-19,20,24,3386.49
split_static,0.8,2024-08-20,24,24,3386.49
split_static,0.8,2024-08-21,24,24,3386.49
split_static,0.8,2024-08-22,24,24,3386.49
split_static,0.8,2024-08-23,24,24,3386.49
split_static,0.8,2024-08-24,24,24,3386.49
split_static,0.8,2024-08-25,24,24,3386.49
split_static,0.8,2024-08-26,24,24,3386.49
split_static,0.8,2024-08-27,24,24,3386.49
split_static,0.8,2024-08-28,24,24,3386.49
split_static,0.8,2024-08-29,24,24,3386.49
split_static,0.8,2024-08-30,24,24,3386.49
split_static,0.8,2024-08-31,24,24,3386.49
split_static,0.8,2024-09-01,18,24,3386.49
split_static,0.8,2024-09-02,24,24,3386.49
split_static,0.8,2024-09-03,24,24,3386.49
split_static,0.8,2024-09-04,24,24,3386.49
split_static,0.8,2024-09-05,24,24,3386.49
split_static,0.8,2024-09-06,24,24,3386.49
split_static,0.8,2024-09-07,24,24,3386.49
split_static,0.8,2024-09-08,23,24,3386.49
split_static,0.8,2024-09-09,24,24,3386.49
split_static,0.8,2024-09-10,24,24,3386.49
split_static,0.8,2024-09-11,24,24,3386.49
split_static,0.8,2024-09-12,24,24,3386.49
split_static,0.8,2024-09-13,24,24,3386.49
split_static,0.8,2024-09-14,24,24,3386.49
split_static,0.8,2024-09-15,24,24,3386.49
split_static,0.8,2024-09-16,24,24,3386.49
split_static,0.8,2024-09-17,24,24,3386.49
split_static,0.8,2024-09-18,24,24,3386.49
split_static,0.8,2024-09-19,24,24,3386.49
split_static,0.8,2024-09-20,24,24,3386.49
split_static,0.8,2024-09-21,24,24,3386.49
split_static,0.8,2024-09-22,22,24,3386.49
split_static,0.8,2024-09-23,24,24,3386.49
split_static,0.8,2024-09-24,24,24,3386.49
split_static,0.8,2024-09-25,24,24,3386.49
split_static,0.8,2024-09-26,20,24,3386.49
split_static,0.8,2024-09-27,24,24,3386.49
split_static,0.8,2024-09-28,24,24,3386.49
split_static,0.8,2024-09-29,24,24,3386.49
split_static,0.8,2024-09-30,24,24,3386.49
split_static,0.8,2024-10-01,19,24,3386.49
split_static,0.8,2024-10-02,24,24,3386.49
split_static,0.8,2024-10-03,24,24,3386.49
split_static,0.8,2024-10-04,22,24,3386.49
split_static,0.8,2024-10-05,24,24,3386.49
split_static,0.8,2024-10-06,24,24,3386.49
split_static,0.8,2024-10-07,24,24,3386.49
split_static,0.8,2024-10-08,24,24,3386.49
split_static,0.8,2024-10-09,24,24,3386.49
split_static,0.8,2024-10-10,24,24,3386.49
split_static,0.8,2024-10-11,24,24,3386.49
split_static,0.8,2024-10-12,21,24,3386.49
split_static,0.8,2024-10-13,24,24,3386.49
split_static,0.8,2024-10-14,24,24,3386.49
split_static,0.8,2024-10-15,24,24,3386.49
split_static,0.8,2024-10-16,24,24,3386.49
split_static,0.8,2024-10-17,24,24,3386.49
split_static,0.8,2024-10-18,24,24,3386.49
split_static,0.8,2024-10-19,23,24,3386.49
split_static,0.8,2024-10-20,24,24,3386.49
split_static,0.8,2024-10-21,21,24,3386.49
split_static,0.8,2024-10-22,24,24,3386.49
split_static,0.8,2024-10-23,18,24,3386.49
split_static,0.8,2024-10-24,24,24,3386.49
split_static,0.8,2024-10-25,20,24,3386.49
split_static,0.8,2024-10-26,24,24,3386.49
split_static,0.8,2024-10-27,22,24,3386.49
split_static,0.8,2024-10-28,20,24,3386.49
split_static,0.8,2024-10-29,21,24,3386.49
split_static,0.8,2024-10-30,23,24,3386.49
split_static,0.8,2024-10-31,20,24,3386.49
split_static,0.8,2024-11-01,18,24,3386.49
split_static,0.8,2024-11-02,23,24,3386.49
split_static,0.8,2024-11-03,15,24,3386.49
split_static,0.8,2024-11-04,15,24,3386.49
split_static,0.8,2024-11-05,24,24,3386.49
split_static,0.8,2024-11-06,23,24,3386.49
split_static,0.8,2024-11-07,22,24,3386.49
split_static,0.8,2024-11-08,13,24,3386.49
split_static,0.8,2024-11-09,23,24,3386.49
split_static,0.8,2024-11-10,16,24,3386.49
split_static,0.8,2024-11-11,15,24,3386.49
split_static,0.8,2024-11-12,23,24,3386.49
split_static,0.8,2024-11-13,24,24,3386.49
split_static,0.8,2024-11-14,19,24,3386.49
split_static,0.8,2024-11-15,21,24,3386.49
split_static,0.8,2024-11-16,22,24,3386.49
split_static,0.8,2024-11-17,24,24,3386.49
split_static,0.8,2024-11-18,22,24,3386.49
split_static,0.8,2024-11-19,18,24,3386.49
split_static,0.8,2024-11-20,8,24,3386.49
split_static,0.8,2024-11-21,14,24,3386.49
split_static,0.8,2024-11-22,13,24,3386.49
split_static,0.8,2024-11-23,14,24,3386.49
split_static,0.8,2024-11-24,0,24,3386.49
split_static,0.8,2024-11-25,1,24,3386.49
split_static,0.8,2024-11-26,17,24,3386.49
split_static,0.8,2024-11-27,19,24,3386.49
split_static,0.8,2024-11-28,3,24,3386.49
split_static,0.8,2024-11-29,19,24,3386.49
split_static,0.8,2024-11-30,18,24,3386.49
split_static,0.8,2024-12-01,17,24,3386.49
split_static,0.8,2024-12-02,17,24,3386.49
split_static,0.8,2024-12-03,23,24,3386.49
split_static,0.8,2024-12-04,19,24,3386.49
split_static,0.8,2024-12-05,7,24,3386.49
split_static,0.8,2024-12-06,8,24,3386.49
split_static,0.8,2024-12-07,12,24,3386.49
split_static,0.8,2024-12-08,4,24,3386.49
split_static,0.8,2024-12-09,18,24,3386.49
split_static,0.8,2024-12-10,23,24,3386.49
split_static,0.8,2024-12-11,22,24,3386.49
split_static,0.8,2024-12-12,22,24,3386.49
split_static,0.8,2024-12-13,16,24,3386.49
split_static,0.8,2024-12-14,24,24,3386.49
split_static,0.8,2024-12-15,4,24,3386.49
split_static,0.8,2024-12-16,16,24,3386.49
split_static,0.8,2024-12-17,12,24,3386.49
split_static,0.8,2024-12-18,11,24,3386.49
split_static,0.8,2024-12-19,10,24,3386.49
split_static,0.8,2024-12-20,18,24,3386.49
split_static,0.8,2024-12-21,17,24,3386.49
split_static,0.8,2024-12-22,15,24,3386.49
split_static,0.8,2024-12-23,9,24,3386.49
split_static,0.8,2024-12-24,5,24,3386.49
split_static,0.8,2024-12-25,7,24,3386.49
split_static,0.8,2024-12-26,5,24,3386.49
split_static,0.8,2024-12-27,14,24,3386.49
split_static,0.8,2024-12-28,3,24,3386.49
split_static,0.8,2024-12-29,24,24,3386.49
split_static,0.8,2024-12-30,17,24,3386.49
split_static,0.8,2024-12-31,6,24,3386.49
split_static,0.8,2025-01-01,16,24,3386.49
split_static,0.8,2025-01-02,15,24,3386.49
split_static,0.8,2025-01-03,4,24,3386.49
split_static,0.8,2025-01-04,9,24,3386.49
split_static,0.8,2025-01-05,22,24,3386.49
split_static,0.8,2025-01-06,22,24,3386.49
split_static,0.8,2025-01-07,17,24,3386.49
split_static,0.8,2025-01-08,14,24,3386.49
split_static,0.8,2025-01-09,20,24,3386.49
split_static,0.8,2025-01-10,15,24,3386.49
split_static,0.8,2025-01-11,11,24,3386.49
split_static,0.8,2025-01-12,2,24,3386.49
split_static,0.8,2025-01-13,7,24,3386.49
split_static,0.8,2025-01-14,5,24,3386.49
split_static,0.8,2025-01-15,8,24,3386.49
split_static,0.8,2025-01-16,24,24,3386.49
split_static,0.8,2025-01-17,24,24,3386.49
split_static,0.8,2025-01-18,2,24,3386.49
split_static,0.8,2025-01-19,19,24,3386.49
split_static,0.8,2025-01-20,8,24,3386.49
split_static,0.8,2025-01-21,16,24,3386.49
split_static,0.8,2025-01-22,6,24,3386.49
split_static,0.8,2025-01-23,21,24,3386.49
split_static,0.8,2025-01-24,24,24,3386.49
split_static,0.8,2025-01-25,1,24,3386.49
split_static,0.8,2025-01-26,18,24,3386.49
split_static,0.8,2025-01-27,15,24,3386.49
split_static,0.8,2025-01-28,22,24,3386.49
split_static,0.8,2025-01-29,20,24,3386.49
split_static,0.8,2025-01-30,22,24,3386.49
split_static,0.8,2025-01-31,20,24,3386.49
split_static,0.8,2025-02-01,21,24,3386.49
split_static,0.8,2025-02-02,22,24,3386.49
split_static,0.8,2025-02-03,17,24,3386.49
split_static,0.8,2025-02-04,20,24,3386.49
split_static,0.8,2025-02-05,20,24,3386.49
split_static,0.8,2025-02-06,23,24,3386.49
split_static,0.8,2025-02-07,21,24,3386.49
split_static,0.8,2025-02-08,24,24,3386.49
split_static,0.8,2025-02-09,22,24,3386.49
split_static,0.8,2025-02-10,14,24,3386.49
split_static,0.8,2025-02-11,24,24,3386.49
split_static,0.8,2025-02-12,8,24,3386.49
split_static,0.8,2025-02-13,15,24,3386.49
split_static,0.8,2025-02-14,13,24,3386.49
split_static,0.8,2025-02-15,17,24,3386.49
split_static,0.8,2025-02-16,19,24,3386.49
split_static,0.8,2025-02-17,10,24,3386.49
split_static,0.8,2025-02-18,10,24,3386.49
split_static,0.8,2025-02-19,18,24,3386.49
split_static,0.8,2025-02-20,7,24,3386.49
split_static,0.8,2025-02-21,23,24,3386.49
split_static,0.8,2025-02-22,24,24,3386.49
split_static,0.8,2025-02-23,15,24,3386.49
split_static,0.8,2025-02-24,21,24,3386.49
split_static,0.8,2025-02-25,12,24,3386.49
split_static,0.8,2025-02-26,17,24,3386.49
split_static,0.8,2025-02-27,19,24,3386.49
split_static,0.8,2025-02-28,21,24,3386.49
split_static,0.8,2025-03-01,17,24,3386.49
split_static,0.8,2025-03-02,23,24,3386.49
split_static,0.8,2025-03-03,16,24,3386.49
split_static,0.8,2025-03-04,7,24,3386.49
split_static,0.8,2025-03-05,18,24,3386.49
split_static,0.8,2025-03-06,23,24,3386.49
split_static,0.8,2025-03-07,21,24,3386.49
split_static,0.8,2025-03-08,24,24,3386.49
split_static,0.8,2025-03-09,14,24,3386.49
split_static,0.8,2025-03-10,12,24,3386.49
split_static,0.8,2025-03-11,14,24,3386.49
split_static,0.8,2025-03-12,8,24,3386.49
split_static,0.8,2025-03-13,8,24,3386.49
split_static,0.8,2025-03-14,18,24,3386.49
split_static,0.8,2025-03-15,18,24,3386.49
split_static,0.8,2025-03-16,19,24,3386.49
split_static,0.8,2025-03-17,24,24,3386.49
split_static,0.8,2025-03-18,20,24,3386.49
split_static,0.8,2025-03-19,15,24,3386.49
split_static,0.8,2025-03-20,19,24,3386.49
split_static,0.8,2025-03-21,23,24,3386.49
split_static,0.8,2025-03-22,23,24,3386.49
split_static,0.8,2025-03-23,17,24,3386.49
split_static,0.8,2025-03-24,13,24,3386.49
split_static,0.8,2025-03-25,11,24,3386.49
split_static,0.8,2025-03-26,13,24,3386.49
split_static,0.8,2025-03-27,12,24,3386.49
split_static,0.8,2025-03-28,24,24,3386.49
split_static,0.8,2025-03-29,21,24,3386.49
split_static,0.8,2025-03-30,17,23,3386.49
split_static,0.8,2025-03-31,6,24,3386.49
split_static,0.8,2025-04-01,11,24,3386.49
split_static,0.8,2025-04-02,18,24,3386.49
split_static,0.8,2025-04-03,24,24,3386.49
split_static,0.8,2025-04-04,20,24,3386.49
split_static,0.8,2025-04-05,19,24,3386.49
split_static,0.8,2025-04-06,20,24,3386.49
split_static,0.8,2025-04-07,24,24,3386.49
split_static,0.8,2025-04-08,23,24,3386.49
split_static,0.8,2025-04-09,24,24,3386.49
split_static,0.8,2025-04-10,23,24,3386.49
split_static,0.8,2025-04-11,24,24,3386.49
split_static,0.8,2025-04-12,19,24,3386.49
split_static,0.8,2025-04-13,15,24,3386.49
split_static,0.8,2025-04-14,0,24,3386.49
split_static,0.8,2025-04-15,10,24,3386.49
split_static,0.8,2025-04-16,8,24,3386.49
split_static,0.8,2025-04-17,4,24,3386.49
split_static,0.8,2025-04-18,22,24,3386.49
split_static,0.8,2025-04-19,24,24,3386.49
split_static,0.8,2025-04-20,16,24,3386.49
split_static,0.8,2025-04-21,24,24,3386.49
split_static,0.8,2025-04-22,22,24,3386.49
split_static,0.8,2025-04-23,19,24,3386.49
split_static,0.8,2025-04-24,24,24,3386.49
split_static,0.8,2025-04-25,24,24,3386.49
split_static,0.8,2025-04-26,24,24,3386.49
split_static,0.8,2025-04-27,24,24,3386.49
split_static,0.8,2025-04-28,23,24,3386.49
split_static,0.8,2025-04-29,15,24,3386.49
split_static,0.8,2025-04-30,20,24,3386.49
split_static,0.8,2025-05-01,6,24,3386.49
split_static,0.8,2025-05-02,11,24,3386.49
split_static,0.8,2025-05-03,18,24,3386.49
split_static,0.8,2025-05-04,24,24,3386.49
split_static,0.8,2025-05-05,24,24,3386.49
split_static,0.8,2025-05-06,24,24,3386.49
split_static,0.8,2025-05-07,23,24,3386.49
split_static,0.8,2025-05-08,16,24,3386.49
split_static,0.8,2025-05-09,16,24,3386.49
split_static,0.8,2025-05-10,24,24,3386.49
split_static,0.8,2025-05-11,24,24,3386.49
split_static,0.8,2025-05-12,24,24,3386.49
split_static,0.8,2025-05-13,24,24,3386.49
split_static,0.8,2025-05-14,21,24,3386.49
split_static,0.8,2025-05-15,7,24,3386.49
split_static,0.8,2025-05-16,11,24,3386.49
split_static,0.8,2025-05-17,24,24,3386.49
split_static,0.8,2025-05-18,24,24,3386.49
split_static,0.8,2025-05-19,24,24,3386.49
split_static,0.8,2025-05-20,24,24,3386.49
split_static,0.8,2025-05-21,24,24,3386.49
split_static,0.8,2025-05-22,24,24,3386.49
split_static,0.8,2025-05-23,24,24,3386.49
split_static,0.8,2025-05-24,24,24,3386.49
split_static,0.8,2025-05-25,24,24,3386.49
split_static,0.8,2025-05-26,24,24,3386.49
split_static,0.8,2025-05-27,24,24,3386.49
split_static,0.8,2025-05-28,22,24,3386.49
split_static,0.8,2025-05-29,22,24,3386.49
split_static,0.8,2025-05-30,22,24,3386.49
split_static,0.8,2025-05-31,24,24,3386.49
split_static,0.8,2025-06-01,24,24,3386.49
split_static,0.8,2025-06-02,24,24,3386.49
split_static,0.8,2025-06-03,24,24,3386.49
split_static,0.8,2025-06-04,24,24,3386.49
split_static,0.8,2025-06-05,24,24,3386.49
split_static,0.8,2025-06-06,24,24,3386.49
split_static,0.8,2025-06-07,24,24,3386.49
split_static,0.8,2025-06-08,22,24,3386.49
split_static,0.8,2025-06-09,23,24,3386.49
split_static,0.8,2025-06-10,24,24,3386.49
split_static,0.8,2025-06-11,24,24,3386.49
split_static,0.8,2025-06-12,24,24,3386.49
split_static,0.8,2025-06-13,24,24,3386.49
split_static,0.8,2025-06-14,24,24,3386.49
split_static,0.8,2025-06-15,24,24,3386.49
split_static,0.8,2025-06-16,24,24,3386.49
split_static,0.8,2025-06-17,24,24,3386.49
split_static,0.8,2025-06-18,24,24,3386.49
split_static,0.8,2025-06-19,24,24,3386.49
split_static,0.8,2025-06-20,24,24,3386.49
split_static,0.8,2025-06-21,24,24,3386.49
split_static,0.8,2025-06-22,24,24,3386.49
split_static,0.8,2025-06-23,24,24,3386.49
split_static,0.8,2025-06-24,24,24,3386.49
split_static,0.8,2025-06-25,24,24,3386.49
split_static,0.8,2025-06-26,24,24,3386.49
split_static,0.8,2025-06-27,24,24,3386.49
split_static,0.8,2025-06-28,24,24,3386.49
split_static,0.8,2025-06-29,24,24,3386.49
split_static,0.8,2025-06-30,13,24,3386.49
split_static,0.8,2025-07-01,24,24,3386.49
split_static,0.8,2025-07-02,19,24,3386.49
split_static,0.8,2025-07-03,24,24,3386.49
split_static,0.8,2025-07-04,24,24,3386.49
split_static,0.8,2025-07-05,24,24,3386.49
split_static,0.8,2025-07-06,19,24,3386.49
split_static,0.8,2025-07-07,8,24,3386.49
split_static,0.8,2025-07-08,21,24,3386.49
split_static,0.8,2025-07-09,24,24,3386.49
split_static,0.8,2025-07-10,24,24,3386.49
split_static,0.8,2025-07-11,24,24,3386.49
split_static,0.8,2025-07-12,24,24,3386.49
split_static,0.8,2025-07-13,24,24,3386.49
split_static,0.8,2025-07-14,17,24,3386.49
split_static,0.8,2025-07-15,24,24,3386.49
split_static,0.8,2025-07-16,24,24,3386.49
split_static,0.8,2025-07-17,24,24,3386.49
split_static,0.8,2025-07-18,24,24,3386.49
split_static,0.8,2025-07-19,22,24,3386.49
split_static,0.8,2025-07-20,24,24,3386.49
split_static,0.8,2025-07-21,24,24,3386.49
split_static,0.8,2025-07-22,19,24,3386.49
split_static,0.8,2025-07-23,24,24,3386.49
split_static,0.8,2025-07-24,24,24,3386.49
split_static,0.8,2025-07-25,24,24,3386.49
split_static,0.8,2025-07-26,23,24,3386.49
split_static,0.8,2025-07-27,24,24,3386.49
split_static,0.8,2025-07-28,24,24,3386.49
split_static,0.8,2025-07-29,24,24,3386.49
split_static,0.8,2025-07-30,24,24,3386.49
split_static,0.8,2025-07-31,24,24,3386.49
split_static,0.8,2025-08-01,24,24,3386.49
split_static,0.8,2025-08-02,24,24,3386.49
split_static,0.8,2025-08-03,24,24,3386.49
split_static,0.8,2025-08-04,24,24,3386.49
split_static,0.8,2025-08-05,24,24,3386.49
split_static,0.8,2025-08-06,24,24,3386.49
split_static,0.8,2025-08-07,24,24,3386.49
split_static,0.8,2025-08-08,24,24,3386.49
split_static,0.8,2025-08-09,20,24,3386.49
split_static,0.8,2025-08-10,24,24,3386.49
split_static,0.8,2025-08-11,24,24,3386.49
split_static,0.8,2025-08-12,24,24,3386.49
split_static,0.8,2025-08-13,24,24,3386.49
split_static,0.8,2025-08-14,19,24,3386.49
split_static,0.8,2025-08-15,24,24,3386.49
split_static,0.8,2025-08-16,23,24,3386.49
split_static,0.8,2025-08-17,24,24,3386.49
split_static,0.8,2025-08-18,20,24,3386.49
split_static,0.8,2025-08-19,16,24,3386.49
split_static,0.8,2025-08-20,24,24,3386.49
split_static,0.8,2025-08-21,24,24,3386.49
split_static,0.8,2025-08-22,22,24,3386.49
split_static,0.8,2025-08-23,14,24,3386.49
split_static,0.8,2025-08-24,24,24,3386.49
split_static,0.8,2025-08-25,24,24,3386.49
split_static,0.8,2025-08-26,24,24,3386.49
split_static,0.8,2025-08-27,24,24,3386.49
split_static,0.8,2025-08-28,24,24,3386.49
split_static,0.8,2025-08-29,24,24,3386.49
split_static,0.8,2025-08-30,24,24,3386.49
split_static,0.8,2025-08-31,24,24,3386.49
split_static,0.8,2025-09-01,24,24,3386.49
split_static,0.8,2025-09-02,23,24,3386.49
split_static,0.8,2025-09-03,18,24,3386.49
split_static,0.8,2025-09-04,24,24,3386.49
split_static,0.8,2025-09-05,24,24,3386.49
split_static,0.8,2025-09-06,24,24,3386.49
split_static,0.8,2025-09-07,24,24,3386.49
split_static,0.8,2025-09-08,24,24,3386.49
split_static,0.8,2025-09-09,24,24,3386.49
split_static,0.8,2025-09-10,22,24,3386.49
split_static,0.8,2025-09-11,24,24,3386.49
split_static,0.8,2025-09-12,24,24,3386.49
split_static,0.8,2025-09-13,24,24,3386.49
split_static,0.8,2025-09-14,21,24,3386.49
split_static,0.8,2025-09-15,24,24,3386.49
split_static,0.8,2025-09-16,24,24,3386.49
split_static,0.8,2025-09-17,24,24,3386.49
split_static,0.8,2025-09-18,21,24,3386.49
split_static,0.8,2025-09-19,24,24,3386.49
split_static,0.8,2025-09-20,24,24,3386.49
split_static,0.8,2025-09-21,24,24,3386.49
split_static,0.8,2025-09-22,22,24,3386.49
split_static,0.8,2025-09-23,17,24,3386.49
split_static,0.8,2025-09-24,24,24,3386.49
split_static,0.8,2025-09-25,24,24,3386.49
split_static,0.8,2025-09-26,20,24,3386.49
split_static,0.8,2025-09-27,24,24,3386.49
split_static,0.8,2025-09-28,24,24,3386.49
split_static,0.8,2025-09-29,24,24,3386.49
split_static,0.8,2025-09-30,22,24,3386.49
split_static,0.8,2025-10-01,24,24,3386.49
split_static,0.8,2025-10-02,21,24,3386.49
split_static,0.8,2025-10-03,24,24,3386.49
split_static,0.8,2025-10-04,24,24,3386.49
split_static,0.8,2025-10-05,24,24,3386.49
split_static,0.8,2025-10-06,20,24,3386.49
split_static,0.8,2025-10-07,24,24,3386.49
split_static,0.8,2025-10-08,24,24,3386.49
split_static,0.8,2025-10-09,20,24,3386.49
split_static,0.8,2025-10-10,24,24,3386.49
split_static,0.8,2025-10-11,24,24,3386.49
split_static,0.8,2025-10-12,24,24,3386.49
split_static,0.8,2025-10-13,24,24,3386.49
split_static,0.8,2025-10-14,24,24,3386.49
split_static,0.8,2025-10-15,23,24,3386.49
split_static,0.8,2025-10-16,24,24,3386.49
split_static,0.8,2025-10-17,24,24,3386.49
split_static,0.8,2025-10-18,24,24,3386.49
split_static,0.8,2025-10-19,24,24,3386.49
split_static,0.8,2025-10-20,22,24,3386.49
split_static,0.8,2025-10-21,24,24,3386.49
split_static,0.8,2025-10-22,23,24,3386.49
split_static,0.8,2025-10-23,16,24,3386.49
split_static,0.8,2025-10-24,23,24,3386.49
split_static,0.8,2025-10-25,24,24,3386.49
split_static,0.8,2025-10-26,17,24,3386.49
split_static,0.8,2025-10-27,20,24,3386.49
split_static,0.8,2025-10-28,24,24,3386.49
split_static,0.8,2025-10-29,24,24,3386.49
split_static,0.8,2025-10-30,23,24,3386.49
split_static,0.8,2025-10-31,23,24,3386.49
split_static,0.8,2025-11-01,19,24,3386.49
split_static,0.8,2025-11-02,23,24,3386.49
split_static,0.8,2025-11-03,22,24,3386.49
split_static,0.8,2025-11-04,19,24,3386.49
split_static,0.8,2025-11-05,20,24,3386.49
split_static,0.8,2025-11-06,24,24,3386.49
split_static,0.8,2025-11-07,24,24,3386.49
split_static,0.8,2025-11-08,21,24,3386.49
split_static,0.8,2025-11-09,24,24,3386.49
split_static,0.8,2025-11-10,24,24,3386.49
split_static,0.8,2025-11-11,20,24,3386.49
split_static,0.8,2025-11-12,24,24,3386.49
split_static,0.8,2025-11-13,24,24,3386.49
split_static,0.8,2025-11-14,23,24,3386.49
split_static,0.8,2025-11-15,24,24,3386.49
split_static,0.8,2025-11-16,24,24,3386.49
split_static,0.8,2025-11-17,14,24,3386.49
split_static,0.8,2025-11-18,13,24,3386.49
split_static,0.8,2025-11-19,6,24,3386.49
split_static,0.8,2025-11-20,16,24,3386.49
split_static,0.8,2025-11-21,1,24,3386.49
split_static,0.8,2025-11-22,7,24,3386.49
split_static,0.8,2025-11-23,16,24,3386.49
split_static,0.8,2025-11-24,0,24,3386.49
split_static,0.8,2025-11-25,11,24,3386.49
split_static,0.8,2025-11-26,23,24,3386.49
split_static,0.8,2025-11-27,15,24,3386.49
split_static,0.8,2025-11-28,20,24,3386.49
split_static,0.8,2025-11-29,9,24,3386.49
split_static,0.8,2025-11-30,10,24,3386.49
split_static,0.8,2025-12-01,7,24,3386.49
split_static,0.8,2025-12-02,14,24,3386.49
split_static,0.8,2025-12-03,3,24,3386.49
split_static,0.8,2025-12-04,18,24,3386.49
split_static,0.8,2025-12-05,8,24,3386.49
split_static,0.8,2025-12-06,24,24,3386.49
split_static,0.8,2025-12-07,22,24,3386.49
split_static,0.8,2025-12-08,7,24,3386.49
split_static,0.8,2025-12-09,20,24,3386.49
split_static,0.8,2025-12-10,24,24,3386.49
split_static,0.8,2025-12-11,24,24,3386.49
split_static,0.8,2025-12-12,24,24,3386.49
split_static,0.8,2025-12-13,24,24,3386.49
split_static,0.8,2025-12-14,8,24,3386.49
split_static,0.8,2025-12-15,16,24,3386.49
split_static,0.8,2025-12-16,22,24,3386.49
split_static,0.8,2025-12-17,22,24,3386.49
split_static,0.8,2025-12-18,11,24,3386.49
split_static,0.8,2025-12-19,21,24,3386.49
split_static,0.8,2025-12-20,20,24,3386.49
split_static,0.8,2025-12-21,23,24,3386.49
split_static,0.8,2025-12-22,20,24,3386.49
split_static,0.8,2025-12-23,11,24,3386.49
split_static,0.8,2025-12-24,17,24,3386.49
split_static,0.8,2025-12-25,13,24,3386.49
split_static,0.8,2025-12-26,21,24,3386.49
split_static,0.8,2025-12-27,1,24,3386.49
split_static,0.8,2025-12-28,15,24,3386.49
split_static,0.8,2025-12-29,20,24,3386.49
split_static,0.8,2025-12-30,11,24,3386.49
split_static,0.8,2025-12-31,7,24,3386.49
split_static,0.8,2026-01-01,0,24,3386.49
split_static,0.8,2026-01-02,17,24,3386.49
split_static,0.8,2026-01-03,22,24,3386.49
split_static,0.8,2026-01-04,18,24,3386.49
split_static,0.8,2026-01-05,8,24,3386.49
split_static,0.8,2026-01-06,22,24,3386.49
split_static,0.8,2026-01-07,11,24,3386.49
split_static,0.8,2026-01-08,9,24,3386.49
split_static,0.8,2026-01-09,11,24,3386.49
split_static,0.8,2026-01-10,23,24,3386.49
split_static,0.8,2026-01-11,17,24,3386.49
split_static,0.8,2026-01-12,20,24,3386.49
split_static,0.8,2026-01-13,2,24,3386.49
split_static,0.8,2026-01-14,0,24,3386.49
split_static,0.8,2026-01-15,20,24,3386.49
split_static,0.8,2026-01-16,11,24,3386.49
split_static,0.8,2026-01-17,7,24,3386.49
split_static,0.8,2026-01-18,16,24,3386.49
split_static,0.8,2026-01-19,12,24,3386.49
split_static,0.8,2026-01-20,4,24,3386.49
split_static,0.8,2026-01-21,24,24,3386.49
split_static,0.8,2026-01-22,9,24,3386.49
split_static,0.8,2026-01-23,20,24,3386.49
split_static,0.8,2026-01-24,24,24,3386.49
split_static,0.8,2026-01-25,22,24,3386.49
split_static,0.8,2026-01-26,24,24,3386.49
split_static,0.8,2026-01-27,18,24,3386.49
split_static,0.8,2026-01-28,11,24,3386.49
split_static,0.8,2026-01-29,24,24,3386.49
split_static,0.8,2026-01-30,24,24,3386.49
split_static,0.8,2026-01-31,21,24,3386.49
split_static,0.8,2026-02-01,21,24,3386.49
split_static,0.8,2026-02-02,23,24,3386.49
split_static,0.8,2026-02-03,18,24,3386.49
split_static,0.8,2026-02-04,21,24,3386.49
split_static,0.8,2026-02-05,17,24,3386.49
split_static,0.8,2026-02-06,18,24,3386.49
split_static,0.8,2026-02-07,20,24,3386.49
split_static,0.8,2026-02-08,22,24,3386.49
split_static,0.8,2026-02-09,24,24,3386.49
split_static,0.8,2026-02-10,20,24,3386.49
split_static,0.8,2026-02-11,23,24,3386.49
split_static,0.8,2026-02-12,22,24,3386.49
split_static,0.8,2026-02-13,11,24,3386.49
split_static,0.8,2026-02-14,12,24,3386.49
split_static,0.8,2026-02-15,0,24,3386.49
split_static,0.8,2026-02-16,13,24,3386.49
split_static,0.8,2026-02-17,12,24,3386.49
split_static,0.8,2026-02-18,21,24,3386.49
split_static,0.8,2026-02-19,17,24,3386.49
split_static,0.8,2026-02-20,21,24,3386.49
split_static,0.8,2026-02-21,10,24,3386.49
split_static,0.8,2026-02-22,8,24,3386.49
split_static,0.8,2026-02-23,18,24,3386.49
split_static,0.8,2026-02-24,16,24,3386.49
split_static,0.8,2026-02-25,21,24,3386.49
split_static,0.8,2026-02-26,21,24,3386.49
split_static,0.8,2026-02-27,23,24,3386.49
split_static,0.8,2026-02-28,23,24,3386.49
split_static,0.8,2026-03-01,18,24,3386.49
split_static,0.8,2026-03-02,16,24,3386.49
split_static,0.8,2026-03-03,24,24,3386.49
split_static,0.8,2026-03-04,19,24,3386.49
split_static,0.8,2026-03-05,15,24,3386.49
split_static,0.8,2026-03-06,9,24,3386.49
split_static,0.8,2026-03-07,19,24,3386.49
split_static,0.8,2026-03-08,12,24,3386.49
split_static,0.8,2026-03-09,20,24,3386.49
split_static,0.8,2026-03-10,15,24,3386.49
split_static,0.8,2026-03-11,17,24,3386.49
split_static,0.8,2026-03-12,19,24,3386.49
split_static,0.8,2026-03-13,24,24,3386.49
split_static,0.8,2026-03-14,19,24,3386.49
split_static,0.8,2026-03-15,4,24,3386.49
split_static,0.8,2026-03-16,22,24,3386.49
split_static,0.8,2026-03-17,20,24,3386.49
split_static,0.8,2026-03-18,21,24,3386.49
split_static,0.8,2026-03-19,24,24,3386.49
split_static,0.8,2026-03-20,19,24,3386.49
split_static,0.8,2026-03-21,23,24,3386.49
split_static,0.8,2026-03-22,10,24,3386.49
split_static,0.8,2026-03-23,15,24,3386.49
split_static,0.8,2026-03-24,21,24,3386.49
split_static,0.8,2026-03-25,13,24,3386.49
split_static,0.8,2026-03-26,11,24,3386.49
split_static,0.8,2026-03-27,16,24,3386.49
split_static,0.8,2026-03-28,20,24,3386.49
split_static,0.8,2026-03-29,11,23,3386.49
split_static,0.8,2026-03-30,16,24,3386.49
split_static,0.8,2026-03-31,17,24,3386.49
split_static,0.8,2026-04-01,17,24,3386.49
split_static,0.8,2026-04-02,24,24,3386.49
split_static,0.8,2026-04-03,24,24,3386.49
split_static,0.8,2026-04-04,9,24,3386.49
split_static,0.8,2026-04-05,0,24,3386.49
split_static,0.8,2026-04-06,16,24,3386.49
split_static,0.8,2026-04-07,5,24,3386.49
split_static,0.8,2026-04-08,11,24,3386.49
split_static,0.8,2026-04-09,24,24,3386.49
split_static,0.8,2026-04-10,23,24,3386.49
split_static,0.8,2026-04-11,17,24,3386.49
split_static,0.8,2026-04-12,5,24,3386.49
split_static,0.8,2026-04-13,17,24,3386.49
split_static,0.8,2026-04-14,14,24,3386.49
split_static,0.8,2026-04-15,24,24,3386.49
split_static,0.8,2026-04-16,18,24,3386.49
split_static,0.8,2026-04-17,23,24,3386.49
split_static,0.8,2026-04-18,21,24,3386.49
split_static,0.8,2026-04-19,24,24,3386.49
split_static,0.8,2026-04-20,18,24,3386.49
split_static,0.8,2026-04-21,15,24,3386.49
split_static,0.8,2026-04-22,24,24,3386.49
split_static,0.8,2026-04-23,22,24,3386.49
split_static,0.8,2026-04-24,24,24,3386.49
split_static,0.8,2026-04-25,24,24,3386.49
split_static,0.8,2026-04-26,24,24,3386.49
split_static,0.8,2026-04-27,23,24,3386.49
split_static,0.8,2026-04-28,24,24,3386.49
split_static,0.8,2026-04-29,24,24,3386.49
split_static,0.8,2026-04-30,24,24,3386.49
split_static,0.8,2026-05-01,12,24,3386.49
split_static,0.8,2026-05-02,23,24,3386.49
split_static,0.8,2026-05-03,12,24,3386.49
split_static,0.8,2026-05-04,22,24,3386.49
split_static,0.8,2026-05-05,24,24,3386.49
split_static,0.8,2026-05-06,22,24,3386.49
split_static,0.8,2026-05-07,24,24,3386.49
split_static,0.8,2026-05-08,22,24,3386.49
split_static,0.8,2026-05-09,23,24,3386.49
split_static,0.8,2026-05-10,24,24,3386.49
split_static,0.8,2026-05-11,24,24,3386.49
split_static,0.8,2026-05-12,21,24,3386.49
split_static,0.8,2026-05-13,24,24,3386.49
split_static,0.8,2026-05-14,21,24,3386.49
split_static,0.8,2026-05-15,23,24,3386.49
split_static,0.8,2026-05-16,24,24,3386.49
split_static,0.8,2026-05-17,24,24,3386.49
split_static,0.8,2026-05-18,16,24,3386.49
split_static,0.8,2026-05-19,24,24,3386.49
split_static,0.8,2026-05-20,24,24,3386.49
split_static,0.8,2026-05-21,22,24,3386.49
split_static,0.8,2026-05-22,8,24,3386.49
split_static,0.8,2026-05-23,23,24,3386.49
split_static,0.8,2026-05-24,19,24,3386.49
split_static,0.8,2026-05-25,17,24,3386.49
split_static,0.8,2026-05-26,23,24,3386.49
split_static,0.8,2026-05-27,20,24,3386.49
split_static,0.8,2026-05-28,22,24,3386.49
split_static,0.8,2026-05-29,23,24,3386.49
split_static,0.8,2026-05-30,24,24,3386.49
split_static,0.8,2026-05-31,23,24,3386.49
split_static,0.8,2026-06-01,16,24,3386.49
split_static,0.8,2026-06-02,24,24,3386.49
split_static,0.8,2026-06-03,24,24,3386.49
split_static,0.8,2026-06-04,17,24,3386.49
split_static,0.8,2026-06-05,24,24,3386.49
split_static,0.8,2026-06-06,24,24,3386.49
split_static,0.8,2026-06-07,24,24,3386.49
split_static,0.8,2026-06-08,24,24,3386.49
split_static,0.8,2026-06-09,23,24,3386.49
split_static,0.8,2026-06-10,24,24,3386.49
split_static,0.8,2026-06-11,24,24,3386.49
split_static,0.8,2026-06-12,23,24,3386.49
split_static,0.8,2026-06-13,24,24,3386.49
split_static,0.8,2026-06-14,24,24,3386.49
split_static,0.8,2026-06-15,24,24,3386.49
split_static,0.8,2026-06-16,24,24,3386.49
split_static,0.8,2026-06-17,23,24,3386.49
split_static,0.8,2026-06-18,24,24,3386.49
split_static,0.8,2026-06-19,23,24,3386.49
split_static,0.8,2026-06-20,24,24,3386.49
split_static,0.8,2026-06-21,19,24,3386.49
split_static,0.8,2026-06-22,22,24,3386.49
split_static,0.8,2026-06-23,24,24,3386.49
split_static,0.8,2026-06-24,24,24,3386.49
split_static,0.8,2026-06-25,22,24,3386.49
split_static,0.8,2026-06-26,24,24,3386.49
split_static,0.8,2026-06-27,24,24,3386.49
split_static,0.8,2026-06-28,13,24,3386.49
split_static,0.8,2026-06-29,9,24,3386.49
split_static,0.8,2026-06-30,21,24,3386.49
split_static,0.8,2026-07-01,13,24,3386.49
split_static,0.8,2026-07-02,14,24,3386.49
split_static,0.8,2026-07-03,23,24,3386.49
split_static,0.8,2026-07-04,15,24,3386.49
split_static,0.8,2026-07-05,18,24,3386.49
split_static,0.8,2026-07-06,23,24,3386.49
split_static,0.8,2026-07-07,24,24,3386.49
split_static,0.8,2026-07-08,24,24,3386.49
split_static,0.8,2026-07-09,23,24,3386.49
split_static,0.8,2026-07-10,24,24,3386.49
split_static,0.8,2026-07-11,24,24,3386.49
split_static,0.8,2026-07-12,24,24,3386.49
split_static,0.8,2026-07-13,24,24,3386.49
split_static,0.8,2026-07-14,9,24,3386.49
split_static,0.8,2026-07-15,20,24,3386.49
split_static,0.8,2026-07-16,23,24,3386.49
split_static,0.8,2026-07-17,23,24,3386.49
split_static,0.8,2026-07-18,24,24,3386.49
split_static,0.8,2026-07-19,24,24,3386.49
split_static,0.8,2026-07-20,24,24,3386.49
split_static,0.8,2026-07-21,17,24,3386.49
split_static,0.8,2026-07-22,6,24,3386.49
split_static,0.8,2026-07-23,24,24,3386.49
split_static,0.8,2026-07-24,24,24,3386.49
split_static,0.8,2026-07-25,23,24,3386.49
split_static,0.8,2026-07-26,22,24,3386.49
split_static,0.8,2026-07-27,23,24,3386.49
split_static,0.8,2026-07-28,24,24,3386.49
split_static,0.8,2026-07-29,9,24,3386.49
split_static,0.8,2026-07-30,24,24,3386.49
split_static,0.8,2026-07-31,20,24,3386.49
split_static,0.8,2026-08-01,22,24,3386.49
split_static,0.8,2026-08-02,20,24,3386.49
split_static,0.8,2026-08-03,24,24,3386.49
split_static,0.8,2026-08-04,24,24,3386.49
split_static,0.8,2026-08-05,24,24,3386.49
split_static,0.8,2026-08-06,24,24,3386.49
split_static,0.8,2026-08-07,24,24,3386.49
split_static,0.8,2026-08-08,24,24,3386.49
split_static,0.8,2026-08-09,24,24,3386.49
split_static,0.8,2026-08-10,24,24,3386.49
split_static,0.8,2026-08-11,24,24,3386.49
split_static,0.8,2026-08-12,23,24,3386.49
split_static,0.8,2026-08-13,15,24,3386.49
split_static,0.8,2026-08-14,17,24,3386.49
split_static,0.8,2026-08-15,24,24,3386.49
split_static,0.8,2026-08-16,24,24,3386.49
split_static,0.8,2026-08-17,24,24,3386.49
split_static,0.8,2026-08-18,24,24,3386.49
split_static,0.8,2026-08-19,20,24,3386.49
split_static,0.8,2026-08-20,24,24,3386.49
split_static,0.8,2026-08-21,18,24,3386.49
split_static,0.8,2026-08-22,18,24,3386.49
split_static,0.8,2026-08-23,20,24,3386.49
split_static,0.8,2026-08-24,19,24,3386.49
split_static,0.8,2026-08-25,24,24,3386.49
split_static,0.8,2026-08-26,24,24,3386.49
split_static,0.8,2026-08-27,20,24,3386.49
split_static,0.8,2026-08-28,17,24,3386.49
split_static,0.8,2026-08-29,21,24,3386.49
split_static,0.8,2026-08-30,24,24,3386.49
split_static,0.8,2026-08-31,18,24,3386.49
split_static,0.95,2022-04-01,7,24,6238.08
split_static,0.95,2022-04-02,12,24,6238.08
split_static,0.95,2022-04-03,19,24,6238.08
split_static,0.95,2022-04-04,23,24,6238.08
split_static,0.95,2022-04-05,19,24,6238.08
split_static,0.95,2022-04-06,20,24,6238.08
split_static,0.95,2022-04-07,24,24,6238.08
split_static,0.95,2022-04-08,14,24,6238.08
split_static,0.95,2022-04-09,19,24,6238.08
split_static,0.95,2022-04-10,24,24,6238.08
split_static,0.95,2022-04-11,24,24,6238.08
split_static,0.95,2022-04-12,20,24,6238.08
split_static,0.95,2022-04-13,24,24,6238.08
split_static,0.95,2022-04-14,24,24,6238.08
split_static,0.95,2022-04-15,17,24,6238.08
split_static,0.95,2022-04-16,21,24,6238.08
split_static,0.95,2022-04-17,24,24,6238.08
split_static,0.95,2022-04-18,22,24,6238.08
split_static,0.95,2022-04-19,16,24,6238.08
split_static,0.95,2022-04-20,24,24,6238.08
split_static,0.95,2022-04-21,24,24,6238.08
split_static,0.95,2022-04-22,24,24,6238.08
split_static,0.95,2022-04-23,24,24,6238.08
split_static,0.95,2022-04-24,24,24,6238.08
split_static,0.95,2022-04-25,8,24,6238.08
split_static,0.95,2022-04-26,22,24,6238.08
split_static,0.95,2022-04-27,24,24,6238.08
split_static,0.95,2022-04-28,24,24,6238.08
split_static,0.95,2022-04-29,24,24,6238.08
split_static,0.95,2022-04-30,24,24,6238.08
split_static,0.95,2022-05-01,24,24,6238.08
split_static,0.95,2022-05-02,24,24,6238.08
split_static,0.95,2022-05-03,24,24,6238.08
split_static,0.95,2022-05-04,24,24,6238.08
split_static,0.95,2022-05-05,24,24,6238.08
split_static,0.95,2022-05-06,24,24,6238.08
split_static,0.95,2022-05-07,24,24,6238.08
split_static,0.95,2022-05-08,24,24,6238.08
split_static,0.95,2022-05-09,24,24,6238.08
split_static,0.95,2022-05-10,24,24,6238.08
split_static,0.95,2022-05-11,24,24,6238.08
split_static,0.95,2022-05-12,24,24,6238.08
split_static,0.95,2022-05-13,24,24,6238.08
split_static,0.95,2022-05-14,24,24,6238.08
split_static,0.95,2022-05-15,24,24,6238.08
split_static,0.95,2022-05-16,24,24,6238.08
split_static,0.95,2022-05-17,24,24,6238.08
split_static,0.95,2022-05-18,24,24,6238.08
split_static,0.95,2022-05-19,24,24,6238.08
split_static,0.95,2022-05-20,24,24,6238.08
split_static,0.95,2022-05-21,24,24,6238.08
split_static,0.95,2022-05-22,24,24,6238.08
split_static,0.95,2022-05-23,24,24,6238.08
split_static,0.95,2022-05-24,24,24,6238.08
split_static,0.95,2022-05-25,24,24,6238.08
split_static,0.95,2022-05-26,24,24,6238.08
split_static,0.95,2022-05-27,24,24,6238.08
split_static,0.95,2022-05-28,24,24,6238.08
split_static,0.95,2022-05-29,24,24,6238.08
split_static,0.95,2022-05-30,24,24,6238.08
split_static,0.95,2022-05-31,24,24,6238.08
split_static,0.95,2022-06-01,24,24,6238.08
split_static,0.95,2022-06-02,24,24,6238.08
split_static,0.95,2022-06-03,24,24,6238.08
split_static,0.95,2022-06-04,24,24,6238.08
split_static,0.95,2022-06-05,24,24,6238.08
split_static,0.95,2022-06-06,24,24,6238.08
split_static,0.95,2022-06-07,24,24,6238.08
split_static,0.95,2022-06-08,24,24,6238.08
split_static,0.95,2022-06-09,24,24,6238.08
split_static,0.95,2022-06-10,24,24,6238.08
split_static,0.95,2022-06-11,24,24,6238.08
split_static,0.95,2022-06-12,24,24,6238.08
split_static,0.95,2022-06-13,24,24,6238.08
split_static,0.95,2022-06-14,24,24,6238.08
split_static,0.95,2022-06-15,24,24,6238.08
split_static,0.95,2022-06-16,24,24,6238.08
split_static,0.95,2022-06-17,24,24,6238.08
split_static,0.95,2022-06-18,24,24,6238.08
split_static,0.95,2022-06-19,24,24,6238.08
split_static,0.95,2022-06-20,24,24,6238.08
split_static,0.95,2022-06-21,24,24,6238.08
split_static,0.95,2022-06-22,24,24,6238.08
split_static,0.95,2022-06-23,24,24,6238.08
split_static,0.95,2022-06-24,24,24,6238.08
split_static,0.95,2022-06-25,24,24,6238.08
split_static,0.95,2022-06-26,24,24,6238.08
split_static,0.95,2022-06-27,24,24,6238.08
split_static,0.95,2022-06-28,24,24,6238.08
split_static,0.95,2022-06-29,24,24,6238.08
split_static,0.95,2022-06-30,24,24,6238.08
split_static,0.95,2022-07-01,24,24,6238.08
split_static,0.95,2022-07-02,24,24,6238.08
split_static,0.95,2022-07-03,24,24,6238.08
split_static,0.95,2022-07-04,24,24,6238.08
split_static,0.95,2022-07-05,24,24,6238.08
split_static,0.95,2022-07-06,24,24,6238.08
split_static,0.95,2022-07-07,24,24,6238.08
split_static,0.95,2022-07-08,24,24,6238.08
split_static,0.95,2022-07-09,24,24,6238.08
split_static,0.95,2022-07-10,24,24,6238.08
split_static,0.95,2022-07-11,24,24,6238.08
split_static,0.95,2022-07-12,24,24,6238.08
split_static,0.95,2022-07-13,24,24,6238.08
split_static,0.95,2022-07-14,24,24,6238.08
split_static,0.95,2022-07-15,24,24,6238.08
split_static,0.95,2022-07-16,24,24,6238.08
split_static,0.95,2022-07-17,24,24,6238.08
split_static,0.95,2022-07-18,24,24,6238.08
split_static,0.95,2022-07-19,24,24,6238.08
split_static,0.95,2022-07-20,24,24,6238.08
split_static,0.95,2022-07-21,24,24,6238.08
split_static,0.95,2022-07-22,24,24,6238.08
split_static,0.95,2022-07-23,24,24,6238.08
split_static,0.95,2022-07-24,24,24,6238.08
split_static,0.95,2022-07-25,24,24,6238.08
split_static,0.95,2022-07-26,24,24,6238.08
split_static,0.95,2022-07-27,24,24,6238.08
split_static,0.95,2022-07-28,24,24,6238.08
split_static,0.95,2022-07-29,24,24,6238.08
split_static,0.95,2022-07-30,24,24,6238.08
split_static,0.95,2022-07-31,24,24,6238.08
split_static,0.95,2022-08-01,24,24,6238.08
split_static,0.95,2022-08-02,24,24,6238.08
split_static,0.95,2022-08-03,24,24,6238.08
split_static,0.95,2022-08-04,24,24,6238.08
split_static,0.95,2022-08-05,24,24,6238.08
split_static,0.95,2022-08-06,24,24,6238.08
split_static,0.95,2022-08-07,24,24,6238.08
split_static,0.95,2022-08-08,24,24,6238.08
split_static,0.95,2022-08-09,24,24,6238.08
split_static,0.95,2022-08-10,24,24,6238.08
split_static,0.95,2022-08-11,24,24,6238.08
split_static,0.95,2022-08-12,24,24,6238.08
split_static,0.95,2022-08-13,24,24,6238.08
split_static,0.95,2022-08-14,24,24,6238.08
split_static,0.95,2022-08-15,24,24,6238.08
split_static,0.95,2022-08-16,24,24,6238.08
split_static,0.95,2022-08-17,24,24,6238.08
split_static,0.95,2022-08-18,24,24,6238.08
split_static,0.95,2022-08-19,24,24,6238.08
split_static,0.95,2022-08-20,24,24,6238.08
split_static,0.95,2022-08-21,24,24,6238.08
split_static,0.95,2022-08-22,24,24,6238.08
split_static,0.95,2022-08-23,24,24,6238.08
split_static,0.95,2022-08-24,24,24,6238.08
split_static,0.95,2022-08-25,24,24,6238.08
split_static,0.95,2022-08-26,24,24,6238.08
split_static,0.95,2022-08-27,24,24,6238.08
split_static,0.95,2022-08-28,24,24,6238.08
split_static,0.95,2022-08-29,24,24,6238.08
split_static,0.95,2022-08-30,24,24,6238.08
split_static,0.95,2022-08-31,24,24,6238.08
split_static,0.95,2022-09-01,24,24,6238.08
split_static,0.95,2022-09-02,24,24,6238.08
split_static,0.95,2022-09-03,24,24,6238.08
split_static,0.95,2022-09-04,24,24,6238.08
split_static,0.95,2022-09-05,24,24,6238.08
split_static,0.95,2022-09-06,24,24,6238.08
split_static,0.95,2022-09-07,24,24,6238.08
split_static,0.95,2022-09-08,24,24,6238.08
split_static,0.95,2022-09-09,24,24,6238.08
split_static,0.95,2022-09-10,24,24,6238.08
split_static,0.95,2022-09-11,24,24,6238.08
split_static,0.95,2022-09-12,24,24,6238.08
split_static,0.95,2022-09-13,24,24,6238.08
split_static,0.95,2022-09-14,24,24,6238.08
split_static,0.95,2022-09-15,24,24,6238.08
split_static,0.95,2022-09-16,24,24,6238.08
split_static,0.95,2022-09-17,24,24,6238.08
split_static,0.95,2022-09-18,24,24,6238.08
split_static,0.95,2022-09-19,24,24,6238.08
split_static,0.95,2022-09-20,24,24,6238.08
split_static,0.95,2022-09-21,24,24,6238.08
split_static,0.95,2022-09-22,24,24,6238.08
split_static,0.95,2022-09-23,24,24,6238.08
split_static,0.95,2022-09-24,24,24,6238.08
split_static,0.95,2022-09-25,24,24,6238.08
split_static,0.95,2022-09-26,24,24,6238.08
split_static,0.95,2022-09-27,24,24,6238.08
split_static,0.95,2022-09-28,24,24,6238.08
split_static,0.95,2022-09-29,24,24,6238.08
split_static,0.95,2022-09-30,24,24,6238.08
split_static,0.95,2022-10-01,24,24,6238.08
split_static,0.95,2022-10-02,24,24,6238.08
split_static,0.95,2022-10-03,24,24,6238.08
split_static,0.95,2022-10-04,24,24,6238.08
split_static,0.95,2022-10-05,24,24,6238.08
split_static,0.95,2022-10-06,24,24,6238.08
split_static,0.95,2022-10-07,24,24,6238.08
split_static,0.95,2022-10-08,24,24,6238.08
split_static,0.95,2022-10-09,24,24,6238.08
split_static,0.95,2022-10-10,24,24,6238.08
split_static,0.95,2022-10-11,24,24,6238.08
split_static,0.95,2022-10-12,24,24,6238.08
split_static,0.95,2022-10-13,24,24,6238.08
split_static,0.95,2022-10-14,24,24,6238.08
split_static,0.95,2022-10-15,24,24,6238.08
split_static,0.95,2022-10-16,24,24,6238.08
split_static,0.95,2022-10-17,24,24,6238.08
split_static,0.95,2022-10-18,24,24,6238.08
split_static,0.95,2022-10-19,24,24,6238.08
split_static,0.95,2022-10-20,24,24,6238.08
split_static,0.95,2022-10-21,24,24,6238.08
split_static,0.95,2022-10-22,24,24,6238.08
split_static,0.95,2022-10-23,24,24,6238.08
split_static,0.95,2022-10-24,24,24,6238.08
split_static,0.95,2022-10-25,24,24,6238.08
split_static,0.95,2022-10-26,24,24,6238.08
split_static,0.95,2022-10-27,24,24,6238.08
split_static,0.95,2022-10-28,24,24,6238.08
split_static,0.95,2022-10-29,24,24,6238.08
split_static,0.95,2022-10-30,24,24,6238.08
split_static,0.95,2022-10-31,22,24,6238.08
split_static,0.95,2022-11-01,24,24,6238.08
split_static,0.95,2022-11-02,24,24,6238.08
split_static,0.95,2022-11-03,24,24,6238.08
split_static,0.95,2022-11-04,24,24,6238.08
split_static,0.95,2022-11-05,24,24,6238.08
split_static,0.95,2022-11-06,24,24,6238.08
split_static,0.95,2022-11-07,24,24,6238.08
split_static,0.95,2022-11-08,22,24,6238.08
split_static,0.95,2022-11-09,24,24,6238.08
split_static,0.95,2022-11-10,24,24,6238.08
split_static,0.95,2022-11-11,24,24,6238.08
split_static,0.95,2022-11-12,24,24,6238.08
split_static,0.95,2022-11-13,24,24,6238.08
split_static,0.95,2022-11-14,24,24,6238.08
split_static,0.95,2022-11-15,24,24,6238.08
split_static,0.95,2022-11-16,24,24,6238.08
split_static,0.95,2022-11-17,24,24,6238.08
split_static,0.95,2022-11-18,24,24,6238.08
split_static,0.95,2022-11-19,24,24,6238.08
split_static,0.95,2022-11-20,24,24,6238.08
split_static,0.95,2022-11-21,24,24,6238.08
split_static,0.95,2022-11-22,23,24,6238.08
split_static,0.95,2022-11-23,24,24,6238.08
split_static,0.95,2022-11-24,24,24,6238.08
split_static,0.95,2022-11-25,24,24,6238.08
split_static,0.95,2022-11-26,24,24,6238.08
split_static,0.95,2022-11-27,24,24,6238.08
split_static,0.95,2022-11-28,14,24,6238.08
split_static,0.95,2022-11-29,24,24,6238.08
split_static,0.95,2022-11-30,24,24,6238.08
split_static,0.95,2022-12-01,24,24,6238.08
split_static,0.95,2022-12-02,24,24,6238.08
split_static,0.95,2022-12-03,24,24,6238.08
split_static,0.95,2022-12-04,24,24,6238.08
split_static,0.95,2022-12-05,23,24,6238.08
split_static,0.95,2022-12-06,24,24,6238.08
split_static,0.95,2022-12-07,23,24,6238.08
split_static,0.95,2022-12-08,24,24,6238.08
split_static,0.95,2022-12-09,23,24,6238.08
split_static,0.95,2022-12-10,24,24,6238.08
split_static,0.95,2022-12-11,23,24,6238.08
split_static,0.95,2022-12-12,23,24,6238.08
split_static,0.95,2022-12-13,24,24,6238.08
split_static,0.95,2022-12-14,6,24,6238.08
split_static,0.95,2022-12-15,9,24,6238.08
split_static,0.95,2022-12-16,22,24,6238.08
split_static,0.95,2022-12-17,24,24,6238.08
split_static,0.95,2022-12-18,18,24,6238.08
split_static,0.95,2022-12-19,3,24,6238.08
split_static,0.95,2022-12-20,9,24,6238.08
split_static,0.95,2022-12-21,24,24,6238.08
split_static,0.95,2022-12-22,24,24,6238.08
split_static,0.95,2022-12-23,21,24,6238.08
split_static,0.95,2022-12-24,21,24,6238.08
split_static,0.95,2022-12-25,24,24,6238.08
split_static,0.95,2022-12-26,7,24,6238.08
split_static,0.95,2022-12-27,3,24,6238.08
split_static,0.95,2022-12-28,24,24,6238.08
split_static,0.95,2022-12-29,24,24,6238.08
split_static,0.95,2022-12-30,23,24,6238.08
split_static,0.95,2022-12-31,24,24,6238.08
split_static,0.95,2023-01-01,22,24,6238.08
split_static,0.95,2023-01-02,24,24,6238.08
split_static,0.95,2023-01-03,18,24,6238.08
split_static,0.95,2023-01-04,24,24,6238.08
split_static,0.95,2023-01-05,24,24,6238.08
split_static,0.95,2023-01-06,24,24,6238.08
split_static,0.95,2023-01-07,24,24,6238.08
split_static,0.95,2023-01-08,16,24,6238.08
split_static,0.95,2023-01-09,19,24,6238.08
split_static,0.95,2023-01-10,24,24,6238.08
split_static,0.95,2023-01-11,24,24,6238.08
split_static,0.95,2023-01-12,24,24,6238.08
split_static,0.95,2023-01-13,24,24,6238.08
split_static,0.95,2023-01-14,24,24,6238.08
split_static,0.95,2023-01-15,24,24,6238.08
split_static,0.95,2023-01-16,24,24,6238.08
split_static,0.95,2023-01-17,24,24,6238.08
split_static,0.95,2023-01-18,24,24,6238.08
split_static,0.95,2023-01-19,23,24,6238.08
split_static,0.95,2023-01-20,24,24,6238.08
split_static,0.95,2023-01-21,23,24,6238.08
split_static,0.95,2023-01-22,16,24,6238.08
split_static,0.95,2023-01-23,24,24,6238.08
split_static,0.95,2023-01-24,22,24,6238.08
split_static,0.95,2023-01-25,22,24,6238.08
split_static,0.95,2023-01-26,24,24,6238.08
split_static,0.95,2023-01-27,24,24,6238.08
split_static,0.95,2023-01-28,24,24,6238.08
split_static,0.95,2023-01-29,24,24,6238.08
split_static,0.95,2023-01-30,17,24,6238.08
split_static,0.95,2023-01-31,8,24,6238.08
split_static,0.95,2023-02-01,10,24,6238.08
split_static,0.95,2023-02-02,22,24,6238.08
split_static,0.95,2023-02-03,24,24,6238.08
split_static,0.95,2023-02-04,24,24,6238.08
split_static,0.95,2023-02-05,24,24,6238.08
split_static,0.95,2023-02-06,24,24,6238.08
split_static,0.95,2023-02-07,24,24,6238.08
split_static,0.95,2023-02-08,22,24,6238.08
split_static,0.95,2023-02-09,20,24,6238.08
split_static,0.95,2023-02-10,24,24,6238.08
split_static,0.95,2023-02-11,24,24,6238.08
split_static,0.95,2023-02-12,24,24,6238.08
split_static,0.95,2023-02-13,23,24,6238.08
split_static,0.95,2023-02-14,24,24,6238.08
split_static,0.95,2023-02-15,24,24,6238.08
split_static,0.95,2023-02-16,24,24,6238.08
split_static,0.95,2023-02-17,24,24,6238.08
split_static,0.95,2023-02-18,24,24,6238.08
split_static,0.95,2023-02-19,24,24,6238.08
split_static,0.95,2023-02-20,24,24,6238.08
split_static,0.95,2023-02-21,21,24,6238.08
split_static,0.95,2023-02-22,17,24,6238.08
split_static,0.95,2023-02-23,13,24,6238.08
split_static,0.95,2023-02-24,24,24,6238.08
split_static,0.95,2023-02-25,21,24,6238.08
split_static,0.95,2023-02-26,18,24,6238.08
split_static,0.95,2023-02-27,12,24,6238.08
split_static,0.95,2023-02-28,16,24,6238.08
split_static,0.95,2023-03-01,23,24,6238.08
split_static,0.95,2023-03-02,23,24,6238.08
split_static,0.95,2023-03-03,24,24,6238.08
split_static,0.95,2023-03-04,24,24,6238.08
split_static,0.95,2023-03-05,22,24,6238.08
split_static,0.95,2023-03-06,21,24,6238.08
split_static,0.95,2023-03-07,17,24,6238.08
split_static,0.95,2023-03-08,24,24,6238.08
split_static,0.95,2023-03-09,24,24,6238.08
split_static,0.95,2023-03-10,23,24,6238.08
split_static,0.95,2023-03-11,23,24,6238.08
split_static,0.95,2023-03-12,24,24,6238.08
split_static,0.95,2023-03-13,24,24,6238.08
split_static,0.95,2023-03-14,24,24,6238.08
split_static,0.95,2023-03-15,21,24,6238.08
split_static,0.95,2023-03-16,24,24,6238.08
split_static,0.95,2023-03-17,15,24,6238.08
split_static,0.95,2023-03-18,24,24,6238.08
split_static,0.95,2023-03-19,24,24,6238.08
split_static,0.95,2023-03-20,21,24,6238.08
split_static,0.95,2023-03-21,15,24,6238.08
split_static,0.95,2023-03-22,24,24,6238.08
split_static,0.95,2023-03-23,24,24,6238.08
split_static,0.95,2023-03-24,24,24,6238.08
split_static,0.95,2023-03-25,24,24,6238.08
split_static,0.95,2023-03-26,21,23,6238.08
split_static,0.95,2023-03-27,24,24,6238.08
split_static,0.95,2023-03-28,24,24,6238.08
split_static,0.95,2023-03-29,24,24,6238.08
split_static,0.95,2023-03-30,24,24,6238.08
split_static,0.95,2023-03-31,24,24,6238.08
split_static,0.95,2023-04-01,24,24,6238.08
split_static,0.95,2023-04-02,24,24,6238.08
split_static,0.95,2023-04-03,24,24,6238.08
split_static,0.95,2023-04-04,24,24,6238.08
split_static,0.95,2023-04-05,24,24,6238.08
split_static,0.95,2023-04-06,24,24,6238.08
split_static,0.95,2023-04-07,23,24,6238.08
split_static,0.95,2023-04-08,24,24,6238.08
split_static,0.95,2023-04-09,20,24,6238.08
split_static,0.95,2023-04-10,22,24,6238.08
split_static,0.95,2023-04-11,23,24,6238.08
split_static,0.95,2023-04-12,15,24,6238.08
split_static,0.95,2023-04-13,22,24,6238.08
split_static,0.95,2023-04-14,24,24,6238.08
split_static,0.95,2023-04-15,24,24,6238.08
split_static,0.95,2023-04-16,20,24,6238.08
split_static,0.95,2023-04-17,16,24,6238.08
split_static,0.95,2023-04-18,24,24,6238.08
split_static,0.95,2023-04-19,24,24,6238.08
split_static,0.95,2023-04-20,23,24,6238.08
split_static,0.95,2023-04-21,24,24,6238.08
split_static,0.95,2023-04-22,24,24,6238.08
split_static,0.95,2023-04-23,23,24,6238.08
split_static,0.95,2023-04-24,24,24,6238.08
split_static,0.95,2023-04-25,24,24,6238.08
split_static,0.95,2023-04-26,24,24,6238.08
split_static,0.95,2023-04-27,24,24,6238.08
split_static,0.95,2023-04-28,24,24,6238.08
split_static,0.95,2023-04-29,24,24,6238.08
split_static,0.95,2023-04-30,24,24,6238.08
split_static,0.95,2023-05-01,24,24,6238.08
split_static,0.95,2023-05-02,24,24,6238.08
split_static,0.95,2023-05-03,24,24,6238.08
split_static,0.95,2023-05-04,24,24,6238.08
split_static,0.95,2023-05-05,24,24,6238.08
split_static,0.95,2023-05-06,24,24,6238.08
split_static,0.95,2023-05-07,24,24,6238.08
split_static,0.95,2023-05-08,20,24,6238.08
split_static,0.95,2023-05-09,24,24,6238.08
split_static,0.95,2023-05-10,24,24,6238.08
split_static,0.95,2023-05-11,24,24,6238.08
split_static,0.95,2023-05-12,24,24,6238.08
split_static,0.95,2023-05-13,24,24,6238.08
split_static,0.95,2023-05-14,24,24,6238.08
split_static,0.95,2023-05-15,20,24,6238.08
split_static,0.95,2023-05-16,24,24,6238.08
split_static,0.95,2023-05-17,24,24,6238.08
split_static,0.95,2023-05-18,24,24,6238.08
split_static,0.95,2023-05-19,24,24,6238.08
split_static,0.95,2023-05-20,24,24,6238.08
split_static,0.95,2023-05-21,24,24,6238.08
split_static,0.95,2023-05-22,24,24,6238.08
split_static,0.95,2023-05-23,24,24,6238.08
split_static,0.95,2023-05-24,24,24,6238.08
split_static,0.95,2023-05-25,24,24,6238.08
split_static,0.95,2023-05-26,24,24,6238.08
split_static,0.95,2023-05-27,24,24,6238.08
split_static,0.95,2023-05-28,24,24,6238.08
split_static,0.95,2023-05-29,24,24,6238.08
split_static,0.95,2023-05-30,24,24,6238.08
split_static,0.95,2023-05-31,24,24,6238.08
split_static,0.95,2023-06-01,24,24,6238.08
split_static,0.95,2023-06-02,24,24,6238.08
split_static,0.95,2023-06-03,24,24,6238.08
split_static,0.95,2023-06-04,24,24,6238.08
split_static,0.95,2023-06-05,24,24,6238.08
split_static,0.95,2023-06-06,24,24,6238.08
split_static,0.95,2023-06-07,24,24,6238.08
split_static,0.95,2023-06-08,24,24,6238.08
split_static,0.95,2023-06-09,24,24,6238.08
split_static,0.95,2023-06-10,24,24,6238.08
split_static,0.95,2023-06-11,24,24,6238.08
split_static,0.95,2023-06-12,24,24,6238.08
split_static,0.95,2023-06-13,24,24,6238.08
split_static,0.95,2023-06-14,24,24,6238.08
split_static,0.95,2023-06-15,24,24,6238.08
split_static,0.95,2023-06-16,24,24,6238.08
split_static,0.95,2023-06-17,24,24,6238.08
split_static,0.95,2023-06-18,24,24,6238.08
split_static,0.95,2023-06-19,24,24,6238.08
split_static,0.95,2023-06-20,24,24,6238.08
split_static,0.95,2023-06-21,24,24,6238.08
split_static,0.95,2023-06-22,24,24,6238.08
split_static,0.95,2023-06-23,24,24,6238.08
split_static,0.95,2023-06-24,24,24,6238.08
split_static,0.95,2023-06-25,24,24,6238.08
split_static,0.95,2023-06-26,24,24,6238.08
split_static,0.95,2023-06-27,24,24,6238.08
split_static,0.95,2023-06-28,24,24,6238.08
split_static,0.95,2023-06-29,24,24,6238.08
split_static,0.95,2023-06-30,24,24,6238.08
split_static,0.95,2023-07-01,24,24,6238.08
split_static,0.95,2023-07-02,24,24,6238.08
split_static,0.95,2023-07-03,24,24,6238.08
split_static,0.95,2023-07-04,24,24,6238.08
split_static,0.95,2023-07-05,24,24,6238.08
split_static,0.95,2023-07-06,24,24,6238.08
split_static,0.95,2023-07-07,24,24,6238.08
split_static,0.95,2023-07-08,24,24,6238.08
split_static,0.95,2023-07-09,24,24,6238.08
split_static,0.95,2023-07-10,24,24,6238.08
split_static,0.95,2023-07-11,24,24,6238.08
split_static,0.95,2023-07-12,24,24,6238.08
split_static,0.95,2023-07-13,24,24,6238.08
split_static,0.95,2023-07-14,24,24,6238.08
split_static,0.95,2023-07-15,24,24,6238.08
split_static,0.95,2023-07-16,24,24,6238.08
split_static,0.95,2023-07-17,24,24,6238.08
split_static,0.95,2023-07-18,24,24,6238.08
split_static,0.95,2023-07-19,24,24,6238.08
split_static,0.95,2023-07-20,24,24,6238.08
split_static,0.95,2023-07-21,24,24,6238.08
split_static,0.95,2023-07-22,24,24,6238.08
split_static,0.95,2023-07-23,24,24,6238.08
split_static,0.95,2023-07-24,24,24,6238.08
split_static,0.95,2023-07-25,24,24,6238.08
split_static,0.95,2023-07-26,24,24,6238.08
split_static,0.95,2023-07-27,24,24,6238.08
split_static,0.95,2023-07-28,24,24,6238.08
split_static,0.95,2023-07-29,24,24,6238.08
split_static,0.95,2023-07-30,24,24,6238.08
split_static,0.95,2023-07-31,24,24,6238.08
split_static,0.95,2023-08-01,24,24,6238.08
split_static,0.95,2023-08-02,24,24,6238.08
split_static,0.95,2023-08-03,24,24,6238.08
split_static,0.95,2023-08-04,24,24,6238.08
split_static,0.95,2023-08-05,24,24,6238.08
split_static,0.95,2023-08-06,24,24,6238.08
split_static,0.95,2023-08-07,24,24,6238.08
split_static,0.95,2023-08-08,24,24,6238.08
split_static,0.95,2023-08-09,24,24,6238.08
split_static,0.95,2023-08-10,24,24,6238.08
split_static,0.95,2023-08-11,24,24,6238.08
split_static,0.95,2023-08-12,24,24,6238.08
split_static,0.95,2023-08-13,24,24,6238.08
split_static,0.95,2023-08-14,24,24,6238.08
split_static,0.95,2023-08-15,24,24,6238.08
split_static,0.95,2023-08-16,24,24,6238.08
split_static,0.95,2023-08-17,24,24,6238.08
split_static,0.95,2023-08-18,24,24,6238.08
split_static,0.95,2023-08-19,24,24,6238.08
split_static,0.95,2023-08-20,24,24,6238.08
split_static,0.95,2023-08-21,19,24,6238.08
split_static,0.95,2023-08-22,14,24,6238.08
split_static,0.95,2023-08-23,15,24,6238.08
split_static,0.95,2023-08-24,24,24,6238.08
split_static,0.95,2023-08-25,24,24,6238.08
split_static,0.95,2023-08-26,24,24,6238.08
split_static,0.95,2023-08-27,24,24,6238.08
split_static,0.95,2023-08-28,24,24,6238.08
split_static,0.95,2023-08-29,24,24,6238.08
split_static,0.95,2023-08-30,24,24,6238.08
split_static,0.95,2023-08-31,24,24,6238.08
split_static,0.95,2023-09-01,24,24,6238.08
split_static,0.95,2023-09-02,24,24,6238.08
split_static,0.95,2023-09-03,24,24,6238.08
split_static,0.95,2023-09-04,24,24,6238.08
split_static,0.95,2023-09-05,24,24,6238.08
split_static,0.95,2023-09-06,24,24,6238.08
split_static,0.95,2023-09-07,24,24,6238.08
split_static,0.95,2023-09-08,24,24,6238.08
split_static,0.95,2023-09-09,24,24,6238.08
split_static,0.95,2023-09-10,24,24,6238.08
split_static,0.95,2023-09-11,24,24,6238.08
split_static,0.95,2023-09-12,24,24,6238.08
split_static,0.95,2023-09-13,24,24,6238.08
split_static,0.95,2023-09-14,24,24,6238.08
split_static,0.95,2023-09-15,24,24,6238.08
split_static,0.95,2023-09-16,24,24,6238.08
split_static,0.95,2023-09-17,24,24,6238.08
split_static,0.95,2023-09-18,24,24,6238.08
split_static,0.95,2023-09-19,24,24,6238.08
split_static,0.95,2023-09-20,24,24,6238.08
split_static,0.95,2023-09-21,24,24,6238.08
split_static,0.95,2023-09-22,24,24,6238.08
split_static,0.95,2023-09-23,24,24,6238.08
split_static,0.95,2023-09-24,24,24,6238.08
split_static,0.95,2023-09-25,24,24,6238.08
split_static,0.95,2023-09-26,24,24,6238.08
split_static,0.95,2023-09-27,24,24,6238.08
split_static,0.95,2023-09-28,24,24,6238.08
split_static,0.95,2023-09-29,24,24,6238.08
split_static,0.95,2023-09-30,24,24,6238.08
split_static,0.95,2023-10-01,24,24,6238.08
split_static,0.95,2023-10-02,24,24,6238.08
split_static,0.95,2023-10-03,24,24,6238.08
split_static,0.95,2023-10-04,24,24,6238.08
split_static,0.95,2023-10-05,24,24,6238.08
split_static,0.95,2023-10-06,24,24,6238.08
split_static,0.95,2023-10-07,24,24,6238.08
split_static,0.95,2023-10-08,24,24,6238.08
split_static,0.95,2023-10-09,24,24,6238.08
split_static,0.95,2023-10-10,24,24,6238.08
split_static,0.95,2023-10-11,24,24,6238.08
split_static,0.95,2023-10-12,24,24,6238.08
split_static,0.95,2023-10-13,24,24,6238.08
split_static,0.95,2023-10-14,24,24,6238.08
split_static,0.95,2023-10-15,24,24,6238.08
split_static,0.95,2023-10-16,24,24,6238.08
split_static,0.95,2023-10-17,24,24,6238.08
split_static,0.95,2023-10-18,24,24,6238.08
split_static,0.95,2023-10-19,24,24,6238.08
split_static,0.95,2023-10-20,24,24,6238.08
split_static,0.95,2023-10-21,24,24,6238.08
split_static,0.95,2023-10-22,24,24,6238.08
split_static,0.95,2023-10-23,24,24,6238.08
split_static,0.95,2023-10-24,22,24,6238.08
split_static,0.95,2023-10-25,24,24,6238.08
split_static,0.95,2023-10-26,24,24,6238.08
split_static,0.95,2023-10-27,24,24,6238.08
split_static,0.95,2023-10-28,24,24,6238.08
split_static,0.95,2023-10-29,24,24,6238.08
split_static,0.95,2023-10-30,24,24,6238.08
split_static,0.95,2023-10-31,22,24,6238.08
split_static,0.95,2023-11-01,24,24,6238.08
split_static,0.95,2023-11-02,24,24,6238.08
split_static,0.95,2023-11-03,24,24,6238.08
split_static,0.95,2023-11-04,24,24,6238.08
split_static,0.95,2023-11-05,24,24,6238.08
split_static,0.95,2023-11-06,24,24,6238.08
split_static,0.95,2023-11-07,24,24,6238.08
split_static,0.95,2023-11-08,16,24,6238.08
split_static,0.95,2023-11-09,24,24,6238.08
split_static,0.95,2023-11-10,24,24,6238.08
split_static,0.95,2023-11-11,20,24,6238.08
split_static,0.95,2023-11-12,24,24,6238.08
split_static,0.95,2023-11-13,24,24,6238.08
split_static,0.95,2023-11-14,24,24,6238.08
split_static,0.95,2023-11-15,24,24,6238.08
split_static,0.95,2023-11-16,24,24,6238.08
split_static,0.95,2023-11-17,23,24,6238.08
split_static,0.95,2023-11-18,24,24,6238.08
split_static,0.95,2023-11-19,22,24,6238.08
split_static,0.95,2023-11-20,24,24,6238.08
split_static,0.95,2023-11-21,24,24,6238.08
split_static,0.95,2023-11-22,24,24,6238.08
split_static,0.95,2023-11-23,24,24,6238.08
split_static,0.95,2023-11-24,24,24,6238.08
split_static,0.95,2023-11-25,24,24,6238.08
split_static,0.95,2023-11-26,24,24,6238.08
split_static,0.95,2023-11-27,24,24,6238.08
split_static,0.95,2023-11-28,24,24,6238.08
split_static,0.95,2023-11-29,24,24,6238.08
split_static,0.95,2023-11-30,20,24,6238.08
split_static,0.95,2023-12-01,21,24,6238.08
split_static,0.95,2023-12-02,20,24,6238.08
split_static,0.95,2023-12-03,24,24,6238.08
split_static,0.95,2023-12-04,24,24,6238.08
split_static,0.95,2023-12-05,24,24,6238.08
split_static,0.95,2023-12-06,24,24,6238.08
split_static,0.95,2023-12-07,15,24,6238.08
split_static,0.95,2023-12-08,23,24,6238.08
split_static,0.95,2023-12-09,24,24,6238.08
split_static,0.95,2023-12-10,24,24,6238.08
split_static,0.95,2023-12-11,24,24,6238.08
split_static,0.95,2023-12-12,24,24,6238.08
split_static,0.95,2023-12-13,23,24,6238.08
split_static,0.95,2023-12-14,24,24,6238.08
split_static,0.95,2023-12-15,24,24,6238.08
split_static,0.95,2023-12-16,20,24,6238.08
split_static,0.95,2023-12-17,12,24,6238.08
split_static,0.95,2023-12-18,6,24,6238.08
split_static,0.95,2023-12-19,22,24,6238.08
split_static,0.95,2023-12-20,24,24,6238.08
split_static,0.95,2023-12-21,24,24,6238.08
split_static,0.95,2023-12-22,21,24,6238.08
split_static,0.95,2023-12-23,24,24,6238.08
split_static,0.95,2023-12-24,21,24,6238.08
split_static,0.95,2023-12-25,24,24,6238.08
split_static,0.95,2023-12-26,21,24,6238.08
split_static,0.95,2023-12-27,24,24,6238.08
split_static,0.95,2023-12-28,24,24,6238.08
split_static,0.95,2023-12-29,24,24,6238.08
split_static,0.95,2023-12-30,24,24,6238.08
split_static,0.95,2023-12-31,24,24,6238.08
split_static,0.95,2024-01-01,22,24,6238.08
split_static,0.95,2024-01-02,19,24,6238.08
split_static,0.95,2024-01-03,24,24,6238.08
split_static,0.95,2024-01-04,24,24,6238.08
split_static,0.95,2024-01-05,24,24,6238.08
split_static,0.95,2024-01-06,22,24,6238.08
split_static,0.95,2024-01-07,23,24,6238.08
split_static,0.95,2024-01-08,7,24,6238.08
split_static,0.95,2024-01-09,0,24,6238.08
split_static,0.95,2024-01-10,24,24,6238.08
split_static,0.95,2024-01-11,23,24,6238.08
split_static,0.95,2024-01-12,18,24,6238.08
split_static,0.95,2024-01-13,22,24,6238.08
split_static,0.95,2024-01-14,24,24,6238.08
split_static,0.95,2024-01-15,9,24,6238.08
split_static,0.95,2024-01-16,11,24,6238.08
split_static,0.95,2024-01-17,6,24,6238.08
split_static,0.95,2024-01-18,13,24,6238.08
split_static,0.95,2024-01-19,22,24,6238.08
split_static,0.95,2024-01-20,16,24,6238.08
split_static,0.95,2024-01-21,22,24,6238.08
split_static,0.95,2024-01-22,24,24,6238.08
split_static,0.95,2024-01-23,23,24,6238.08
split_static,0.95,2024-01-24,21,24,6238.08
split_static,0.95,2024-01-25,24,24,6238.08
split_static,0.95,2024-01-26,22,24,6238.08
split_static,0.95,2024-01-27,24,24,6238.08
split_static,0.95,2024-01-28,24,24,6238.08
split_static,0.95,2024-01-29,20,24,6238.08
split_static,0.95,2024-01-30,19,24,6238.08
split_static,0.95,2024-01-31,24,24,6238.08
split_static,0.95,2024-02-01,24,24,6238.08
split_static,0.95,2024-02-02,24,24,6238.08
split_static,0.95,2024-02-03,23,24,6238.08
split_static,0.95,2024-02-04,17,24,6238.08
split_static,0.95,2024-02-05,12,24,6238.08
split_static,0.95,2024-02-06,20,24,6238.08
split_static,0.95,2024-02-07,24,24,6238.08
split_static,0.95,2024-02-08,24,24,6238.08
split_static,0.95,2024-02-09,24,24,6238.08
split_static,0.95,2024-02-10,24,24,6238.08
split_static,0.95,2024-02-11,24,24,6238.08
split_static,0.95,2024-02-12,23,24,6238.08
split_static,0.95,2024-02-13,24,24,6238.08
split_static,0.95,2024-02-14,17,24,6238.08
split_static,0.95,2024-02-15,24,24,6238.08
split_static,0.95,2024-02-16,24,24,6238.08
split_static,0.95,2024-02-17,24,24,6238.08
split_static,0.95,2024-02-18,24,24,6238.08
split_static,0.95,2024-02-19,24,24,6238.08
split_static,0.95,2024-02-20,24,24,6238.08
split_static,0.95,2024-02-21,21,24,6238.08
split_static,0.95,2024-02-22,19,24,6238.08
split_static,0.95,2024-02-23,24,24,6238.08
split_static,0.95,2024-02-24,24,24,6238.08
split_static,0.95,2024-02-25,24,24,6238.08
split_static,0.95,2024-02-26,24,24,6238.08
split_static,0.95,2024-02-27,24,24,6238.08
split_static,0.95,2024-02-28,24,24,6238.08
split_static,0.95,2024-02-29,17,24,6238.08
split_static,0.95,2024-03-01,24,24,6238.08
split_static,0.95,2024-03-02,24,24,6238.08
split_static,0.95,2024-03-03,23,24,6238.08
split_static,0.95,2024-03-04,22,24,6238.08
split_static,0.95,2024-03-05,18,24,6238.08
split_static,0.95,2024-03-06,24,24,6238.08
split_static,0.95,2024-03-07,23,24,6238.08
split_static,0.95,2024-03-08,23,24,6238.08
split_static,0.95,2024-03-09,22,24,6238.08
split_static,0.95,2024-03-10,24,24,6238.08
split_static,0.95,2024-03-11,24,24,6238.08
split_static,0.95,2024-03-12,24,24,6238.08
split_static,0.95,2024-03-13,24,24,6238.08
split_static,0.95,2024-03-14,24,24,6238.08
split_static,0.95,2024-03-15,24,24,6238.08
split_static,0.95,2024-03-16,24,24,6238.08
split_static,0.95,2024-03-17,24,24,6238.08
split_static,0.95,2024-03-18,23,24,6238.08
split_static,0.95,2024-03-19,18,24,6238.08
split_static,0.95,2024-03-20,23,24,6238.08
split_static,0.95,2024-03-21,24,24,6238.08
split_static,0.95,2024-03-22,24,24,6238.08
split_static,0.95,2024-03-23,24,24,6238.08
split_static,0.95,2024-03-24,24,24,6238.08
split_static,0.95,2024-03-25,24,24,6238.08
split_static,0.95,2024-03-26,16,24,6238.08
split_static,0.95,2024-03-27,11,24,6238.08
split_static,0.95,2024-03-28,17,24,6238.08
split_static,0.95,2024-03-29,24,24,6238.08
split_static,0.95,2024-03-30,24,24,6238.08
split_static,0.95,2024-03-31,22,23,6238.08
split_static,0.95,2024-04-01,24,24,6238.08
split_static,0.95,2024-04-02,24,24,6238.08
split_static,0.95,2024-04-03,24,24,6238.08
split_static,0.95,2024-04-04,24,24,6238.08
split_static,0.95,2024-04-05,24,24,6238.08
split_static,0.95,2024-04-06,24,24,6238.08
split_static,0.95,2024-04-07,24,24,6238.08
split_static,0.95,2024-04-08,24,24,6238.08
split_static,0.95,2024-04-09,11,24,6238.08
split_static,0.95,2024-04-10,24,24,6238.08
split_static,0.95,2024-04-11,24,24,6238.08
split_static,0.95,2024-04-12,24,24,6238.08
split_static,0.95,2024-04-13,24,24,6238.08
split_static,0.95,2024-04-14,24,24,6238.08
split_static,0.95,2024-04-15,24,24,6238.08
split_static,0.95,2024-04-16,24,24,6238.08
split_static,0.95,2024-04-17,20,24,6238.08
split_static,0.95,2024-04-18,24,24,6238.08
split_static,0.95,2024-04-19,24,24,6238.08
split_static,0.95,2024-04-20,24,24,6238.08
split_static,0.95,2024-04-21,24,24,6238.08
split_static,0.95,2024-04-22,24,24,6238.08
split_static,0.95,2024-04-23,24,24,6238.08
split_static,0.95,2024-04-24,24,24,6238.08
split_static,0.95,2024-04-25,24,24,6238.08
split_static,0.95,2024-04-26,24,24,6238.08
split_static,0.95,2024-04-27,19,24,6238.08
split_static,0.95,2024-04-28,14,24,6238.08
split_static,0.95,2024-04-29,24,24,6238.08
split_static,0.95,2024-04-30,24,24,6238.08
split_static,0.95,2024-05-01,24,24,6238.08
split_static,0.95,2024-05-02,24,24,6238.08
split_static,0.95,2024-05-03,23,24,6238.08
split_static,0.95,2024-05-04,24,24,6238.08
split_static,0.95,2024-05-05,24,24,6238.08
split_static,0.95,2024-05-06,23,24,6238.08
split_static,0.95,2024-05-07,24,24,6238.08
split_static,0.95,2024-05-08,24,24,6238.08
split_static,0.95,2024-05-09,24,24,6238.08
split_static,0.95,2024-05-10,22,24,6238.08
split_static,0.95,2024-05-11,24,24,6238.08
split_static,0.95,2024-05-12,24,24,6238.08
split_static,0.95,2024-05-13,24,24,6238.08
split_static,0.95,2024-05-14,24,24,6238.08
split_static,0.95,2024-05-15,17,24,6238.08
split_static,0.95,2024-05-16,24,24,6238.08
split_static,0.95,2024-05-17,24,24,6238.08
split_static,0.95,2024-05-18,24,24,6238.08
split_static,0.95,2024-05-19,24,24,6238.08
split_static,0.95,2024-05-20,24,24,6238.08
split_static,0.95,2024-05-21,24,24,6238.08
split_static,0.95,2024-05-22,24,24,6238.08
split_static,0.95,2024-05-23,24,24,6238.08
split_static,0.95,2024-05-24,24,24,6238.08
split_static,0.95,2024-05-25,24,24,6238.08
split_static,0.95,2024-05-26,24,24,6238.08
split_static,0.95,2024-05-27,24,24,6238.08
split_static,0.95,2024-05-28,24,24,6238.08
split_static,0.95,2024-05-29,24,24,6238.08
split_static,0.95,2024-05-30,24,24,6238.08
split_static,0.95,2024-05-31,24,24,6238.08
split_static,0.95,2024-06-01,24,24,6238.08
split_static,0.95,2024-06-02,24,24,6238.08
split_static,0.95,2024-06-03,24,24,6238.08
split_static,0.95,2024-06-04,24,24,6238.08
split_static,0.95,2024-06-05,24,24,6238.08
split_static,0.95,2024-06-06,24,24,6238.08
split_static,0.95,2024-06-07,24,24,6238.08
split_static,0.95,2024-06-08,24,24,6238.08
split_static,0.95,2024-06-09,24,24,6238.08
split_static,0.95,2024-06-10,24,24,6238.08
split_static,0.95,2024-06-11,24,24,6238.08
split_static,0.95,2024-06-12,24,24,6238.08
split_static,0.95,2024-06-13,24,24,6238.08
split_static,0.95,2024-06-14,24,24,6238.08
split_static,0.95,2024-06-15,24,24,6238.08
split_static,0.95,2024-06-16,24,24,6238.08
split_static,0.95,2024-06-17,24,24,6238.08
split_static,0.95,2024-06-18,24,24,6238.08
split_static,0.95,2024-06-19,24,24,6238.08
split_static,0.95,2024-06-20,24,24,6238.08
split_static,0.95,2024-06-21,24,24,6238.08
split_static,0.95,2024-06-22,24,24,6238.08
split_static,0.95,2024-06-23,24,24,6238.08
split_static,0.95,2024-06-24,24,24,6238.08
split_static,0.95,2024-06-25,24,24,6238.08
split_static,0.95,2024-06-26,24,24,6238.08
split_static,0.95,2024-06-27,24,24,6238.08
split_static,0.95,2024-06-28,24,24,6238.08
split_static,0.95,2024-06-29,24,24,6238.08
split_static,0.95,2024-06-30,24,24,6238.08
split_static,0.95,2024-07-01,24,24,6238.08
split_static,0.95,2024-07-02,24,24,6238.08
split_static,0.95,2024-07-03,24,24,6238.08
split_static,0.95,2024-07-04,24,24,6238.08
split_static,0.95,2024-07-05,24,24,6238.08
split_static,0.95,2024-07-06,24,24,6238.08
split_static,0.95,2024-07-07,24,24,6238.08
split_static,0.95,2024-07-08,24,24,6238.08
split_static,0.95,2024-07-09,24,24,6238.08
split_static,0.95,2024-07-10,24,24,6238.08
split_static,0.95,2024-07-11,24,24,6238.08
split_static,0.95,2024-07-12,24,24,6238.08
split_static,0.95,2024-07-13,24,24,6238.08
split_static,0.95,2024-07-14,24,24,6238.08
split_static,0.95,2024-07-15,24,24,6238.08
split_static,0.95,2024-07-16,24,24,6238.08
split_static,0.95,2024-07-17,24,24,6238.08
split_static,0.95,2024-07-18,24,24,6238.08
split_static,0.95,2024-07-19,24,24,6238.08
split_static,0.95,2024-07-20,24,24,6238.08
split_static,0.95,2024-07-21,24,24,6238.08
split_static,0.95,2024-07-22,24,24,6238.08
split_static,0.95,2024-07-23,24,24,6238.08
split_static,0.95,2024-07-24,24,24,6238.08
split_static,0.95,2024-07-25,24,24,6238.08
split_static,0.95,2024-07-26,24,24,6238.08
split_static,0.95,2024-07-27,24,24,6238.08
split_static,0.95,2024-07-28,24,24,6238.08
split_static,0.95,2024-07-29,24,24,6238.08
split_static,0.95,2024-07-30,24,24,6238.08
split_static,0.95,2024-07-31,24,24,6238.08
split_static,0.95,2024-08-01,24,24,6238.08
split_static,0.95,2024-08-02,24,24,6238.08
split_static,0.95,2024-08-03,24,24,6238.08
split_static,0.95,2024-08-04,24,24,6238.08
split_static,0.95,2024-08-05,24,24,6238.08
split_static,0.95,2024-08-06,24,24,6238.08
split_static,0.95,2024-08-07,24,24,6238.08
split_static,0.95,2024-08-08,24,24,6238.08
split_static,0.95,2024-08-09,24,24,6238.08
split_static,0.95,2024-08-10,24,24,6238.08
split_static,0.95,2024-08-11,24,24,6238.08
split_static,0.95,2024-08-12,24,24,6238.08
split_static,0.95,2024-08-13,24,24,6238.08
split_static,0.95,2024-08-14,24,24,6238.08
split_static,0.95,2024-08-15,24,24,6238.08
split_static,0.95,2024-08-16,24,24,6238.08
split_static,0.95,2024-08-17,24,24,6238.08
split_static,0.95,2024-08-18,24,24,6238.08
split_static,0.95,2024-08-19,24,24,6238.08
split_static,0.95,2024-08-20,24,24,6238.08
split_static,0.95,2024-08-21,24,24,6238.08
split_static,0.95,2024-08-22,24,24,6238.08
split_static,0.95,2024-08-23,24,24,6238.08
split_static,0.95,2024-08-24,24,24,6238.08
split_static,0.95,2024-08-25,24,24,6238.08
split_static,0.95,2024-08-26,24,24,6238.08
split_static,0.95,2024-08-27,24,24,6238.08
split_static,0.95,2024-08-28,24,24,6238.08
split_static,0.95,2024-08-29,24,24,6238.08
split_static,0.95,2024-08-30,24,24,6238.08
split_static,0.95,2024-08-31,24,24,6238.08
split_static,0.95,2024-09-01,24,24,6238.08
split_static,0.95,2024-09-02,24,24,6238.08
split_static,0.95,2024-09-03,24,24,6238.08
split_static,0.95,2024-09-04,24,24,6238.08
split_static,0.95,2024-09-05,24,24,6238.08
split_static,0.95,2024-09-06,24,24,6238.08
split_static,0.95,2024-09-07,24,24,6238.08
split_static,0.95,2024-09-08,24,24,6238.08
split_static,0.95,2024-09-09,24,24,6238.08
split_static,0.95,2024-09-10,24,24,6238.08
split_static,0.95,2024-09-11,24,24,6238.08
split_static,0.95,2024-09-12,24,24,6238.08
split_static,0.95,2024-09-13,24,24,6238.08
split_static,0.95,2024-09-14,24,24,6238.08
split_static,0.95,2024-09-15,24,24,6238.08
split_static,0.95,2024-09-16,24,24,6238.08
split_static,0.95,2024-09-17,24,24,6238.08
split_static,0.95,2024-09-18,24,24,6238.08
split_static,0.95,2024-09-19,24,24,6238.08
split_static,0.95,2024-09-20,24,24,6238.08
split_static,0.95,2024-09-21,24,24,6238.08
split_static,0.95,2024-09-22,24,24,6238.08
split_static,0.95,2024-09-23,24,24,6238.08
split_static,0.95,2024-09-24,24,24,6238.08
split_static,0.95,2024-09-25,24,24,6238.08
split_static,0.95,2024-09-26,24,24,6238.08
split_static,0.95,2024-09-27,24,24,6238.08
split_static,0.95,2024-09-28,24,24,6238.08
split_static,0.95,2024-09-29,24,24,6238.08
split_static,0.95,2024-09-30,24,24,6238.08
split_static,0.95,2024-10-01,24,24,6238.08
split_static,0.95,2024-10-02,24,24,6238.08
split_static,0.95,2024-10-03,24,24,6238.08
split_static,0.95,2024-10-04,24,24,6238.08
split_static,0.95,2024-10-05,24,24,6238.08
split_static,0.95,2024-10-06,24,24,6238.08
split_static,0.95,2024-10-07,24,24,6238.08
split_static,0.95,2024-10-08,24,24,6238.08
split_static,0.95,2024-10-09,24,24,6238.08
split_static,0.95,2024-10-10,24,24,6238.08
split_static,0.95,2024-10-11,24,24,6238.08
split_static,0.95,2024-10-12,24,24,6238.08
split_static,0.95,2024-10-13,24,24,6238.08
split_static,0.95,2024-10-14,24,24,6238.08
split_static,0.95,2024-10-15,24,24,6238.08
split_static,0.95,2024-10-16,24,24,6238.08
split_static,0.95,2024-10-17,24,24,6238.08
split_static,0.95,2024-10-18,24,24,6238.08
split_static,0.95,2024-10-19,24,24,6238.08
split_static,0.95,2024-10-20,24,24,6238.08
split_static,0.95,2024-10-21,24,24,6238.08
split_static,0.95,2024-10-22,24,24,6238.08
split_static,0.95,2024-10-23,24,24,6238.08
split_static,0.95,2024-10-24,24,24,6238.08
split_static,0.95,2024-10-25,24,24,6238.08
split_static,0.95,2024-10-26,24,24,6238.08
split_static,0.95,2024-10-27,24,24,6238.08
split_static,0.95,2024-10-28,24,24,6238.08
split_static,0.95,2024-10-29,24,24,6238.08
split_static,0.95,2024-10-30,24,24,6238.08
split_static,0.95,2024-10-31,24,24,6238.08
split_static,0.95,2024-11-01,24,24,6238.08
split_static,0.95,2024-11-02,24,24,6238.08
split_static,0.95,2024-11-03,24,24,6238.08
split_static,0.95,2024-11-04,24,24,6238.08
split_static,0.95,2024-11-05,24,24,6238.08
split_static,0.95,2024-11-06,24,24,6238.08
split_static,0.95,2024-11-07,24,24,6238.08
split_static,0.95,2024-11-08,20,24,6238.08
split_static,0.95,2024-11-09,24,24,6238.08
split_static,0.95,2024-11-10,23,24,6238.08
split_static,0.95,2024-11-11,22,24,6238.08
split_static,0.95,2024-11-12,24,24,6238.08
split_static,0.95,2024-11-13,24,24,6238.08
split_static,0.95,2024-11-14,24,24,6238.08
split_static,0.95,2024-11-15,24,24,6238.08
split_static,0.95,2024-11-16,24,24,6238.08
split_static,0.95,2024-11-17,24,24,6238.08
split_static,0.95,2024-11-18,24,24,6238.08
split_static,0.95,2024-11-19,24,24,6238.08
split_static,0.95,2024-11-20,20,24,6238.08
split_static,0.95,2024-11-21,19,24,6238.08
split_static,0.95,2024-11-22,24,24,6238.08
split_static,0.95,2024-11-23,21,24,6238.08
split_static,0.95,2024-11-24,5,24,6238.08
split_static,0.95,2024-11-25,11,24,6238.08
split_static,0.95,2024-11-26,23,24,6238.08
split_static,0.95,2024-11-27,24,24,6238.08
split_static,0.95,2024-11-28,14,24,6238.08
split_static,0.95,2024-11-29,24,24,6238.08
split_static,0.95,2024-11-30,24,24,6238.08
split_static,0.95,2024-12-01,23,24,6238.08
split_static,0.95,2024-12-02,24,24,6238.08
split_static,0.95,2024-12-03,24,24,6238.08
split_static,0.95,2024-12-04,24,24,6238.08
split_static,0.95,2024-12-05,19,24,6238.08
split_static,0.95,2024-12-06,23,24,6238.08
split_static,0.95,2024-12-07,22,24,6238.08
split_static,0.95,2024-12-08,13,24,6238.08
split_static,0.95,2024-12-09,24,24,6238.08
split_static,0.95,2024-12-10,24,24,6238.08
split_static,0.95,2024-12-11,24,24,6238.08
split_static,0.95,2024-12-12,24,24,6238.08
split_static,0.95,2024-12-13,23,24,6238.08
split_static,0.95,2024-12-14,24,24,6238.08
split_static,0.95,2024-12-15,19,24,6238.08
split_static,0.95,2024-12-16,21,24,6238.08
split_static,0.95,2024-12-17,19,24,6238.08
split_static,0.95,2024-12-18,22,24,6238.08
split_static,0.95,2024-12-19,21,24,6238.08
split_static,0.95,2024-12-20,21,24,6238.08
split_static,0.95,2024-12-21,24,24,6238.08
split_static,0.95,2024-12-22,24,24,6238.08
split_static,0.95,2024-12-23,19,24,6238.08
split_static,0.95,2024-12-24,13,24,6238.08
split_static,0.95,2024-12-25,14,24,6238.08
split_static,0.95,2024-12-26,20,24,6238.08
split_static,0.95,2024-12-27,24,24,6238.08
split_static,0.95,2024-12-28,14,24,6238.08
split_static,0.95,2024-12-29,24,24,6238.08
split_static,0.95,2024-12-30,24,24,6238.08
split_static,0.95,2024-12-31,22,24,6238.08
split_static,0.95,2025-01-01,23,24,6238.08
split_static,0.95,2025-01-02,23,24,6238.08
split_static,0.95,2025-01-03,19,24,6238.08
split_static,0.95,2025-01-04,23,24,6238.08
split_static,0.95,2025-01-05,24,24,6238.08
split_static,0.95,2025-01-06,24,24,6238.08
split_static,0.95,2025-01-07,21,24,6238.08
split_static,0.95,2025-01-08,20,24,6238.08
split_static,0.95,2025-01-09,24,24,6238.08
split_static,0.95,2025-01-10,21,24,6238.08
split_static,0.95,2025-01-11,21,24,6238.08
split_static,0.95,2025-01-12,7,24,6238.08
split_static,0.95,2025-01-13,13,24,6238.08
split_static,0.95,2025-01-14,11,24,6238.08
split_static,0.95,2025-01-15,15,24,6238.08
split_static,0.95,2025-01-16,24,24,6238.08
split_static,0.95,2025-01-17,24,24,6238.08
split_static,0.95,2025-01-18,13,24,6238.08
split_static,0.95,2025-01-19,23,24,6238.08
split_static,0.95,2025-01-20,16,24,6238.08
split_static,0.95,2025-01-21,21,24,6238.08
split_static,0.95,2025-01-22,14,24,6238.08
split_static,0.95,2025-01-23,24,24,6238.08
split_static,0.95,2025-01-24,24,24,6238.08
split_static,0.95,2025-01-25,16,24,6238.08
split_static,0.95,2025-01-26,23,24,6238.08
split_static,0.95,2025-01-27,24,24,6238.08
split_static,0.95,2025-01-28,24,24,6238.08
split_static,0.95,2025-01-29,24,24,6238.08
split_static,0.95,2025-01-30,24,24,6238.08
split_static,0.95,2025-01-31,24,24,6238.08
split_static,0.95,2025-02-01,24,24,6238.08
split_static,0.95,2025-02-02,24,24,6238.08
split_static,0.95,2025-02-03,24,24,6238.08
split_static,0.95,2025-02-04,24,24,6238.08
split_static,0.95,2025-02-05,24,24,6238.08
split_static,0.95,2025-02-06,24,24,6238.08
split_static,0.95,2025-02-07,24,24,6238.08
split_static,0.95,2025-02-08,24,24,6238.08
split_static,0.95,2025-02-09,24,24,6238.08
split_static,0.95,2025-02-10,23,24,6238.08
split_static,0.95,2025-02-11,24,24,6238.08
split_static,0.95,2025-02-12,23,24,6238.08
split_static,0.95,2025-02-13,24,24,6238.08
split_static,0.95,2025-02-14,21,24,6238.08
split_static,0.95,2025-02-15,22,24,6238.08
split_static,0.95,2025-02-16,24,24,6238.08
split_static,0.95,2025-02-17,14,24,6238.08
split_static,0.95,2025-02-18,18,24,6238.08
split_static,0.95,2025-02-19,24,24,6238.08
split_static,0.95,2025-02-20,24,24,6238.08
split_static,0.95,2025-02-21,24,24,6238.08
split_static,0.95,2025-02-22,24,24,6238.08
split_static,0.95,2025-02-23,23,24,6238.08
split_static,0.95,2025-02-24,24,24,6238.08
split_static,0.95,2025-02-25,24,24,6238.08
split_static,0.95,2025-02-26,22,24,6238.08
split_static,0.95,2025-02-27,24,24,6238.08
split_static,0.95,2025-02-28,24,24,6238.08
split_static,0.95,2025-03-01,24,24,6238.08
split_static,0.95,2025-03-02,24,24,6238.08
split_static,0.95,2025-03-03,22,24,6238.08
split_static,0.95,2025-03-04,19,24,6238.08
split_static,0.95,2025-03-05,22,24,6238.08
split_static,0.95,2025-03-06,24,24,6238.08
split_static,0.95,2025-03-07,24,24,6238.08
split_static,0.95,2025-03-08,24,24,6238.08
split_static,0.95,2025-03-09,17,24,6238.08
split_static,0.95,2025-03-10,23,24,6238.08
split_static,0.95,2025-03-11,21,24,6238.08
split_static,0.95,2025-03-12,21,24,6238.08
split_static,0.95,2025-03-13,15,24,6238.08
split_static,0.95,2025-03-14,23,24,6238.08
split_static,0.95,2025-03-15,23,24,6238.08
split_static,0.95,2025-03-16,24,24,6238.08
split_static,0.95,2025-03-17,24,24,6238.08
split_static,0.95,2025-03-18,24,24,6238.08
split_static,0.95,2025-03-19,20,24,6238.08
split_static,0.95,2025-03-20,24,24,6238.08
split_static,0.95,2025-03-21,24,24,6238.08
split_static,0.95,2025-03-22,24,24,6238.08
split_static,0.95,2025-03-23,22,24,6238.08
split_static,0.95,2025-03-24,21,24,6238.08
split_static,0.95,2025-03-25,21,24,6238.08
split_static,0.95,2025-03-26,24,24,6238.08
split_static,0.95,2025-03-27,24,24,6238.08
split_static,0.95,2025-03-28,24,24,6238.08
split_static,0.95,2025-03-29,23,24,6238.08
split_static,0.95,2025-03-30,20,23,6238.08
split_static,0.95,2025-03-31,20,24,6238.08
split_static,0.95,2025-04-01,20,24,6238.08
split_static,0.95,2025-04-02,24,24,6238.08
split_static,0.95,2025-04-03,24,24,6238.08
split_static,0.95,2025-04-04,24,24,6238.08
split_static,0.95,2025-04-05,24,24,6238.08
split_static,0.95,2025-04-06,24,24,6238.08
split_static,0.95,2025-04-07,24,24,6238.08
split_static,0.95,2025-04-08,24,24,6238.08
split_static,0.95,2025-04-09,24,24,6238.08
split_static,0.95,2025-04-10,24,24,6238.08
split_static,0.95,2025-04-11,24,24,6238.08
split_static,0.95,2025-04-12,24,24,6238.08
split_static,0.95,2025-04-13,24,24,6238.08
split_static,0.95,2025-04-14,15,24,6238.08
split_static,0.95,2025-04-15,15,24,6238.08
split_static,0.95,2025-04-16,23,24,6238.08
split_static,0.95,2025-04-17,20,24,6238.08
split_static,0.95,2025-04-18,24,24,6238.08
split_static,0.95,2025-04-19,24,24,6238.08
split_static,0.95,2025-04-20,24,24,6238.08
split_static,0.95,2025-04-21,24,24,6238.08
split_static,0.95,2025-04-22,24,24,6238.08
split_static,0.95,2025-04-23,24,24,6238.08
split_static,0.95,2025-04-24,24,24,6238.08
split_static,0.95,2025-04-25,24,24,6238.08
split_static,0.95,2025-04-26,24,24,6238.08
split_static,0.95,2025-04-27,24,24,6238.08
split_static,0.95,2025-04-28,24,24,6238.08
split_static,0.95,2025-04-29,24,24,6238.08
split_static,0.95,2025-04-30,24,24,6238.08
split_static,0.95,2025-05-01,22,24,6238.08
split_static,0.95,2025-05-02,21,24,6238.08
split_static,0.95,2025-05-03,24,24,6238.08
split_static,0.95,2025-05-04,24,24,6238.08
split_static,0.95,2025-05-05,24,24,6238.08
split_static,0.95,2025-05-06,24,24,6238.08
split_static,0.95,2025-05-07,24,24,6238.08
split_static,0.95,2025-05-08,23,24,6238.08
split_static,0.95,2025-05-09,24,24,6238.08
split_static,0.95,2025-05-10,24,24,6238.08
split_static,0.95,2025-05-11,24,24,6238.08
split_static,0.95,2025-05-12,24,24,6238.08
split_static,0.95,2025-05-13,24,24,6238.08
split_static,0.95,2025-05-14,24,24,6238.08
split_static,0.95,2025-05-15,23,24,6238.08
split_static,0.95,2025-05-16,24,24,6238.08
split_static,0.95,2025-05-17,24,24,6238.08
split_static,0.95,2025-05-18,24,24,6238.08
split_static,0.95,2025-05-19,24,24,6238.08
split_static,0.95,2025-05-20,24,24,6238.08
split_static,0.95,2025-05-21,24,24,6238.08
split_static,0.95,2025-05-22,24,24,6238.08
split_static,0.95,2025-05-23,24,24,6238.08
split_static,0.95,2025-05-24,24,24,6238.08
split_static,0.95,2025-05-25,24,24,6238.08
split_static,0.95,2025-05-26,24,24,6238.08
split_static,0.95,2025-05-27,24,24,6238.08
split_static,0.95,2025-05-28,24,24,6238.08
split_static,0.95,2025-05-29,24,24,6238.08
split_static,0.95,2025-05-30,24,24,6238.08
split_static,0.95,2025-05-31,24,24,6238.08
split_static,0.95,2025-06-01,24,24,6238.08
split_static,0.95,2025-06-02,24,24,6238.08
split_static,0.95,2025-06-03,24,24,6238.08
split_static,0.95,2025-06-04,24,24,6238.08
split_static,0.95,2025-06-05,24,24,6238.08
split_static,0.95,2025-06-06,24,24,6238.08
split_static,0.95,2025-06-07,24,24,6238.08
split_static,0.95,2025-06-08,24,24,6238.08
split_static,0.95,2025-06-09,24,24,6238.08
split_static,0.95,2025-06-10,24,24,6238.08
split_static,0.95,2025-06-11,24,24,6238.08
split_static,0.95,2025-06-12,24,24,6238.08
split_static,0.95,2025-06-13,24,24,6238.08
split_static,0.95,2025-06-14,24,24,6238.08
split_static,0.95,2025-06-15,24,24,6238.08
split_static,0.95,2025-06-16,24,24,6238.08
split_static,0.95,2025-06-17,24,24,6238.08
split_static,0.95,2025-06-18,24,24,6238.08
split_static,0.95,2025-06-19,24,24,6238.08
split_static,0.95,2025-06-20,24,24,6238.08
split_static,0.95,2025-06-21,24,24,6238.08
split_static,0.95,2025-06-22,24,24,6238.08
split_static,0.95,2025-06-23,24,24,6238.08
split_static,0.95,2025-06-24,24,24,6238.08
split_static,0.95,2025-06-25,24,24,6238.08
split_static,0.95,2025-06-26,24,24,6238.08
split_static,0.95,2025-06-27,24,24,6238.08
split_static,0.95,2025-06-28,24,24,6238.08
split_static,0.95,2025-06-29,24,24,6238.08
split_static,0.95,2025-06-30,17,24,6238.08
split_static,0.95,2025-07-01,24,24,6238.08
split_static,0.95,2025-07-02,24,24,6238.08
split_static,0.95,2025-07-03,24,24,6238.08
split_static,0.95,2025-07-04,24,24,6238.08
split_static,0.95,2025-07-05,24,24,6238.08
split_static,0.95,2025-07-06,24,24,6238.08
split_static,0.95,2025-07-07,17,24,6238.08
split_static,0.95,2025-07-08,24,24,6238.08
split_static,0.95,2025-07-09,24,24,6238.08
split_static,0.95,2025-07-10,24,24,6238.08
split_static,0.95,2025-07-11,24,24,6238.08
split_static,0.95,2025-07-12,24,24,6238.08
split_static,0.95,2025-07-13,24,24,6238.08
split_static,0.95,2025-07-14,24,24,6238.08
split_static,0.95,2025-07-15,24,24,6238.08
split_static,0.95,2025-07-16,24,24,6238.08
split_static,0.95,2025-07-17,24,24,6238.08
split_static,0.95,2025-07-18,24,24,6238.08
split_static,0.95,2025-07-19,24,24,6238.08
split_static,0.95,2025-07-20,24,24,6238.08
split_static,0.95,2025-07-21,24,24,6238.08
split_static,0.95,2025-07-22,24,24,6238.08
split_static,0.95,2025-07-23,24,24,6238.08
split_static,0.95,2025-07-24,24,24,6238.08
split_static,0.95,2025-07-25,24,24,6238.08
split_static,0.95,2025-07-26,24,24,6238.08
split_static,0.95,2025-07-27,24,24,6238.08
split_static,0.95,2025-07-28,24,24,6238.08
split_static,0.95,2025-07-29,24,24,6238.08
split_static,0.95,2025-07-30,24,24,6238.08
split_static,0.95,2025-07-31,24,24,6238.08
split_static,0.95,2025-08-01,24,24,6238.08
split_static,0.95,2025-08-02,24,24,6238.08
split_static,0.95,2025-08-03,24,24,6238.08
split_static,0.95,2025-08-04,24,24,6238.08
split_static,0.95,2025-08-05,24,24,6238.08
split_static,0.95,2025-08-06,24,24,6238.08
split_static,0.95,2025-08-07,24,24,6238.08
split_static,0.95,2025-08-08,24,24,6238.08
split_static,0.95,2025-08-09,24,24,6238.08
split_static,0.95,2025-08-10,24,24,6238.08
split_static,0.95,2025-08-11,24,24,6238.08
split_static,0.95,2025-08-12,24,24,6238.08
split_static,0.95,2025-08-13,24,24,6238.08
split_static,0.95,2025-08-14,24,24,6238.08
split_static,0.95,2025-08-15,24,24,6238.08
split_static,0.95,2025-08-16,24,24,6238.08
split_static,0.95,2025-08-17,24,24,6238.08
split_static,0.95,2025-08-18,24,24,6238.08
split_static,0.95,2025-08-19,24,24,6238.08
split_static,0.95,2025-08-20,24,24,6238.08
split_static,0.95,2025-08-21,24,24,6238.08
split_static,0.95,2025-08-22,24,24,6238.08
split_static,0.95,2025-08-23,24,24,6238.08
split_static,0.95,2025-08-24,24,24,6238.08
split_static,0.95,2025-08-25,24,24,6238.08
split_static,0.95,2025-08-26,24,24,6238.08
split_static,0.95,2025-08-27,24,24,6238.08
split_static,0.95,2025-08-28,24,24,6238.08
split_static,0.95,2025-08-29,24,24,6238.08
split_static,0.95,2025-08-30,24,24,6238.08
split_static,0.95,2025-08-31,24,24,6238.08
split_static,0.95,2025-09-01,24,24,6238.08
split_static,0.95,2025-09-02,24,24,6238.08
split_static,0.95,2025-09-03,24,24,6238.08
split_static,0.95,2025-09-04,24,24,6238.08
split_static,0.95,2025-09-05,24,24,6238.08
split_static,0.95,2025-09-06,24,24,6238.08
split_static,0.95,2025-09-07,24,24,6238.08
split_static,0.95,2025-09-08,24,24,6238.08
split_static,0.95,2025-09-09,24,24,6238.08
split_static,0.95,2025-09-10,24,24,6238.08
split_static,0.95,2025-09-11,24,24,6238.08
split_static,0.95,2025-09-12,24,24,6238.08
split_static,0.95,2025-09-13,24,24,6238.08
split_static,0.95,2025-09-14,24,24,6238.08
split_static,0.95,2025-09-15,24,24,6238.08
split_static,0.95,2025-09-16,24,24,6238.08
split_static,0.95,2025-09-17,24,24,6238.08
split_static,0.95,2025-09-18,24,24,6238.08
split_static,0.95,2025-09-19,24,24,6238.08
split_static,0.95,2025-09-20,24,24,6238.08
split_static,0.95,2025-09-21,24,24,6238.08
split_static,0.95,2025-09-22,24,24,6238.08
split_static,0.95,2025-09-23,24,24,6238.08
split_static,0.95,2025-09-24,24,24,6238.08
split_static,0.95,2025-09-25,24,24,6238.08
split_static,0.95,2025-09-26,24,24,6238.08
split_static,0.95,2025-09-27,24,24,6238.08
split_static,0.95,2025-09-28,24,24,6238.08
split_static,0.95,2025-09-29,24,24,6238.08
split_static,0.95,2025-09-30,24,24,6238.08
split_static,0.95,2025-10-01,24,24,6238.08
split_static,0.95,2025-10-02,24,24,6238.08
split_static,0.95,2025-10-03,24,24,6238.08
split_static,0.95,2025-10-04,24,24,6238.08
split_static,0.95,2025-10-05,24,24,6238.08
split_static,0.95,2025-10-06,24,24,6238.08
split_static,0.95,2025-10-07,24,24,6238.08
split_static,0.95,2025-10-08,24,24,6238.08
split_static,0.95,2025-10-09,24,24,6238.08
split_static,0.95,2025-10-10,24,24,6238.08
split_static,0.95,2025-10-11,24,24,6238.08
split_static,0.95,2025-10-12,24,24,6238.08
split_static,0.95,2025-10-13,24,24,6238.08
split_static,0.95,2025-10-14,24,24,6238.08
split_static,0.95,2025-10-15,24,24,6238.08
split_static,0.95,2025-10-16,24,24,6238.08
split_static,0.95,2025-10-17,24,24,6238.08
split_static,0.95,2025-10-18,24,24,6238.08
split_static,0.95,2025-10-19,24,24,6238.08
split_static,0.95,2025-10-20,24,24,6238.08
split_static,0.95,2025-10-21,24,24,6238.08
split_static,0.95,2025-10-22,24,24,6238.08
split_static,0.95,2025-10-23,24,24,6238.08
split_static,0.95,2025-10-24,24,24,6238.08
split_static,0.95,2025-10-25,24,24,6238.08
split_static,0.95,2025-10-26,24,24,6238.08
split_static,0.95,2025-10-27,24,24,6238.08
split_static,0.95,2025-10-28,24,24,6238.08
split_static,0.95,2025-10-29,24,24,6238.08
split_static,0.95,2025-10-30,24,24,6238.08
split_static,0.95,2025-10-31,24,24,6238.08
split_static,0.95,2025-11-01,24,24,6238.08
split_static,0.95,2025-11-02,24,24,6238.08
split_static,0.95,2025-11-03,24,24,6238.08
split_static,0.95,2025-11-04,24,24,6238.08
split_static,0.95,2025-11-05,24,24,6238.08
split_static,0.95,2025-11-06,24,24,6238.08
split_static,0.95,2025-11-07,24,24,6238.08
split_static,0.95,2025-11-08,24,24,6238.08
split_static,0.95,2025-11-09,24,24,6238.08
split_static,0.95,2025-11-10,24,24,6238.08
split_static,0.95,2025-11-11,22,24,6238.08
split_static,0.95,2025-11-12,24,24,6238.08
split_static,0.95,2025-11-13,24,24,6238.08
split_static,0.95,2025-11-14,24,24,6238.08
split_static,0.95,2025-11-15,24,24,6238.08
split_static,0.95,2025-11-16,24,24,6238.08
split_static,0.95,2025-11-17,24,24,6238.08
split_static,0.95,2025-11-18,20,24,6238.08
split_static,0.95,2025-11-19,23,24,6238.08
split_static,0.95,2025-11-20,23,24,6238.08
split_static,0.95,2025-11-21,13,24,6238.08
split_static,0.95,2025-11-22,20,24,6238.08
split_static,0.95,2025-11-23,20,24,6238.08
split_static,0.95,2025-11-24,0,24,6238.08
split_static,0.95,2025-11-25,17,24,6238.08
split_static,0.95,2025-11-26,24,24,6238.08
split_static,0.95,2025-11-27,24,24,6238.08
split_static,0.95,2025-11-28,24,24,6238.08
split_static,0.95,2025-11-29,21,24,6238.08
split_static,0.95,2025-11-30,22,24,6238.08
split_static,0.95,2025-12-01,16,24,6238.08
split_static,0.95,2025-12-02,22,24,6238.08
split_static,0.95,2025-12-03,15,24,6238.08
split_static,0.95,2025-12-04,24,24,6238.08
split_static,0.95,2025-12-05,23,24,6238.08
split_static,0.95,2025-12-06,24,24,6238.08
split_static,0.95,2025-12-07,24,24,6238.08
split_static,0.95,2025-12-08,15,24,6238.08
split_static,0.95,2025-12-09,23,24,6238.08
split_static,0.95,2025-12-10,24,24,6238.08
split_static,0.95,2025-12-11,24,24,6238.08
split_static,0.95,2025-12-12,24,24,6238.08
split_static,0.95,2025-12-13,24,24,6238.08
split_static,0.95,2025-12-14,23,24,6238.08
split_static,0.95,2025-12-15,24,24,6238.08
split_static,0.95,2025-12-16,24,24,6238.08
split_static,0.95,2025-12-17,24,24,6238.08
split_static,0.95,2025-12-18,24,24,6238.08
split_static,0.95,2025-12-19,24,24,6238.08
split_static,0.95,2025-12-20,24,24,6238.08
split_static,0.95,2025-12-21,24,24,6238.08
split_static,0.95,2025-12-22,22,24,6238.08
split_static,0.95,2025-12-23,18,24,6238.08
split_static,0.95,2025-12-24,23,24,6238.08
split_static,0.95,2025-12-25,18,24,6238.08
split_static,0.95,2025-12-26,23,24,6238.08
split_static,0.95,2025-12-27,4,24,6238.08
split_static,0.95,2025-12-28,23,24,6238.08
split_static,0.95,2025-12-29,24,24,6238.08
split_static,0.95,2025-12-30,22,24,6238.08
split_static,0.95,2025-12-31,19,24,6238.08
split_static,0.95,2026-01-01,7,24,6238.08
split_static,0.95,2026-01-02,24,24,6238.08
split_static,0.95,2026-01-03,24,24,6238.08
split_static,0.95,2026-01-04,24,24,6238.08
split_static,0.95,2026-01-05,22,24,6238.08
split_static,0.95,2026-01-06,24,24,6238.08
split_static,0.95,2026-01-07,21,24,6238.08
split_static,0.95,2026-01-08,15,24,6238.08
split_static,0.95,2026-01-09,17,24,6238.08
split_static,0.95,2026-01-10,24,24,6238.08
split_static,0.95,2026-01-11,24,24,6238.08
split_static,0.95,2026-01-12,24,24,6238.08
split_static,0.95,2026-01-13,13,24,6238.08
split_static,0.95,2026-01-14,10,24,6238.08
split_static,0.95,2026-01-15,24,24,6238.08
split_static,0.95,2026-01-16,17,24,6238.08
split_static,0.95,2026-01-17,21,24,6238.08
split_static,0.95,2026-01-18,24,24,6238.08
split_static,0.95,2026-01-19,24,24,6238.08
split_static,0.95,2026-01-20,9,24,6238.08
split_static,0.95,2026-01-21,24,24,6238.08
split_static,0.95,2026-01-22,24,24,6238.08
split_static,0.95,2026-01-23,24,24,6238.08
split_static,0.95,2026-01-24,24,24,6238.08
split_static,0.95,2026-01-25,24,24,6238.08
split_static,0.95,2026-01-26,24,24,6238.08
split_static,0.95,2026-01-27,24,24,6238.08
split_static,0.95,2026-01-28,17,24,6238.08
split_static,0.95,2026-01-29,24,24,6238.08
split_static,0.95,2026-01-30,24,24,6238.08
split_static,0.95,2026-01-31,24,24,6238.08
split_static,0.95,2026-02-01,24,24,6238.08
split_static,0.95,2026-02-02,24,24,6238.08
split_static,0.95,2026-02-03,24,24,6238.08
split_static,0.95,2026-02-04,24,24,6238.08
split_static,0.95,2026-02-05,24,24,6238.08
split_static,0.95,2026-02-06,24,24,6238.08
split_static,0.95,2026-02-07,24,24,6238.08
split_static,0.95,2026-02-08,24,24,6238.08
split_static,0.95,2026-02-09,24,24,6238.08
split_static,0.95,2026-02-10,24,24,6238.08
split_static,0.95,2026-02-11,24,24,6238.08
split_static,0.95,2026-02-12,24,24,6238.08
split_static,0.95,2026-02-13,20,24,6238.08
split_static,0.95,2026-02-14,15,24,6238.08
split_static,0.95,2026-02-15,5,24,6238.08
split_static,0.95,2026-02-16,24,24,6238.08
split_static,0.95,2026-02-17,19,24,6238.08
split_static,0.95,2026-02-18,24,24,6238.08
split_static,0.95,2026-02-19,23,24,6238.08
split_static,0.95,2026-02-20,24,24,6238.08
split_static,0.95,2026-02-21,16,24,6238.08
split_static,0.95,2026-02-22,20,24,6238.08
split_static,0.95,2026-02-23,23,24,6238.08
split_static,0.95,2026-02-24,23,24,6238.08
split_static,0.95,2026-02-25,24,24,6238.08
split_static,0.95,2026-02-26,24,24,6238.08
split_static,0.95,2026-02-27,24,24,6238.08
split_static,0.95,2026-02-28,24,24,6238.08
split_static,0.95,2026-03-01,23,24,6238.08
split_static,0.95,2026-03-02,24,24,6238.08
split_static,0.95,2026-03-03,24,24,6238.08
split_static,0.95,2026-03-04,24,24,6238.08
split_static,0.95,2026-03-05,20,24,6238.08
split_static,0.95,2026-03-06,20,24,6238.08
split_static,0.95,2026-03-07,24,24,6238.08
split_static,0.95,2026-03-08,23,24,6238.08
split_static,0.95,2026-03-09,24,24,6238.08
split_static,0.95,2026-03-10,23,24,6238.08
split_static,0.95,2026-03-11,22,24,6238.08
split_static,0.95,2026-03-12,24,24,6238.08
split_static,0.95,2026-03-13,24,24,6238.08
split_static,0.95,2026-03-14,24,24,6238.08
split_static,0.95,2026-03-15,18,24,6238.08
split_static,0.95,2026-03-16,24,24,6238.08
split_static,0.95,2026-03-17,24,24,6238.08
split_static,0.95,2026-03-18,24,24,6238.08
split_static,0.95,2026-03-19,24,24,6238.08
split_static,0.95,2026-03-20,23,24,6238.08
split_static,0.95,2026-03-21,24,24,6238.08
split_static,0.95,2026-03-22,18,24,6238.08
split_static,0.95,2026-03-23,19,24,6238.08
split_static,0.95,2026-03-24,24,24,6238.08
split_static,0.95,2026-03-25,24,24,6238.08
split_static,0.95,2026-03-26,18,24,6238.08
split_static,0.95,2026-03-27,24,24,6238.08
split_static,0.95,2026-03-28,24,24,6238.08
split_static,0.95,2026-03-29,21,23,6238.08
split_static,0.95,2026-03-30,21,24,6238.08
split_static,0.95,2026-03-31,23,24,6238.08
split_static,0.95,2026-04-01,24,24,6238.08
split_static,0.95,2026-04-02,24,24,6238.08
split_static,0.95,2026-04-03,24,24,6238.08
split_static,0.95,2026-04-04,17,24,6238.08
split_static,0.95,2026-04-05,12,24,6238.08
split_static,0.95,2026-04-06,23,24,6238.08
split_static,0.95,2026-04-07,21,24,6238.08
split_static,0.95,2026-04-08,22,24,6238.08
split_static,0.95,2026-04-09,24,24,6238.08
split_static,0.95,2026-04-10,24,24,6238.08
split_static,0.95,2026-04-11,23,24,6238.08
split_static,0.95,2026-04-12,18,24,6238.08
split_static,0.95,2026-04-13,24,24,6238.08
split_static,0.95,2026-04-14,24,24,6238.08
split_static,0.95,2026-04-15,24,24,6238.08
split_static,0.95,2026-04-16,24,24,6238.08
split_static,0.95,2026-04-17,24,24,6238.08
split_static,0.95,2026-04-18,24,24,6238.08
split_static,0.95,2026-04-19,24,24,6238.08
split_static,0.95,2026-04-20,24,24,6238.08
split_static,0.95,2026-04-21,24,24,6238.08
split_static,0.95,2026-04-22,24,24,6238.08
split_static,0.95,2026-04-23,24,24,6238.08
split_static,0.95,2026-04-24,24,24,6238.08
split_static,0.95,2026-04-25,24,24,6238.08
split_static,0.95,2026-04-26,24,24,6238.08
split_static,0.95,2026-04-27,24,24,6238.08
split_static,0.95,2026-04-28,24,24,6238.08
split_static,0.95,2026-04-29,24,24,6238.08
split_static,0.95,2026-04-30,24,24,6238.08
split_static,0.95,2026-05-01,24,24,6238.08
split_static,0.95,2026-05-02,24,24,6238.08
split_static,0.95,2026-05-03,24,24,6238.08
split_static,0.95,2026-05-04,24,24,6238.08
split_static,0.95,2026-05-05,24,24,6238.08
split_static,0.95,2026-05-06,24,24,6238.08
split_static,0.95,2026-05-07,24,24,6238.08
split_static,0.95,2026-05-08,24,24,6238.08
split_static,0.95,2026-05-09,24,24,6238.08
split_static,0.95,2026-05-10,24,24,6238.08
split_static,0.95,2026-05-11,24,24,6238.08
split_static,0.95,2026-05-12,24,24,6238.08
split_static,0.95,2026-05-13,24,24,6238.08
split_static,0.95,2026-05-14,24,24,6238.08
split_static,0.95,2026-05-15,24,24,6238.08
split_static,0.95,2026-05-16,24,24,6238.08
split_static,0.95,2026-05-17,24,24,6238.08
split_static,0.95,2026-05-18,24,24,6238.08
split_static,0.95,2026-05-19,24,24,6238.08
split_static,0.95,2026-05-20,24,24,6238.08
split_static,0.95,2026-05-21,24,24,6238.08
split_static,0.95,2026-05-22,20,24,6238.08
split_static,0.95,2026-05-23,24,24,6238.08
split_static,0.95,2026-05-24,24,24,6238.08
split_static,0.95,2026-05-25,23,24,6238.08
split_static,0.95,2026-05-26,24,24,6238.08
split_static,0.95,2026-05-27,24,24,6238.08
split_static,0.95,2026-05-28,24,24,6238.08
split_static,0.95,2026-05-29,24,24,6238.08
split_static,0.95,2026-05-30,24,24,6238.08
split_static,0.95,2026-05-31,24,24,6238.08
split_static,0.95,2026-06-01,24,24,6238.08
split_static,0.95,2026-06-02,24,24,6238.08
split_static,0.95,2026-06-03,24,24,6238.08
split_static,0.95,2026-06-04,24,24,6238.08
split_static,0.95,2026-06-05,24,24,6238.08
split_static,0.95,2026-06-06,24,24,6238.08
split_static,0.95,2026-06-07,24,24,6238.08
split_static,0.95,2026-06-08,24,24,6238.08
split_static,0.95,2026-06-09,24,24,6238.08
split_static,0.95,2026-06-10,24,24,6238.08
split_static,0.95,2026-06-11,24,24,6238.08
split_static,0.95,2026-06-12,24,24,6238.08
split_static,0.95,2026-06-13,24,24,6238.08
split_static,0.95,2026-06-14,24,24,6238.08
split_static,0.95,2026-06-15,24,24,6238.08
split_static,0.95,2026-06-16,24,24,6238.08
split_static,0.95,2026-06-17,24,24,6238.08
split_static,0.95,2026-06-18,24,24,6238.08
split_static,0.95,2026-06-19,24,24,6238.08
split_static,0.95,2026-06-20,24,24,6238.08
split_static,0.95,2026-06-21,24,24,6238.08
split_static,0.95,2026-06-22,24,24,6238.08
split_static,0.95,2026-06-23,24,24,6238.08
split_static,0.95,2026-06-24,24,24,6238.08
split_static,0.95,2026-06-25,24,24,6238.08
split_static,0.95,2026-06-26,24,24,6238.08
split_static,0.95,2026-06-27,24,24,6238.08
split_static,0.95,2026-06-28,24,24,6238.08
split_static,0.95,2026-06-29,24,24,6238.08
split_static,0.95,2026-06-30,24,24,6238.08
split_static,0.95,2026-07-01,21,24,6238.08
split_static,0.95,2026-07-02,20,24,6238.08
split_static,0.95,2026-07-03,24,24,6238.08
split_static,0.95,2026-07-04,19,24,6238.08
split_static,0.95,2026-07-05,22,24,6238.08
split_static,0.95,2026-07-06,24,24,6238.08
split_static,0.95,2026-07-07,24,24,6238.08
split_static,0.95,2026-07-08,24,24,6238.08
split_static,0.95,2026-07-09,24,24,6238.08
split_static,0.95,2026-07-10,24,24,6238.08
split_static,0.95,2026-07-11,24,24,6238.08
split_static,0.95,2026-07-12,24,24,6238.08
split_static,0.95,2026-07-13,24,24,6238.08
split_static,0.95,2026-07-14,16,24,6238.08
split_static,0.95,2026-07-15,24,24,6238.08
split_static,0.95,2026-07-16,24,24,6238.08
split_static,0.95,2026-07-17,24,24,6238.08
split_static,0.95,2026-07-18,24,24,6238.08
split_static,0.95,2026-07-19,24,24,6238.08
split_static,0.95,2026-07-20,24,24,6238.08
split_static,0.95,2026-07-21,24,24,6238.08
split_static,0.95,2026-07-22,16,24,6238.08
split_static,0.95,2026-07-23,24,24,6238.08
split_static,0.95,2026-07-24,24,24,6238.08
split_static,0.95,2026-07-25,24,24,6238.08
split_static,0.95,2026-07-26,24,24,6238.08
split_static,0.95,2026-07-27,24,24,6238.08
split_static,0.95,2026-07-28,24,24,6238.08
split_static,0.95,2026-07-29,19,24,6238.08
split_static,0.95,2026-07-30,24,24,6238.08
split_static,0.95,2026-07-31,24,24,6238.08
split_static,0.95,2026-08-01,24,24,6238.08
split_static,0.95,2026-08-02,24,24,6238.08
split_static,0.95,2026-08-03,24,24,6238.08
split_static,0.95,2026-08-04,24,24,6238.08
split_static,0.95,2026-08-05,24,24,6238.08
split_static,0.95,2026-08-06,24,24,6238.08
split_static,0.95,2026-08-07,24,24,6238.08
split_static,0.95,2026-08-08,24,24,6238.08
split_static,0.95,2026-08-09,24,24,6238.08
split_static,0.95,2026-08-10,24,24,6238.08
split_static,0.95,2026-08-11,24,24,6238.08
split_static,0.95,2026-08-12,24,24,6238.08
split_static,0.95,2026-08-13,23,24,6238.08
split_static,0.95,2026-08-14,24,24,6238.08
split_static,0.95,2026-08-15,24,24,6238.08
split_static,0.95,2026-08-16,24,24,6238.08
split_static,0.95,2026-08-17,24,24,6238.08
split_static,0.95,2026-08-18,24,24,6238.08
split_static,0.95,2026-08-19,24,24,6238.08
split_static,0.95,2026-08-20,24,24,6238.08
split_static,0.95,2026-08-21,23,24,6238.08
split_static,0.95,2026-08-22,24,24,6238.08
split_static,0.95,2026-08-23,24,24,6238.08
split_static,0.95,2026-08-24,24,24,6238.08
split_static,0.95,2026-08-25,24,24,6238.08
split_static,0.95,2026-08-26,24,24,6238.08
split_static,0.95,2026-08-27,24,24,6238.08
split_static,0.95,2026-08-28,24,24,6238.08
split_static,0.95,2026-08-29,24,24,6238.08
split_static,0.95,2026-08-30,24,24,6238.08
split_static,0.95,2026-08-31,24,24,6238.08
split_static_aci,0.8,2022-04-01,3,24,4852.9
split_static_aci,0.8,2022-04-02,10,24,4930.69
split_static_aci,0.8,2022-04-03,17,24,5194.54
split_static_aci,0.8,2022-04-04,22,24,5384.58
split_static_aci,0.8,2022-04-05,15,24,5424.03
split_static_aci,0.8,2022-04-06,17,24,5375.89
split_static_aci,0.8,2022-04-07,24,24,5477.06
split_static_aci,0.8,2022-04-08,11,24,5512.82
split_static_aci,0.8,2022-04-09,15,24,5408.61
split_static_aci,0.8,2022-04-10,23,24,5604.9
split_static_aci,0.8,2022-04-11,24,24,5717.24
split_static_aci,0.8,2022-04-12,16,24,5612.51
split_static_aci,0.8,2022-04-13,23,24,5489.42
split_static_aci,0.8,2022-04-14,23,24,5576.83
split_static_aci,0.8,2022-04-15,14,24,5487.08
split_static_aci,0.8,2022-04-16,17,24,5394.65
split_static_aci,0.8,2022-04-17,24,24,5508.05
split_static_aci,0.8,2022-04-18,21,24,5572.91
split_static_aci,0.8,2022-04-19,10,24,5450.03
split_static_aci,0.8,2022-04-20,24,24,5412.33
split_static_aci,0.8,2022-04-21,24,24,5633.16
split_static_aci,0.8,2022-04-22,24,24,5508.05
split_static_aci,0.8,2022-04-23,24,24,5404.63
split_static_aci,0.8,2022-04-24,19,24,5294.8
split_static_aci,0.8,2022-04-25,4,24,5203.29
split_static_aci,0.8,2022-04-26,21,24,5207.27
split_static_aci,0.8,2022-04-27,22,24,5535.36
split_static_aci,0.8,2022-04-28,24,24,5489.42
split_static_aci,0.8,2022-04-29,24,24,5421.26
split_static_aci,0.8,2022-04-30,24,24,5311.89
split_static_aci,0.8,2022-05-01,24,24,5222.05
split_static_aci,0.8,2022-05-02,24,24,5137.54
split_static_aci,0.8,2022-05-03,24,24,5046.52
split_static_aci,0.8,2022-05-04,23,24,4975.07
split_static_aci,0.8,2022-05-05,24,24,4899.93
split_static_aci,0.8,2022-05-06,21,24,4833.75
split_static_aci,0.8,2022-05-07,24,24,4752.27
split_static_aci,0.8,2022-05-08,22,24,4727.85
split_static_aci,0.8,2022-05-09,24,24,4652.5
split_static_aci,0.8,2022-05-10,24,24,4619.26
split_static_aci,0.8,2022-05-11,24,24,4541.32
split_static_aci,0.8,2022-05-12,24,24,4460.22
split_static_aci,0.8,2022-05-13,24,24,4386.73
split_static_aci,0.8,2022-05-14,24,24,4316.44
split_static_aci,0.8,2022-05-15,24,24,4248.06
split_static_aci,0.8,2022-05-16,24,24,4198.63
split_static_aci,0.8,2022-05-17,23,24,4133.48
split_static_aci,0.8,2022-05-18,24,24,4075.85
split_static_aci,0.8,2022-05-19,24,24,4043.61
split_static_aci,0.8,2022-05-20,24,24,3980.35
split_static_aci,0.8,2022-05-21,24,24,3922.22
split_static_aci,0.8,2022-05-22,24,24,3856.27
split_static_aci,0.8,2022-05-23,23,24,3799.42
split_static_aci,0.8,2022-05-24,24,24,3753.47
split_static_aci,0.8,2022-05-25,24,24,3720.28
split_static_aci,0.8,2022-05-26,24,24,3658.13
split_static_aci,0.8,2022-05-27,21,24,3617.99
split_static_aci,0.8,2022-05-28,24,24,3579.92
split_static_aci,0.8,2022-05-29,22,24,3566.13
split_static_aci,0.8,2022-05-30,24,24,3506.06
split_static_aci,0.8,2022-05-31,22,24,3487.74
split_static_aci,0.8,2022-06-01,24,24,3440.28
split_static_aci,0.8,2022-06-02,24,24,3422.77
split_static_aci,0.8,2022-06-03,24,24,3376.75
split_static_aci,0.8,2022-06-04,24,24,3333.26
split_static_aci,0.8,2022-06-05,24,24,3299.6
split_static_aci,0.8,2022-06-06,24,24,3271.11
split_static_aci,0.8,2022-06-07,24,24,3217.04
split_static_aci,0.8,2022-06-08,24,24,3175.7
split_static_aci,0.8,2022-06-09,24,24,3142.68
split_static_aci,0.8,2022-06-10,24,24,3115.72
split_static_aci,0.8,2022-06-11,24,24,3095.57
split_static_aci,0.8,2022-06-12,23,24,3065.96
split_static_aci,0.8,2022-06-13,24,24,3031.19
split_static_aci,0.8,2022-06-14,20,24,3005.51
split_static_aci,0.8,2022-06-15,24,24,2962.62
split_static_aci,0.8,2022-06-16,23,24,2955.71
split_static_aci,0.8,2022-06-17,24,24,2917.87
split_static_aci,0.8,2022-06-18,24,24,2883.1
split_static_aci,0.8,2022-06-19,24,24,2841.13
split_static_aci,0.8,2022-06-20,24,24,2807.46
split_static_aci,0.8,2022-06-21,21,24,2784.36
split_static_aci,0.8,2022-06-22,18,24,2749.87
split_static_aci,0.8,2022-06-23,10,24,2736.27
split_static_aci,0.8,2022-06-24,13,24,2745.02
split_static_aci,0.8,2022-06-25,21,24,2805.41
split_static_aci,0.8,2022-06-26,24,24,2844.06
split_static_aci,0.8,2022-06-27,24,24,2832.68
split_static_aci,0.8,2022-06-28,17,24,2803.06
split_static_aci,0.8,2022-06-29,24,24,2771.04
split_static_aci,0.8,2022-06-30,24,24,2788.46
split_static_aci,0.8,2022-07-01,24,24,2756.03
split_static_aci,0.8,2022-07-02,24,24,2717.38
split_static_aci,0.8,2022-07-03,22,24,2689.29
split_static_aci,0.8,2022-07-04,10,24,2658.41
split_static_aci,0.8,2022-07-05,24,24,2638.63
split_static_aci,0.8,2022-07-06,24,24,2697.34
split_static_aci,0.8,2022-07-07,24,24,2669.28
split_static_aci,0.8,2022-07-08,23,24,2633.84
split_static_aci,0.8,2022-07-09,24,24,2604.29
split_static_aci,0.8,2022-07-10,23,24,2581.28
split_static_aci,0.8,2022-07-11,18,24,2552.39
split_static_aci,0.8,2022-07-12,24,24,2530.23
split_static_aci,0.8,2022-07-13,20,24,2540.24
split_static_aci,0.8,2022-07-14,20,24,2500.51
split_static_aci,0.8,2022-07-15,21,24,2498.68
split_static_aci,0.8,2022-07-16,22,24,2494.8
split_static_aci,0.8,2022-07-17,21,24,2485.89
split_static_aci,0.8,2022-07-18,22,24,2470.14
split_static_aci,0.8,2022-07-19,24,24,2459.15
split_static_aci,0.8,2022-07-20,24,24,2447.38
split_static_aci,0.8,2022-07-21,24,24,2426.83
split_static_aci,0.8,2022-07-22,24,24,2404.98
split_static_aci,0.8,2022-07-23,24,24,2376.42
split_static_aci,0.8,2022-07-24,24,24,2352.57
split_static_aci,0.8,2022-07-25,16,24,2330.22
split_static_aci,0.8,2022-07-26,19,24,2308.06
split_static_aci,0.8,2022-07-27,24,24,2321.17
split_static_aci,0.8,2022-07-28,24,24,2322.5
split_static_aci,0.8,2022-07-29,13,24,2303.66
split_static_aci,0.8,2022-07-30,23,24,2271.5
split_static_aci,0.8,2022-07-31,24,24,2308.06
split_static_aci,0.8,2022-08-01,22,24,2288.77
split_static_aci,0.8,2022-08-02,22,24,2258.82
split_static_aci,0.8,2022-08-03,14,24,2241.9
split_static_aci,0.8,2022-08-04,24,24,2226
split_static_aci,0.8,2022-08-05,24,24,2256.73
split_static_aci,0.8,2022-08-06,14,24,2228.55
split_static_aci,0.8,2022-08-07,24,24,2203.21
split_static_aci,0.8,2022-08-08,24,24,2231.93
split_static_aci,0.8,2022-08-09,24,24,2204.97
split_static_aci,0.8,2022-08-10,24,24,2177.49
split_static_aci,0.8,2022-08-11,24,24,2156
split_static_aci,0.8,2022-08-12,24,24,2126.26
split_static_aci,0.8,2022-08-13,23,24,2105.57
split_static_aci,0.8,2022-08-14,12,24,2084.69
split_static_aci,0.8,2022-08-15,21,24,2066.95
split_static_aci,0.8,2022-08-16,24,24,2097.62
split_static_aci,0.8,2022-08-17,22,24,2091.11
split_static_aci,0.8,2022-08-18,16,24,2068.94
split_static_aci,0.8,2022-08-19,23,24,2054.61
split_static_aci,0.8,2022-08-20,24,24,2070.96
split_static_aci,0.8,2022-08-21,16,24,2050.61
split_static_aci,0.8,2022-08-22,23,24,2029.06
split_static_aci,0.8,2022-08-23,19,24,2044.33
split_static_aci,0.8,2022-08-24,16,24,2026.08
split_static_aci,0.8,2022-08-25,23,24,2026.67
split_static_aci,0.8,2022-08-26,24,24,2043.5
split_static_aci,0.8,2022-08-27,24,24,2023.45
split_static_aci,0.8,2022-08-28,24,24,2002.76
split_static_aci,0.8,2022-08-29,22,24,1978.11
split_static_aci,0.8,2022-08-30,24,24,1958.62
split_static_aci,0.8,2022-08-31,22,24,1945.49
split_static_aci,0.8,2022-09-01,23,24,1923.28
split_static_aci,0.8,2022-09-02,24,24,1910.81
split_static_aci,0.8,2022-09-03,24,24,1895.57
split_static_aci,0.8,2022-09-04,22,24,1878.2
split_static_aci,0.8,2022-09-05,24,24,1860.35
split_static_aci,0.8,2022-09-06,17,24,1847.38
split_static_aci,0.8,2022-09-07,24,24,1821.65
split_static_aci,0.8,2022-09-08,24,24,1831.03
split_static_aci,0.8,2022-09-09,23,24,1804.96
split_static_aci,0.8,2022-09-10,24,24,1785.93
split_static_aci,0.8,2022-09-11,24,24,1772.94
split_static_aci,0.8,2022-09-12,23,24,1750.82
split_static_aci,0.8,2022-09-13,19,24,1729.46
split_static_aci,0.8,2022-09-14,24,24,1712.22
split_static_aci,0.8,2022-09-15,24,24,1712.23
split_static_aci,0.8,2022-09-16,24,24,1693.5
split_static_aci,0.8,2022-09-17,9,24,1670.09
split_static_aci,0.8,2022-09-18,13,24,1655.82
split_static_aci,0.8,2022-09-19,20,24,1696.95
split_static_aci,0.8,2022-09-20,23,24,1721.8
split_static_aci,0.8,2022-09-21,24,24,1717.82
split_static_aci,0.8,2022-09-22,19,24,1702.6
split_static_aci,0.8,2022-09-23,24,24,1677.77
split_static_aci,0.8,2022-09-24,24,24,1679.15
split_static_aci,0.8,2022-09-25,17,24,1662.49
split_static_aci,0.8,2022-09-26,22,24,1648.33
split_static_aci,0.8,2022-09-27,14,24,1655.78
split_static_aci,0.8,2022-09-28,22,24,1645.94
split_static_aci,0.8,2022-09-29,20,24,1662.03
split_static_aci,0.8,2022-09-30,22,24,1654.54
split_static_aci,0.8,2022-10-01,23,24,1651.63
split_static_aci,0.8,2022-10-02,11,24,1642.28
split_static_aci,0.8,2022-10-03,16,24,1625.72
split_static_aci,0.8,2022-10-04,13,24,1657.21
split_static_aci,0.8,2022-10-05,15,24,1664.5
split_static_aci,0.8,2022-10-06,16,24,1693.5
split_static_aci,0.8,2022-10-07,21,24,1710.55
split_static_aci,0.8,2022-10-08,9,24,1725.03
split_static_aci,0.8,2022-10-09,23,24,1715.68
split_static_aci,0.8,2022-10-10,22,24,1765.65
split_static_aci,0.8,2022-10-11,24,24,1745.5
split_static_aci,0.8,2022-10-12,21,24,1732.47
split_static_aci,0.8,2022-10-13,17,24,1712.06
split_static_aci,0.8,2022-10-14,16,24,1704.36
split_static_aci,0.8,2022-10-15,18,24,1712.23
split_static_aci,0.8,2022-10-16,16,24,1727.76
split_static_aci,0.8,2022-10-17,22,24,1732.47
split_static_aci,0.8,2022-10-18,21,24,1747.19
split_static_aci,0.8,2022-10-19,21,24,1733.83
split_static_aci,0.8,2022-10-20,21,24,1726.54
split_static_aci,0.8,2022-10-21,24,24,1717.82
split_static_aci,0.8,2022-10-22,24,24,1710.55
split_static_aci,0.8,2022-10-23,18,24,1685.24
split_static_aci,0.8,2022-10-24,14,24,1669.27
split_static_aci,0.8,2022-10-25,24,24,1671.98
split_static_aci,0.8,2022-10-26,20,24,1699.44
split_static_aci,0.8,2022-10-27,16,24,1673.35
split_static_aci,0.8,2022-10-28,22,24,1671.05
split_static_aci,0.8,2022-10-29,19,24,1683.05
split_static_aci,0.8,2022-10-30,8,24,1671.98
split_static_aci,0.8,2022-10-31,6,24,1672.59
split_static_aci,0.8,2022-11-01,14,24,1724.73
split_static_aci,0.8,2022-11-02,22,24,1780.37
split_static_aci,0.8,2022-11-03,10,24,1802
split_static_aci,0.8,2022-11-04,16,24,1791.54
split_static_aci,0.8,2022-11-05,18,24,1835.27
split_static_aci,0.8,2022-11-06,16,24,1853.8
split_static_aci,0.8,2022-11-07,14,24,1859.39
split_static_aci,0.8,2022-11-08,12,24,1870.25
split_static_aci,0.8,2022-11-09,5,24,1888.83
split_static_aci,0.8,2022-11-10,11,24,1920.52
split_static_aci,0.8,2022-11-11,21,24,1982.18
split_static_aci,0.8,2022-11-12,15,24,2019.57
split_static_aci,0.8,2022-11-13,18,24,2010.73
split_static_aci,0.8,2022-11-14,14,24,2032.41
split_static_aci,0.8,2022-11-15,15,24,2039.78
split_static_aci,0.8,2022-11-16,23,24,2063.42
split_static_aci,0.8,2022-11-17,23,24,2084.69
split_static_aci,0.8,2022-11-18,9,24,2066.95
split_static_aci,0.8,2022-11-19,4,24,2047.97
split_static_aci,0.8,2022-11-20,21,24,2095.49
split_static_aci,0.8,2022-11-21,19,24,2170.26
split_static_aci,0.8,2022-11-22,8,24,2162.82
split_static_aci,0.8,2022-11-23,13,24,2164.15
split_static_aci,0.8,2022-11-24,11,24,2220.21
split_static_aci,0.8,2022-11-25,15,24,2258.82
split_static_aci,0.8,2022-11-26,23,24,2307.22
split_static_aci,0.8,2022-11-27,16,24,2323.43
split_static_aci,0.8,2022-11-28,2,24,2308.06
split_static_aci,0.8,2022-11-29,1,24,2321.17
split_static_aci,0.8,2022-11-30,16,24,2409.59
split_static_aci,0.8,2022-12-01,19,24,2497.65
split_static_aci,0.8,2022-12-02,14,24,2520.36
split_static_aci,0.8,2022-12-03,14,24,2521.56
split_static_aci,0.8,2022-12-04,18,24,2552.69
split_static_aci,0.8,2022-12-05,18,24,2586.69
split_static_aci,0.8,2022-12-06,12,24,2593.61
split_static_aci,0.8,2022-12-07,13,24,2599.77
split_static_aci,0.8,2022-12-08,18,24,2645.62
split_static_aci,0.8,2022-12-09,3,24,2686.8
split_static_aci,0.8,2022-12-10,21,24,2693.28
split_static_aci,0.8,2022-12-11,7,24,2804.69
split_static_aci,0.8,2022-12-12,13,24,2790.52
split_static_aci,0.8,2022-12-13,17,24,2878.23
split_static_aci,0.8,2022-12-14,2,24,2932.79
split_static_aci,0.8,2022-12-15,0,24,2952.71
split_static_aci,0.8,2022-12-16,8,24,3081.27
split_static_aci,0.8,2022-12-17,22,24,3193.58
split_static_aci,0.8,2022-12-18,11,24,3296.48
split_static_aci,0.8,2022-12-19,0,24,3279.73
split_static_aci,0.8,2022-12-20,0,24,3328.96
split_static_aci,0.8,2022-12-21,14,24,3499.03
split_static_aci,0.8,2022-12-22,24,24,3684.81
split_static_aci,0.8,2022-12-23,16,24,3741.82
split_static_aci,0.8,2022-12-24,20,24,3692.95
split_static_aci,0.8,2022-12-25,23,24,3728.62
split_static_aci,0.8,2022-12-26,6,24,3720.28
split_static_aci,0.8,2022-12-27,2,24,3674.63
split_static_aci,0.8,2022-12-28,19,24,3807.06
split_static_aci,0.8,2022-12-29,19,24,4036.71
split_static_aci,0.8,2022-12-30,20,24,4038.31
split_static_aci,0.8,2022-12-31,22,24,4038.73
split_static_aci,0.8,2023-01-01,21,24,4032.09
split_static_aci,0.8,2023-01-02,20,24,3988.54
split_static_aci,0.8,2023-01-03,9,24,3952.32
split_static_aci,0.8,2023-01-04,15,24,3943.17
split_static_aci,0.8,2023-01-05,24,24,4069.78
split_static_aci,0.8,2023-01-06,21,24,4121.25
split_static_aci,0.8,2023-01-07,24,24,4063.42
split_static_aci,0.8,2023-01-08,7,24,4048.46
split_static_aci,0.8,2023-01-09,12,24,3992.36
split_static_aci,0.8,2023-01-10,23,24,4128.09
split_static_aci,0.8,2023-01-11,18,24,4223.03
split_static_aci,0.8,2023-01-12,24,24,4173.24
split_static_aci,0.8,2023-01-13,24,24,4188.13
split_static_aci,0.8,2023-01-14,24,24,4126.2
split_static_aci,0.8,2023-01-15,24,24,4069.78
split_static_aci,0.8,2023-01-16,24,24,4032.09
split_static_aci,0.8,2023-01-17,21,24,3945.48
split_static_aci,0.8,2023-01-18,11,24,3898.64
split_static_aci,0.8,2023-01-19,19,24,3870.99
split_static_aci,0.8,2023-01-20,21,24,3980.35
split_static_aci,0.8,2023-01-21,20,24,3982.71
split_static_aci,0.8,2023-01-22,11,24,3945.48
split_static_aci,0.8,2023-01-23,21,24,3942.71
split_static_aci,0.8,2023-01-24,18,24,4049.46
split_static_aci,0.8,2023-01-25,19,24,4038.73
split_static_aci,0.8,2023-01-26,22,24,4045.62
split_static_aci,0.8,2023-01-27,18,24,4046.72
split_static_aci,0.8,2023-01-28,15,24,4023.27
split_static_aci,0.8,2023-01-29,24,24,4038.31
split_static_aci,0.8,2023-01-30,16,24,4069.78
split_static_aci,0.8,2023-01-31,7,24,4032.09
split_static_aci,0.8,2023-02-01,6,24,4054.89
split_static_aci,0.8,2023-02-02,14,24,4201.3
split_static_aci,0.8,2023-02-03,24,24,4381
split_static_aci,0.8,2023-02-04,23,24,4458.78
split_static_aci,0.8,2023-02-05,23,24,4384.96
split_static_aci,0.8,2023-02-06,21,24,4327.09
split_static_aci,0.8,2023-02-07,23,24,4271.15
split_static_aci,0.8,2023-02-08,17,24,4246.36
split_static_aci,0.8,2023-02-09,20,24,4205.91
split_static_aci,0.8,2023-02-10,23,24,4230.64
split_static_aci,0.8,2023-02-11,15,24,4225.22
split_static_aci,0.8,2023-02-12,22,24,4174.36
split_static_aci,0.8,2023-02-13,21,24,4227.46
split_static_aci,0.8,2023-02-14,24,24,4196.35
split_static_aci,0.8,2023-02-15,22,24,4172.66
split_static_aci,0.8,2023-02-16,22,24,4114.78
split_static_aci,0.8,2023-02-17,24,24,4075.85
split_static_aci,0.8,2023-02-18,21,24,4049.46
split_static_aci,0.8,2023-02-19,24,24,3993.62
split_static_aci,0.8,2023-02-20,14,24,3960.86
split_static_aci,0.8,2023-02-21,13,24,3916.29
split_static_aci,0.8,2023-02-22,14,24,3972.28
split_static_aci,0.8,2023-02-23,10,24,4049.46
split_static_aci,0.8,2023-02-24,20,24,4109.96
split_static_aci,0.8,2023-02-25,19,24,4223.03
split_static_aci,0.8,2023-02-26,10,24,4212.55
split_static_aci,0.8,2023-02-27,8,24,4213.43
split_static_aci,0.8,2023-02-28,13,24,4333.47
split_static_aci,0.8,2023-03-01,18,24,4500.57
split_static_aci,0.8,2023-03-02,18,24,4607.77
split_static_aci,0.8,2023-03-03,23,24,4625.81
split_static_aci,0.8,2023-03-04,23,24,4639.45
split_static_aci,0.8,2023-03-05,16,24,4583.61
split_static_aci,0.8,2023-03-06,9,24,4522.02
split_static_aci,0.8,2023-03-07,12,24,4574.29
split_static_aci,0.8,2023-03-08,22,24,4721.04
split_static_aci,0.8,2023-03-09,24,24,4838.38
split_static_aci,0.8,2023-03-10,16,24,4792.63
split_static_aci,0.8,2023-03-11,21,24,4711.93
split_static_aci,0.8,2023-03-12,24,24,4765.49
split_static_aci,0.8,2023-03-13,21,24,4734.84
split_static_aci,0.8,2023-03-14,23,24,4660.37
split_static_aci,0.8,2023-03-15,20,24,4640.1
split_static_aci,0.8,2023-03-16,17,24,4589.34
split_static_aci,0.8,2023-03-17,12,24,4574.29
split_static_aci,0.8,2023-03-18,24,24,4610.68
split_static_aci,0.8,2023-03-19,24,24,4705.47
split_static_aci,0.8,2023-03-20,19,24,4640.1
split_static_aci,0.8,2023-03-21,10,24,4572.12
split_static_aci,0.8,2023-03-22,24,24,4574.29
split_static_aci,0.8,2023-03-23,22,24,4702.32
split_static_aci,0.8,2023-03-24,13,24,4639.45
split_static_aci,0.8,2023-03-25,14,24,4596.35
split_static_aci,0.8,2023-03-26,20,23,4680.64
split_static_aci,0.8,2023-03-27,24,24,4765.49
split_static_aci,0.8,2023-03-28,24,24,4735.17
split_static_aci,0.8,2023-03-29,24,24,4660.37
split_static_aci,0.8,2023-03-30,24,24,4597.82
split_static_aci,0.8,2023-03-31,19,24,4522.1
split_static_aci,0.8,2023-04-01,16,24,4451.16
split_static_aci,0.8,2023-04-02,17,24,4454.49
split_static_aci,0.8,2023-04-03,24,24,4491.24
split_static_aci,0.8,2023-04-04,24,24,4540.37
split_static_aci,0.8,2023-04-05,16,24,4458.79
split_static_aci,0.8,2023-04-06,24,24,4385.29
split_static_aci,0.8,2023-04-07,15,24,4432.29
split_static_aci,0.8,2023-04-08,24,24,4361.95
split_static_aci,0.8,2023-04-09,14,24,4422.81
split_static_aci,0.8,2023-04-10,19,24,4358.69
split_static_aci,0.8,2023-04-11,16,24,4428.46
split_static_aci,0.8,2023-04-12,11,24,4432.29
split_static_aci,0.8,2023-04-13,18,24,4475.5
split_static_aci,0.8,2023-04-14,18,24,4619.26
split_static_aci,0.8,2023-04-15,23,24,4632.64
split_static_aci,0.8,2023-04-16,17,24,4649.24
split_static_aci,0.8,2023-04-17,11,24,4595.67
split_static_aci,0.8,2023-04-18,24,24,4628.69
split_static_aci,0.8,2023-04-19,21,24,4739.45
split_static_aci,0.8,2023-04-20,17,24,4664.71
split_static_aci,0.8,2023-04-21,23,24,4649.24
split_static_aci,0.8,2023-04-22,24,24,4669.97
split_static_aci,0.8,2023-04-23,21,24,4628.69
split_static_aci,0.8,2023-04-24,24,24,4562.98
split_static_aci,0.8,2023-04-25,23,24,4522.1
split_static_aci,0.8,2023-04-26,21,24,4451.16
split_static_aci,0.8,2023-04-27,24,24,4386.73
split_static_aci,0.8,2023-04-28,24,24,4361.95
split_static_aci,0.8,2023-04-29,24,24,4281.37
split_static_aci,0.8,2023-04-30,21,24,4230.38
split_static_aci,0.8,2023-05-01,21,24,4172.86
split_static_aci,0.8,2023-05-02,24,24,4146.62
split_static_aci,0.8,2023-05-03,24,24,4123.4
split_static_aci,0.8,2023-05-04,24,24,4068.25
split_static_aci,0.8,2023-05-05,15,24,4031.11
split_static_aci,0.8,2023-05-06,24,24,3945.48
split_static_aci,0.8,2023-05-07,24,24,4023.27
split_static_aci,0.8,2023-05-08,10,24,3943.17
split_static_aci,0.8,2023-05-09,24,24,3882.57
split_static_aci,0.8,2023-05-10,24,24,4020.1
split_static_aci,0.8,2023-05-11,24,24,3941.45
split_static_aci,0.8,2023-05-12,24,24,3880.56
split_static_aci,0.8,2023-05-13,23,24,3819.94
split_static_aci,0.8,2023-05-14,19,24,3777.96
split_static_aci,0.8,2023-05-15,13,24,3740.78
split_static_aci,0.8,2023-05-16,21,24,3741.36
split_static_aci,0.8,2023-05-17,23,24,3799.42
split_static_aci,0.8,2023-05-18,20,24,3781.1
split_static_aci,0.8,2023-05-19,20,24,3747.98
split_static_aci,0.8,2023-05-20,24,24,3740.78
split_static_aci,0.8,2023-05-21,24,24,3735.92
split_static_aci,0.8,2023-05-22,24,24,3676.28
split_static_aci,0.8,2023-05-23,24,24,3627.63
split_static_aci,0.8,2023-05-24,24,24,3586.9
split_static_aci,0.8,2023-05-25,24,24,3543.06
split_static_aci,0.8,2023-05-26,23,24,3494.02
split_static_aci,0.8,2023-05-27,24,24,3452.57
split_static_aci,0.8,2023-05-28,22,24,3427.34
split_static_aci,0.8,2023-05-29,23,24,3377.43
split_static_aci,0.8,2023-05-30,24,24,3353.88
split_static_aci,0.8,2023-05-31,15,24,3317.68
split_static_aci,0.8,2023-06-01,21,24,3290.23
split_static_aci,0.8,2023-06-02,24,24,3313.14
split_static_aci,0.8,2023-06-03,24,24,3302.67
split_static_aci,0.8,2023-06-04,24,24,3274.13
split_static_aci,0.8,2023-06-05,24,24,3229.29
split_static_aci,0.8,2023-06-06,24,24,3183.47
split_static_aci,0.8,2023-06-07,24,24,3149.68
split_static_aci,0.8,2023-06-08,24,24,3117.11
split_static_aci,0.8,2023-06-09,24,24,3098.86
split_static_aci,0.8,2023-06-10,24,24,3069.24
split_static_aci,0.8,2023-06-11,24,24,3038.93
split_static_aci,0.8,2023-06-12,24,24,3003.64
split_static_aci,0.8,2023-06-13,24,24,2958.98
split_static_aci,0.8,2023-06-14,24,24,2922.12
split_static_aci,0.8,2023-06-15,24,24,2878.23
split_static_aci,0.8,2023-06-16,24,24,2839.11
split_static_aci,0.8,2023-06-17,24,24,2806.6
split_static_aci,0.8,2023-06-18,24,24,2779.4
split_static_aci,0.8,2023-06-19,24,24,2746.87
split_static_aci,0.8,2023-06-20,24,24,2711.04
split_static_aci,0.8,2023-06-21,24,24,2679.86
split_static_aci,0.8,2023-06-22,24,24,2648.44
split_static_aci,0.8,2023-06-23,24,24,2615.94
split_static_aci,0.8,2023-06-24,24,24,2586.98
split_static_aci,0.8,2023-06-25,23,24,2556.18
split_static_aci,0.8,2023-06-26,23,24,2527.62
split_static_aci,0.8,2023-06-27,24,24,2500.04
split_static_aci,0.8,2023-06-28,24,24,2480.47
split_static_aci,0.8,2023-06-29,24,24,2455.96
split_static_aci,0.8,2023-06-30,19,24,2434.01
split_static_aci,0.8,2023-07-01,24,24,2413.01
split_static_aci,0.8,2023-07-02,24,24,2413.86
split_static_aci,0.8,2023-07-03,24,24,2385.85
split_static_aci,0.8,2023-07-04,22,24,2361.64
split_static_aci,0.8,2023-07-05,23,24,2337.73
split_static_aci,0.8,2023-07-06,24,24,2326.62
split_static_aci,0.8,2023-07-07,21,24,2309.08
split_static_aci,0.8,2023-07-08,15,24,2284.99
split_static_aci,0.8,2023-07-09,19,24,2271.5
split_static_aci,0.8,2023-07-10,24,24,2298.65
split_static_aci,0.8,2023-07-11,24,24,2300.74
split_static_aci,0.8,2023-07-12,24,24,2269.34
split_static_aci,0.8,2023-07-13,12,24,2241.9
split_static_aci,0.8,2023-07-14,16,24,2211.64
split_static_aci,0.8,2023-07-15,24,24,2256.4
split_static_aci,0.8,2023-07-16,24,24,2273.29
split_static_aci,0.8,2023-07-17,24,24,2245.06
split_static_aci,0.8,2023-07-18,24,24,2215.37
split_static_aci,0.8,2023-07-19,24,24,2193.37
split_static_aci,0.8,2023-07-20,24,24,2168.56
split_static_aci,0.8,2023-07-21,24,24,2137.93
split_static_aci,0.8,2023-07-22,23,24,2116.37
split_static_aci,0.8,2023-07-23,24,24,2095.58
split_static_aci,0.8,2023-07-24,23,24,2081.11
split_static_aci,0.8,2023-07-25,11,24,2055.3
split_static_aci,0.8,2023-07-26,17,24,2038.91
split_static_aci,0.8,2023-07-27,24,24,2078.8
split_static_aci,0.8,2023-07-28,21,24,2088.27
split_static_aci,0.8,2023-07-29,23,24,2064.66
split_static_aci,0.8,2023-07-30,24,24,2055.3
split_static_aci,0.8,2023-07-31,23,24,2038.91
split_static_aci,0.8,2023-08-01,20,24,2015.8
split_static_aci,0.8,2023-08-02,12,24,1998.18
split_static_aci,0.8,2023-08-03,24,24,1994.47
split_static_aci,0.8,2023-08-04,24,24,2026.67
split_static_aci,0.8,2023-08-05,17,24,2005.53
split_static_aci,0.8,2023-08-06,17,24,1981.38
split_static_aci,0.8,2023-08-07,21,24,1992.25
split_static_aci,0.8,2023-08-08,24,24,2002.86
split_static_aci,0.8,2023-08-09,14,24,1996.22
split_static_aci,0.8,2023-08-10,24,24,1972.58
split_static_aci,0.8,2023-08-11,21,24,1998.11
split_static_aci,0.8,2023-08-12,24,24,1974.74
split_static_aci,0.8,2023-08-13,13,24,1964.76
split_static_aci,0.8,2023-08-14,18,24,1945.14
split_static_aci,0.8,2023-08-15,17,24,1972.58
split_static_aci,0.8,2023-08-16,24,24,1976.4
split_static_aci,0.8,2023-08-17,24,24,1986.98
split_static_aci,0.8,2023-08-18,22,24,1964.76
split_static_aci,0.8,2023-08-19,23,24,1945.14
split_static_aci,0.8,2023-08-20,17,24,1933.42
split_static_aci,0.8,2023-08-21,11,24,1916.1
split_static_aci,0.8,2023-08-22,0,24,1923.98
split_static_aci,0.8,2023-08-23,0,24,1961.35
split_static_aci,0.8,2023-08-24,16,24,2049.41
split_static_aci,0.8,2023-08-25,12,24,2137.93
split_static_aci,0.8,2023-08-26,10,24,2160.61
split_static_aci,0.8,2023-08-27,11,24,2198.74
split_static_aci,0.8,2023-08-28,11,24,2248.57
split_static_aci,0.8,2023-08-29,12,24,2298.65
split_static_aci,0.8,2023-08-30,16,24,2335.66
split_static_aci,0.8,2023-08-31,24,24,2369.61
split_static_aci,0.8,2023-09-01,18,24,2385.85
split_static_aci,0.8,2023-09-02,23,24,2361.64
split_static_aci,0.8,2023-09-03,20,24,2367.28
split_static_aci,0.8,2023-09-04,23,24,2346.9
split_static_aci,0.8,2023-09-05,24,24,2344.79
split_static_aci,0.8,2023-09-06,24,24,2327.14
split_static_aci,0.8,2023-09-07,24,24,2307.28
split_static_aci,0.8,2023-09-08,19,24,2279.21
split_static_aci,0.8,2023-09-09,22,24,2251.94
split_static_aci,0.8,2023-09-10,20,24,2254.46
split_static_aci,0.8,2023-09-11,24,24,2236.24
split_static_aci,0.8,2023-09-12,24,24,2232.17
split_static_aci,0.8,2023-09-13,24,24,2206.33
split_static_aci,0.8,2023-09-14,24,24,2181.5
split_static_aci,0.8,2023-09-15,23,24,2156
split_static_aci,0.8,2023-09-16,24,24,2126.38
split_static_aci,0.8,2023-09-17,20,24,2110.81
split_static_aci,0.8,2023-09-18,24,24,2089.34
split_static_aci,0.8,2023-09-19,22,24,2087.53
split_static_aci,0.8,2023-09-20,24,24,2062.74
split_static_aci,0.8,2023-09-21,24,24,2048.87
split_static_aci,0.8,2023-09-22,24,24,2025.36
split_static_aci,0.8,2023-09-23,20,24,2004.04
split_static_aci,0.8,2023-09-24,22,24,1980.81
split_static_aci,0.8,2023-09-25,22,24,1976.4
split_static_aci,0.8,2023-09-26,20,24,1964.25
split_static_aci,0.8,2023-09-27,24,24,1953
split_static_aci,0.8,2023-09-28,24,24,1949.74
split_static_aci,0.8,2023-09-29,23,24,1929.08
split_static_aci,0.8,2023-09-30,19,24,1906.69
split_static_aci,0.8,2023-10-01,17,24,1891.12
split_static_aci,0.8,2023-10-02,22,24,1891.28
split_static_aci,0.8,2023-10-03,18,24,1900.93
split_static_aci,0.8,2023-10-04,24,24,1888.83
split_static_aci,0.8,2023-10-05,24,24,1894.5
split_static_aci,0.8,2023-10-06,23,24,1875.74
split_static_aci,0.8,2023-10-07,24,24,1859.39
split_static_aci,0.8,2023-10-08,24,24,1837.81
split_static_aci,0.8,2023-10-09,22,24,1812.39
split_static_aci,0.8,2023-10-10,23,24,1792.22
split_static_aci,0.8,2023-10-11,24,24,1779.69
split_static_aci,0.8,2023-10-12,23,24,1767.32
split_static_aci,0.8,2023-10-13,22,24,1743.17
split_static_aci,0.8,2023-10-14,24,24,1726.54
split_static_aci,0.8,2023-10-15,19,24,1713.28
split_static_aci,0.8,2023-10-16,17,24,1693.61
split_static_aci,0.8,2023-10-17,23,24,1695.41
split_static_aci,0.8,2023-10-18,17,24,1704.36
split_static_aci,0.8,2023-10-19,19,24,1683.47
split_static_aci,0.8,2023-10-20,23,24,1698.85
split_static_aci,0.8,2023-10-21,24,24,1701.11
split_static_aci,0.8,2023-10-22,23,24,1677.77
split_static_aci,0.8,2023-10-23,17,24,1662.03
split_static_aci,0.8,2023-10-24,5,24,1651.45
split_static_aci,0.8,2023-10-25,6,24,1657.6
split_static_aci,0.8,2023-10-26,16,24,1713.5
split_static_aci,0.8,2023-10-27,24,24,1773.34
split_static_aci,0.8,2023-10-28,23,24,1784.59
split_static_aci,0.8,2023-10-29,16,24,1768.74
split_static_aci,0.8,2023-10-30,10,24,1750.48
split_static_aci,0.8,2023-10-31,11,24,1765.92
split_static_aci,0.8,2023-11-01,18,24,1801.28
split_static_aci,0.8,2023-11-02,18,24,1844.22
split_static_aci,0.8,2023-11-03,19,24,1850.71
split_static_aci,0.8,2023-11-04,15,24,1858.1
split_static_aci,0.8,2023-11-05,18,24,1859.27
split_static_aci,0.8,2023-11-06,17,24,1873.64
split_static_aci,0.8,2023-11-07,7,24,1878.2
split_static_aci,0.8,2023-11-08,0,24,1886.15
split_static_aci,0.8,2023-11-09,15,24,1937.84
split_static_aci,0.8,2023-11-10,22,24,2023.63
split_static_aci,0.8,2023-11-11,4,24,2044.62
split_static_aci,0.8,2023-11-12,12,24,2031.02
split_static_aci,0.8,2023-11-13,7,24,2103.77
split_static_aci,0.8,2023-11-14,21,24,2135.02
split_static_aci,0.8,2023-11-15,12,24,2203.43
split_static_aci,0.8,2023-11-16,17,24,2193.37
split_static_aci,0.8,2023-11-17,9,24,2232.2
split_static_aci,0.8,2023-11-18,21,24,2244.54
split_static_aci,0.8,2023-11-19,10,24,2306
split_static_aci,0.8,2023-11-20,24,24,2295.26
split_static_aci,0.8,2023-11-21,17,24,2337.48
split_static_aci,0.8,2023-11-22,22,24,2314.45
split_static_aci,0.8,2023-11-23,14,24,2326.62
split_static_aci,0.8,2023-11-24,23,24,2312.64
split_static_aci,0.8,2023-11-25,15,24,2336.52
split_static_aci,0.8,2023-11-26,11,24,2319.06
split_static_aci,0.8,2023-11-27,22,24,2337.73
split_static_aci,0.8,2023-11-28,8,24,2379.54
split_static_aci,0.8,2023-11-29,10,24,2365.08
split_static_aci,0.8,2023-11-30,2,24,2424.73
split_static_aci,0.8,2023-12-01,10,24,2465.26
split_static_aci,0.8,2023-12-02,9,24,2569.85
split_static_aci,0.8,2023-12-03,4,24,2621.28
split_static_aci,0.8,2023-12-04,22,24,2693.28
split_static_aci,0.8,2023-12-05,15,24,2798.19
split_static_aci,0.8,2023-12-06,19,24,2779.47
split_static_aci,0.8,2023-12-07,2,24,2805.94
split_static_aci,0.8,2023-12-08,16,24,2806.26
split_static_aci,0.8,2023-12-09,20,24,2941.54
split_static_aci,0.8,2023-12-10,16,24,2972.68
split_static_aci,0.8,2023-12-11,17,24,2960.48
split_static_aci,0.8,2023-12-12,24,24,2993.87
split_static_aci,0.8,2023-12-13,11,24,3014.11
split_static_aci,0.8,2023-12-14,11,24,2971.29
split_static_aci,0.8,2023-12-15,21,24,3034.2
split_static_aci,0.8,2023-12-16,15,24,3084.88
split_static_aci,0.8,2023-12-17,2,24,3078.2
split_static_aci,0.8,2023-12-18,0,24,3100.83
split_static_aci,0.8,2023-12-19,5,24,3207.55
split_static_aci,0.8,2023-12-20,16,24,3368.59
split_static_aci,0.8,2023-12-21,20,24,3493.23
split_static_aci,0.8,2023-12-22,8,24,3519.32
split_static_aci,0.8,2023-12-23,23,24,3509.9
split_static_aci,0.8,2023-12-24,18,24,3623.49
split_static_aci,0.8,2023-12-25,20,24,3586.9
split_static_aci,0.8,2023-12-26,8,24,3601.99
split_static_aci,0.8,2023-12-27,23,24,3590.26
split_static_aci,0.8,2023-12-28,24,24,3703.94
split_static_aci,0.8,2023-12-29,24,24,3655.86
split_static_aci,0.8,2023-12-30,23,24,3616.69
split_static_aci,0.8,2023-12-31,19,24,3577.51
split_static_aci,0.8,2024-01-01,13,24,3530.33
split_static_aci,0.8,2024-01-02,15,24,3531.43
split_static_aci,0.8,2024-01-03,17,24,3596.29
split_static_aci,0.8,2024-01-04,21,24,3629.48
split_static_aci,0.8,2024-01-05,24,24,3648.99
split_static_aci,0.8,2024-01-06,11,24,3634.62
split_static_aci,0.8,2024-01-07,21,24,3591.8
split_static_aci,0.8,2024-01-08,6,24,3664.28
split_static_aci,0.8,2024-01-09,0,24,3647.27
split_static_aci,0.8,2024-01-10,23,24,3784.17
split_static_aci,0.8,2024-01-11,15,24,4032.09
split_static_aci,0.8,2024-01-12,6,24,3972.28
split_static_aci,0.8,2024-01-13,14,24,4037.08
split_static_aci,0.8,2024-01-14,22,24,4178.47
split_static_aci,0.8,2024-01-15,3,24,4234.89
split_static_aci,0.8,2024-01-16,9,24,4212.24
split_static_aci,0.8,2024-01-17,5,24,4432.29
split_static_aci,0.8,2024-01-18,9,24,4596.35
split_static_aci,0.8,2024-01-19,17,24,4822.21
split_static_aci,0.8,2024-01-20,15,24,4976.44
split_static_aci,0.8,2024-01-21,20,24,5009.32
split_static_aci,0.8,2024-01-22,23,24,5085.14
split_static_aci,0.8,2024-01-23,22,24,5065.95
split_static_aci,0.8,2024-01-24,17,24,5005.31
split_static_aci,0.8,2024-01-25,23,24,4962.05
split_static_aci,0.8,2024-01-26,22,24,4995.97
split_static_aci,0.8,2024-01-27,24,24,4938.67
split_static_aci,0.8,2024-01-28,24,24,4895.75
split_static_aci,0.8,2024-01-29,15,24,4822.21
split_static_aci,0.8,2024-01-30,16,24,4733.1
split_static_aci,0.8,2024-01-31,24,24,4806.17
split_static_aci,0.8,2024-02-01,24,24,4854.9
split_static_aci,0.8,2024-02-02,24,24,4775.99
split_static_aci,0.8,2024-02-03,16,24,4695.05
split_static_aci,0.8,2024-02-04,13,24,4632.64
split_static_aci,0.8,2024-02-05,12,24,4669.82
split_static_aci,0.8,2024-02-06,13,24,4770.93
split_static_aci,0.8,2024-02-07,24,24,4895.75
split_static_aci,0.8,2024-02-08,24,24,4986.82
split_static_aci,0.8,2024-02-09,24,24,4926.91
split_static_aci,0.8,2024-02-10,22,24,4836.41
split_static_aci,0.8,2024-02-11,24,24,4753.98
split_static_aci,0.8,2024-02-12,17,24,4711.04
split_static_aci,0.8,2024-02-13,20,24,4640.39
split_static_aci,0.8,2024-02-14,12,24,4664.71
split_static_aci,0.8,2024-02-15,24,24,4658.19
split_static_aci,0.8,2024-02-16,23,24,4770.93
split_static_aci,0.8,2024-02-17,24,24,4689.65
split_static_aci,0.8,2024-02-18,24,24,4640.39
split_static_aci,0.8,2024-02-19,24,24,4572.76
split_static_aci,0.8,2024-02-20,24,24,4482.72
split_static_aci,0.8,2024-02-21,12,24,4417.34
split_static_aci,0.8,2024-02-22,13,24,4346.68
split_static_aci,0.8,2024-02-23,18,24,4458.78
split_static_aci,0.8,2024-02-24,23,24,4566.1
split_static_aci,0.8,2024-02-25,24,24,4575.2
split_static_aci,0.8,2024-02-26,23,24,4514.58
split_static_aci,0.8,2024-02-27,24,24,4436.71
split_static_aci,0.8,2024-02-28,24,24,4382.77
split_static_aci,0.8,2024-02-29,12,24,4302.85
split_static_aci,0.8,2024-03-01,24,24,4237.11
split_static_aci,0.8,2024-03-02,24,24,4343.41
split_static_aci,0.8,2024-03-03,15,24,4271.23
split_static_aci,0.8,2024-03-04,14,24,4219.74
split_static_aci,0.8,2024-03-05,8,24,4265.58
split_static_aci,0.8,2024-03-06,21,24,4340.11
split_static_aci,0.8,2024-03-07,19,24,4514.58
split_static_aci,0.8,2024-03-08,20,24,4475.5
split_static_aci,0.8,2024-03-09,17,24,4477.2
split_static_aci,0.8,2024-03-10,23,24,4473.23
split_static_aci,0.8,2024-03-11,24,24,4505.09
split_static_aci,0.8,2024-03-12,22,24,4454.49
split_static_aci,0.8,2024-03-13,24,24,4381
split_static_aci,0.8,2024-03-14,21,24,4334.06
split_static_aci,0.8,2024-03-15,23,24,4265.58
split_static_aci,0.8,2024-03-16,23,24,4237.11
split_static_aci,0.8,2024-03-17,20,24,4200.7
split_static_aci,0.8,2024-03-18,10,24,4153.7
split_static_aci,0.8,2024-03-19,12,24,4142.59
split_static_aci,0.8,2024-03-20,20,24,4249.02
split_static_aci,0.8,2024-03-21,22,24,4360.19
split_static_aci,0.8,2024-03-22,24,24,4343.41
split_static_aci,0.8,2024-03-23,24,24,4288.8
split_static_aci,0.8,2024-03-24,23,24,4234.18
split_static_aci,0.8,2024-03-25,22,24,4181.21
split_static_aci,0.8,2024-03-26,9,24,4131.2
split_static_aci,0.8,2024-03-27,10,24,4101.73
split_static_aci,0.8,2024-03-28,13,24,4226.11
split_static_aci,0.8,2024-03-29,20,24,4355.66
split_static_aci,0.8,2024-03-30,22,24,4445.56
split_static_aci,0.8,2024-03-31,20,23,4428.46
split_static_aci,0.8,2024-04-01,23,24,4386.73
split_static_aci,0.8,2024-04-02,23,24,4363.68
split_static_aci,0.8,2024-04-03,24,24,4302.85
split_static_aci,0.8,2024-04-04,24,24,4250.59
split_static_aci,0.8,2024-04-05,21,24,4200.7
split_static_aci,0.8,2024-04-06,24,24,4135.28
split_static_aci,0.8,2024-04-07,22,24,4119.3
split_static_aci,0.8,2024-04-08,24,24,4059.55
split_static_aci,0.8,2024-04-09,1,24,4039.14
split_static_aci,0.8,2024-04-10,23,24,3967
split_static_aci,0.8,2024-04-11,23,24,4188.13
split_static_aci,0.8,2024-04-12,22,24,4140.68
split_static_aci,0.8,2024-04-13,24,24,4096.49
split_static_aci,0.8,2024-04-14,24,24,4061.42
split_static_aci,0.8,2024-04-15,24,24,4021.8
split_static_aci,0.8,2024-04-16,20,24,3942.71
split_static_aci,0.8,2024-04-17,9,24,3881.58
split_static_aci,0.8,2024-04-18,24,24,3872.01
split_static_aci,0.8,2024-04-19,22,24,4021.59
split_static_aci,0.8,2024-04-20,24,24,3941.7
split_static_aci,0.8,2024-04-21,22,24,3920.66
split_static_aci,0.8,2024-04-22,21,24,3848.9
split_static_aci,0.8,2024-04-23,24,24,3812.22
split_static_aci,0.8,2024-04-24,23,24,3791.13
split_static_aci,0.8,2024-04-25,23,24,3750.29
split_static_aci,0.8,2024-04-26,22,24,3714.01
split_static_aci,0.8,2024-04-27,9,24,3665.9
split_static_aci,0.8,2024-04-28,9,24,3643.87
split_static_aci,0.8,2024-04-29,23,24,3749.45
split_static_aci,0.8,2024-04-30,22,24,3856.49
split_static_aci,0.8,2024-05-01,18,24,3808.89
split_static_aci,0.8,2024-05-02,21,24,3781.14
split_static_aci,0.8,2024-05-03,17,24,3790.85
split_static_aci,0.8,2024-05-04,24,24,3779.99
split_static_aci,0.8,2024-05-05,24,24,3796.49
split_static_aci,0.8,2024-05-06,18,24,3752.5
split_static_aci,0.8,2024-05-07,23,24,3708.2
split_static_aci,0.8,2024-05-08,23,24,3722.33
split_static_aci,0.8,2024-05-09,22,24,3674.63
split_static_aci,0.8,2024-05-10,11,24,3635.86
split_static_aci,0.8,2024-05-11,14,24,3615.66
split_static_aci,0.8,2024-05-12,24,24,3694.66
split_static_aci,0.8,2024-05-13,24,24,3748.21
split_static_aci,0.8,2024-05-14,24,24,3699.26
split_static_aci,0.8,2024-05-15,8,24,3644.2
split_static_aci,0.8,2024-05-16,24,24,3605.71
split_static_aci,0.8,2024-05-17,24,24,3714.64
split_static_aci,0.8,2024-05-18,16,24,3657.72
split_static_aci,0.8,2024-05-19,24,24,3617.94
split_static_aci,0.8,2024-05-20,21,24,3644.2
split_static_aci,0.8,2024-05-21,21,24,3605.71
split_static_aci,0.8,2024-05-22,24,24,3586.63
split_static_aci,0.8,2024-05-23,24,24,3575.15
split_static_aci,0.8,2024-05-24,24,24,3517.05
split_static_aci,0.8,2024-05-25,24,24,3479.67
split_static_aci,0.8,2024-05-26,24,24,3437.86
split_static_aci,0.8,2024-05-27,22,24,3393.17
split_static_aci,0.8,2024-05-28,24,24,3353.87
split_static_aci,0.8,2024-05-29,24,24,3327.6
split_static_aci,0.8,2024-05-30,24,24,3296.81
split_static_aci,0.8,2024-05-31,24,24,3261.74
split_static_aci,0.8,2024-06-01,23,24,3207.85
split_static_aci,0.8,2024-06-02,19,24,3174.14
split_static_aci,0.8,2024-06-03,24,24,3145.96
split_static_aci,0.8,2024-06-04,24,24,3146.01
split_static_aci,0.8,2024-06-05,24,24,3116.03
split_static_aci,0.8,2024-06-06,24,24,3097.79
split_static_aci,0.8,2024-06-07,24,24,3068.49
split_static_aci,0.8,2024-06-08,22,24,3036.31
split_static_aci,0.8,2024-06-09,24,24,3001.67
split_static_aci,0.8,2024-06-10,22,24,2977.48
split_static_aci,0.8,2024-06-11,24,24,2933.41
split_static_aci,0.8,2024-06-12,24,24,2913.82
split_static_aci,0.8,2024-06-13,24,24,2865.17
split_static_aci,0.8,2024-06-14,24,24,2832.6
split_static_aci,0.8,2024-06-15,24,24,2801.85
split_static_aci,0.8,2024-06-16,22,24,2770.98
split_static_aci,0.8,2024-06-17,24,24,2739.23
split_static_aci,0.8,2024-06-18,21,24,2716.02
split_static_aci,0.8,2024-06-19,24,24,2686.49
split_static_aci,0.8,2024-06-20,24,24,2675.4
split_static_aci,0.8,2024-06-21,24,24,2643.75
split_static_aci,0.8,2024-06-22,24,24,2611.63
split_static_aci,0.8,2024-06-23,24,24,2581.28
split_static_aci,0.8,2024-06-24,24,24,2552.39
split_static_aci,0.8,2024-06-25,24,24,2522.88
split_static_aci,0.8,2024-06-26,24,24,2491.95
split_static_aci,0.8,2024-06-27,24,24,2465.26
split_static_aci,0.8,2024-06-28,24,24,2441.64
split_static_aci,0.8,2024-06-29,24,24,2420.7
split_static_aci,0.8,2024-06-30,24,24,2397.19
split_static_aci,0.8,2024-07-01,23,24,2369.73
split_static_aci,0.8,2024-07-02,22,24,2346.02
split_static_aci,0.8,2024-07-03,16,24,2330.22
split_static_aci,0.8,2024-07-04,24,24,2314.63
split_static_aci,0.8,2024-07-05,24,24,2331.94
split_static_aci,0.8,2024-07-06,24,24,2309.2
split_static_aci,0.8,2024-07-07,24,24,2285.12
split_static_aci,0.8,2024-07-08,24,24,2256.4
split_static_aci,0.8,2024-07-09,22,24,2228.49
split_static_aci,0.8,2024-07-10,24,24,2202.07
split_static_aci,0.8,2024-07-11,23,24,2187.89
split_static_aci,0.8,2024-07-12,24,24,2162.69
split_static_aci,0.8,2024-07-13,24,24,2136.56
split_static_aci,0.8,2024-07-14,24,24,2116.06
split_static_aci,0.8,2024-07-15,24,24,2095.38
split_static_aci,0.8,2024-07-16,24,24,2073.69
split_static_aci,0.8,2024-07-17,24,24,2049.14
split_static_aci,0.8,2024-07-18,24,24,2026.08
split_static_aci,0.8,2024-07-19,24,24,2004.47
split_static_aci,0.8,2024-07-20,24,24,1981.25
split_static_aci,0.8,2024-07-21,22,24,1959.79
split_static_aci,0.8,2024-07-22,8,24,1938.73
split_static_aci,0.8,2024-07-23,22,24,1926.61
split_static_aci,0.8,2024-07-24,24,24,1975.7
split_static_aci,0.8,2024-07-25,21,24,1963.61
split_static_aci,0.8,2024-07-26,24,24,1942.14
split_static_aci,0.8,2024-07-27,24,24,1935.94
split_static_aci,0.8,2024-07-28,14,24,1912.96
split_static_aci,0.8,2024-07-29,19,24,1893.41
split_static_aci,0.8,2024-07-30,19,24,1916.1
split_static_aci,0.8,2024-07-31,24,24,1916.33
split_static_aci,0.8,2024-08-01,23,24,1918.45
split_static_aci,0.8,2024-08-02,10,24,1896.21
split_static_aci,0.8,2024-08-03,8,24,1883.1
split_static_aci,0.8,2024-08-04,23,24,1920.32
split_static_aci,0.8,2024-08-05,14,24,1968.7
split_static_aci,0.8,2024-08-06,22,24,1952.92
split_static_aci,0.8,2024-08-07,24,24,1975.4
split_static_aci,0.8,2024-08-08,24,24,1962.22
split_static_aci,0.8,2024-08-09,17,24,1940.21
split_static_aci,0.8,2024-08-10,14,24,1920.52
split_static_aci,0.8,2024-08-11,23,24,1931.18
split_static_aci,0.8,2024-08-12,14,24,1953
split_static_aci,0.8,2024-08-13,18,24,1937.32
split_static_aci,0.8,2024-08-14,13,24,1959.33
split_static_aci,0.8,2024-08-15,20,24,1963.97
split_static_aci,0.8,2024-08-16,7,24,1994.47
split_static_aci,0.8,2024-08-17,13,24,1988.23
split_static_aci,0.8,2024-08-18,14,24,2046.39
split_static_aci,0.8,2024-08-19,4,24,2078.02
split_static_aci,0.8,2024-08-20,24,24,2099.86
split_static_aci,0.8,2024-08-21,22,24,2176.22
split_static_aci,0.8,2024-08-22,20,24,2149.19
split_static_aci,0.8,2024-08-23,21,24,2134.47
split_static_aci,0.8,2024-08-24,22,24,2129.48
split_static_aci,0.8,2024-08-25,24,24,2123.95
split_static_aci,0.8,2024-08-26,23,24,2110.46
split_static_aci,0.8,2024-08-27,17,24,2089.15
split_static_aci,0.8,2024-08-28,24,24,2070.96
split_static_aci,0.8,2024-08-29,24,24,2083.27
split_static_aci,0.8,2024-08-30,23,24,2058.49
split_static_aci,0.8,2024-08-31,24,24,2034.91
split_static_aci,0.8,2024-09-01,12,24,2016.62
split_static_aci,0.8,2024-09-02,24,24,1996.87
split_static_aci,0.8,2024-09-03,24,24,2027.07
split_static_aci,0.8,2024-09-04,18,24,2006.55
split_static_aci,0.8,2024-09-05,23,24,1982.18
split_static_aci,0.8,2024-09-06,21,24,1988.23
split_static_aci,0.8,2024-09-07,24,24,1971.65
split_static_aci,0.8,2024-09-08,18,24,1963.61
split_static_aci,0.8,2024-09-09,21,24,1942.14
split_static_aci,0.8,2024-09-10,24,24,1947.93
split_static_aci,0.8,2024-09-11,24,24,1939.72
split_static_aci,0.8,2024-09-12,23,24,1920.14
split_static_aci,0.8,2024-09-13,24,24,1897.98
split_static_aci,0.8,2024-09-14,24,24,1884.71
split_static_aci,0.8,2024-09-15,24,24,1867.4
split_static_aci,0.8,2024-09-16,20,24,1844.22
split_static_aci,0.8,2024-09-17,24,24,1817.47
split_static_aci,0.8,2024-09-18,24,24,1812.42
split_static_aci,0.8,2024-09-19,15,24,1793.35
split_static_aci,0.8,2024-09-20,17,24,1773.34
split_static_aci,0.8,2024-09-21,21,24,1788.81
split_static_aci,0.8,2024-09-22,16,24,1798.98
split_static_aci,0.8,2024-09-23,17,24,1791.54
split_static_aci,0.8,2024-09-24,24,24,1803.92
split_static_aci,0.8,2024-09-25,21,24,1815.63
split_static_aci,0.8,2024-09-26,9,24,1794.76
split_static_aci,0.8,2024-09-27,20,24,1784.87
split_static_aci,0.8,2024-09-28,23,24,1834.81
split_static_aci,0.8,2024-09-29,20,24,1830.61
split_static_aci,0.8,2024-09-30,8,24,1810.43
split_static_aci,0.8,2024-10-01,5,24,1804.88
split_static_aci,0.8,2024-10-02,23,24,1862.11
split_static_aci,0.8,2024-10-03,24,24,1920.32
split_static_aci,0.8,2024-10-04,14,24,1902.41
split_static_aci,0.8,2024-10-05,20,24,1885.09
split_static_aci,0.8,2024-10-06,14,24,1902.77
split_static_aci,0.8,2024-10-07,13,24,1901.73
split_static_aci,0.8,2024-10-08,24,24,1923.25
split_static_aci,0.8,2024-10-09,24,24,1952.6
split_static_aci,0.8,2024-10-10,23,24,1931.18
split_static_aci,0.8,2024-10-11,17,24,1908.91
split_static_aci,0.8,2024-10-12,14,24,1893.41
split_static_aci,0.8,2024-10-13,12,24,1902.29
split_static_aci,0.8,2024-10-14,21,24,1923.98
split_static_aci,0.8,2024-10-15,22,24,1955.92
split_static_aci,0.8,2024-10-16,12,24,1948.99
split_static_aci,0.8,2024-10-17,22,24,1937.32
split_static_aci,0.8,2024-10-18,24,24,1967.18
split_static_aci,0.8,2024-10-19,20,24,1955.63
split_static_aci,0.8,2024-10-20,23,24,1935.94
split_static_aci,0.8,2024-10-21,15,24,1931.99
split_static_aci,0.8,2024-10-22,20,24,1913.07
split_static_aci,0.8,2024-10-23,9,24,1933.45
split_static_aci,0.8,2024-10-24,24,24,1931.13
split_static_aci,0.8,2024-10-25,12,24,1974.74
split_static_aci,0.8,2024-10-26,24,24,1953
split_static_aci,0.8,2024-10-27,20,24,1982.85
split_static_aci,0.8,2024-10-28,7,24,1963.61
split_static_aci,0.8,2024-10-29,8,24,1959.79
split_static_aci,0.8,2024-10-30,18,24,2016.31
split_static_aci,0.8,2024-10-31,17,24,2070.08
split_static_aci,0.8,2024-11-01,12,24,2077.56
split_static_aci,0.8,2024-11-02,16,24,2087.57
split_static_aci,0.8,2024-11-03,9,24,2116.93
split_static_aci,0.8,2024-11-04,8,24,2133.41
split_static_aci,0.8,2024-11-05,22,24,2189.18
split_static_aci,0.8,2024-11-06,16,24,2251.94
split_static_aci,0.8,2024-11-07,17,24,2235.49
split_static_aci,0.8,2024-11-08,8,24,2254.78
split_static_aci,0.8,2024-11-09,11,24,2265.83
split_static_aci,0.8,2024-11-10,10,24,2323.91
split_static_aci,0.8,2024-11-11,9,24,2364.32
split_static_aci,0.8,2024-11-12,19,24,2413.86
split_static_aci,0.8,2024-11-13,23,24,2457.47
split_static_aci,0.8,2024-11-14,15,24,2459.97
split_static_aci,0.8,2024-11-15,19,24,2441.64
split_static_aci,0.8,2024-11-16,22,24,2463.94
split_static_aci,0.8,2024-11-17,24,24,2464.44
split_static_aci,0.8,2024-11-18,17,24,2449.19
split_static_aci,0.8,2024-11-19,11,24,2428.89
split_static_aci,0.8,2024-11-20,5,24,2435.78
split_static_aci,0.8,2024-11-21,13,24,2477.33
split_static_aci,0.8,2024-11-22,7,24,2565.53
split_static_aci,0.8,2024-11-23,13,24,2601.91
split_static_aci,0.8,2024-11-24,0,24,2683
split_static_aci,0.8,2024-11-25,0,24,2724.61
split_static_aci,0.8,2024-11-26,15,24,2856.03
split_static_aci,0.8,2024-11-27,11,24,3017.2
split_static_aci,0.8,2024-11-28,2,24,3044.41
split_static_aci,0.8,2024-11-29,17,24,3098.67
split_static_aci,0.8,2024-11-30,18,24,3199.33
split_static_aci,0.8,2024-12-01,16,24,3230.42
split_static_aci,0.8,2024-12-02,17,24,3245.01
split_static_aci,0.8,2024-12-03,23,24,3273.83
split_static_aci,0.8,2024-12-04,19,24,3287.41
split_static_aci,0.8,2024-12-05,7,24,3260.54
split_static_aci,0.8,2024-12-06,8,24,3261.46
split_static_aci,0.8,2024-12-07,12,24,3349.49
split_static_aci,0.8,2024-12-08,5,24,3448.35
split_static_aci,0.8,2024-12-09,18,24,3506.06
split_static_aci,0.8,2024-12-10,24,24,3644.02
split_static_aci,0.8,2024-12-11,23,24,3652.62
split_static_aci,0.8,2024-12-12,23,24,3615.66
split_static_aci,0.8,2024-12-13,17,24,3581.05
split_static_aci,0.8,2024-12-14,24,24,3542.61
split_static_aci,0.8,2024-12-15,4,24,3567.09
split_static_aci,0.8,2024-12-16,16,24,3507.44
split_static_aci,0.8,2024-12-17,12,24,3653.29
split_static_aci,0.8,2024-12-18,13,24,3694.66
split_static_aci,0.8,2024-12-19,10,24,3763.62
split_static_aci,0.8,2024-12-20,19,24,3823.32
split_static_aci,0.8,2024-12-21,20,24,3941.7
split_static_aci,0.8,2024-12-22,22,24,3942.71
split_static_aci,0.8,2024-12-23,13,24,3937.25
split_static_aci,0.8,2024-12-24,7,24,3905.74
split_static_aci,0.8,2024-12-25,7,24,3982.71
split_static_aci,0.8,2024-12-26,9,24,4122.42
split_static_aci,0.8,2024-12-27,23,24,4271.15
split_static_aci,0.8,2024-12-28,4,24,4422.81
split_static_aci,0.8,2024-12-29,24,24,4367.31
split_static_aci,0.8,2024-12-30,24,24,4607.77
split_static_aci,0.8,2024-12-31,12,24,4532.32
split_static_aci,0.8,2025-01-01,17,24,4455.86
split_static_aci,0.8,2025-01-02,18,24,4570.71
split_static_aci,0.8,2025-01-03,7,24,4602.85
split_static_aci,0.8,2025-01-04,18,24,4624.44
split_static_aci,0.8,2025-01-05,24,24,4812.83
split_static_aci,0.8,2025-01-06,24,24,4831.81
split_static_aci,0.8,2025-01-07,19,24,4739.45
split_static_aci,0.8,2025-01-08,19,24,4664.71
split_static_aci,0.8,2025-01-09,23,24,4667.71
split_static_aci,0.8,2025-01-10,20,24,4669.97
split_static_aci,0.8,2025-01-11,18,24,4628.52
split_static_aci,0.8,2025-01-12,4,24,4618.69
split_static_aci,0.8,2025-01-13,9,24,4629.03
split_static_aci,0.8,2025-01-14,8,24,4874.74
split_static_aci,0.8,2025-01-15,11,24,5025.25
split_static_aci,0.8,2025-01-16,24,24,5226.39
split_static_aci,0.8,2025-01-17,24,24,5408.61
split_static_aci,0.8,2025-01-18,6,24,5297.08
split_static_aci,0.8,2025-01-19,23,24,5207.27
split_static_aci,0.8,2025-01-20,13,24,5489.41
split_static_aci,0.8,2025-01-21,19,24,5407.34
split_static_aci,0.8,2025-01-22,13,24,5545.33
split_static_aci,0.8,2025-01-23,24,24,5546.11
split_static_aci,0.8,2025-01-24,24,24,5718.74
split_static_aci,0.8,2025-01-25,13,24,5593.72
split_static_aci,0.8,2025-01-26,23,24,5480.83
split_static_aci,0.8,2025-01-27,24,24,5627.01
split_static_aci,0.8,2025-01-28,24,24,5526.07
split_static_aci,0.8,2025-01-29,24,24,5415.81
split_static_aci,0.8,2025-01-30,24,24,5304.01
split_static_aci,0.8,2025-01-31,24,24,5212.92
split_static_aci,0.8,2025-02-01,24,24,5125.87
split_static_aci,0.8,2025-02-02,24,24,5036.37
split_static_aci,0.8,2025-02-03,22,24,4962.32
split_static_aci,0.8,2025-02-04,24,24,4892.12
split_static_aci,0.8,2025-02-05,24,24,4838.38
split_static_aci,0.8,2025-02-06,24,24,4754.73
split_static_aci,0.8,2025-02-07,24,24,4680.64
split_static_aci,0.8,2025-02-08,24,24,4624.44
split_static_aci,0.8,2025-02-09,23,24,4549.31
split_static_aci,0.8,2025-02-10,18,24,4462.66
split_static_aci,0.8,2025-02-11,24,24,4404.95
split_static_aci,0.8,2025-02-12,14,24,4423.77
split_static_aci,0.8,2025-02-13,22,24,4359.78
split_static_aci,0.8,2025-02-14,18,24,4430.29
split_static_aci,0.8,2025-02-15,20,24,4387.36
split_static_aci,0.8,2025-02-16,22,24,4404.95
split_static_aci,0.8,2025-02-17,11,24,4389.65
split_static_aci,0.8,2025-02-18,10,24,4359.78
split_static_aci,0.8,2025-02-19,22,24,4474.96
split_static_aci,0.8,2025-02-20,18,24,4628.52
split_static_aci,0.8,2025-02-21,24,24,4584.45
split_static_aci,0.8,2025-02-22,24,24,4602.85
split_static_aci,0.8,2025-02-23,19,24,4524.37
split_static_aci,0.8,2025-02-24,24,24,4453.67
split_static_aci,0.8,2025-02-25,22,24,4455.86
split_static_aci,0.8,2025-02-26,18,24,4382.77
split_static_aci,0.8,2025-02-27,19,24,4335.22
split_static_aci,0.8,2025-02-28,22,24,4359.78
split_static_aci,0.8,2025-03-01,21,24,4360.97
split_static_aci,0.8,2025-03-02,24,24,4312.41
split_static_aci,0.8,2025-03-03,16,24,4281.37
split_static_aci,0.8,2025-03-04,14,24,4230.38
split_static_aci,0.8,2025-03-05,19,24,4266.52
split_static_aci,0.8,2025-03-06,24,24,4340.62
split_static_aci,0.8,2025-03-07,24,24,4346.68
split_static_aci,0.8,2025-03-08,24,24,4274.79
split_static_aci,0.8,2025-03-09,14,24,4219.88
split_static_aci,0.8,2025-03-10,14,24,4163.07
split_static_aci,0.8,2025-03-11,15,24,4225.24
split_static_aci,0.8,2025-03-12,9,24,4280.24
split_static_aci,0.8,2025-03-13,10,24,4348.78
split_static_aci,0.8,2025-03-14,20,24,4501.97
split_static_aci,0.8,2025-03-15,21,24,4649.24
split_static_aci,0.8,2025-03-16,23,24,4636.12
split_static_aci,0.8,2025-03-17,24,24,4614.86
split_static_aci,0.8,2025-03-18,23,24,4554.48
split_static_aci,0.8,2025-03-19,18,24,4471.6
split_static_aci,0.8,2025-03-20,24,24,4412.22
split_static_aci,0.8,2025-03-21,24,24,4430.29
split_static_aci,0.8,2025-03-22,24,24,4361.95
split_static_aci,0.8,2025-03-23,20,24,4281.37
split_static_aci,0.8,2025-03-24,16,24,4230.38
split_static_aci,0.8,2025-03-25,12,24,4223.03
split_static_aci,0.8,2025-03-26,17,24,4251.25
split_static_aci,0.8,2025-03-27,16,24,4361.95
split_static_aci,0.8,2025-03-28,24,24,4389.34
split_static_aci,0.8,2025-03-29,22,24,4439.74
split_static_aci,0.8,2025-03-30,19,23,4371.04
split_static_aci,0.8,2025-03-31,10,24,4331.8
split_static_aci,0.8,2025-04-01,13,24,4316.44
split_static_aci,0.8,2025-04-02,22,24,4458.79
split_static_aci,0.8,2025-04-03,24,24,4566.65
split_static_aci,0.8,2025-04-04,22,24,4505.09
split_static_aci,0.8,2025-04-05,23,24,4432.29
split_static_aci,0.8,2025-04-06,23,24,4389.34
split_static_aci,0.8,2025-04-07,24,24,4335.22
split_static_aci,0.8,2025-04-08,24,24,4276.78
split_static_aci,0.8,2025-04-09,24,24,4225.22
split_static_aci,0.8,2025-04-10,24,24,4165.98
split_static_aci,0.8,2025-04-11,24,24,4106.69
split_static_aci,0.8,2025-04-12,21,24,4050.7
split_static_aci,0.8,2025-04-13,17,24,4000.09
split_static_aci,0.8,2025-04-14,0,24,3967
split_static_aci,0.8,2025-04-15,11,24,4011.17
split_static_aci,0.8,2025-04-16,12,24,4227.46
split_static_aci,0.8,2025-04-17,12,24,4335.22
split_static_aci,0.8,2025-04-18,24,24,4451.16
split_static_aci,0.8,2025-04-19,24,24,4566.76
split_static_aci,0.8,2025-04-20,20,24,4475.38
split_static_aci,0.8,2025-04-21,24,24,4404.95
split_static_aci,0.8,2025-04-22,23,24,4389.65
split_static_aci,0.8,2025-04-23,21,24,4320.95
split_static_aci,0.8,2025-04-24,24,24,4267.1
split_static_aci,0.8,2025-04-25,24,24,4242.51
split_static_aci,0.8,2025-04-26,24,24,4192.41
split_static_aci,0.8,2025-04-27,24,24,4128.09
split_static_aci,0.8,2025-04-28,24,24,4070.9
split_static_aci,0.8,2025-04-29,20,24,4036.35
split_static_aci,0.8,2025-04-30,21,24,3952.32
split_static_aci,0.8,2025-05-01,9,24,3943.17
split_static_aci,0.8,2025-05-02,14,24,3928.82
split_static_aci,0.8,2025-05-03,22,24,4053.29
split_static_aci,0.8,2025-05-04,24,24,4117.24
split_static_aci,0.8,2025-05-05,24,24,4075.85
split_static_aci,0.8,2025-05-06,24,24,4038.31
split_static_aci,0.8,2025-05-07,24,24,3958.07
split_static_aci,0.8,2025-05-08,18,24,3910.89
split_static_aci,0.8,2025-05-09,19,24,3845.82
split_static_aci,0.8,2025-05-10,24,24,3858.4
split_static_aci,0.8,2025-05-11,24,24,3858.93
split_static_aci,0.8,2025-05-12,24,24,3803.85
split_static_aci,0.8,2025-05-13,24,24,3757.74
split_static_aci,0.8,2025-05-14,23,24,3712.99
split_static_aci,0.8,2025-05-15,7,24,3653.29
split_static_aci,0.8,2025-05-16,12,24,3623.49
split_static_aci,0.8,2025-05-17,24,24,3747.98
split_static_aci,0.8,2025-05-18,24,24,3813.63
split_static_aci,0.8,2025-05-19,24,24,3769.16
split_static_aci,0.8,2025-05-20,24,24,3728
split_static_aci,0.8,2025-05-21,24,24,3665.9
split_static_aci,0.8,2025-05-22,24,24,3624.9
split_static_aci,0.8,2025-05-23,24,24,3583.93
split_static_aci,0.8,2025-05-24,24,24,3531.43
split_static_aci,0.8,2025-05-25,24,24,3491.08
split_static_aci,0.8,2025-05-26,24,24,3448.35
split_static_aci,0.8,2025-05-27,24,24,3403.38
split_static_aci,0.8,2025-05-28,22,24,3363.63
split_static_aci,0.8,2025-05-29,22,24,3320.05
split_static_aci,0.8,2025-05-30,22,24,3301.72
split_static_aci,0.8,2025-05-31,24,24,3287.22
split_static_aci,0.8,2025-06-01,24,24,3263.02
split_static_aci,0.8,2025-06-02,24,24,3212.84
split_static_aci,0.8,2025-06-03,24,24,3175.12
split_static_aci,0.8,2025-06-04,24,24,3140.31
split_static_aci,0.8,2025-06-05,24,24,3114.65
split_static_aci,0.8,2025-06-06,24,24,3093.47
split_static_aci,0.8,2025-06-07,24,24,3062.51
split_static_aci,0.8,2025-06-08,22,24,3030
split_static_aci,0.8,2025-06-09,23,24,2997.6
split_static_aci,0.8,2025-06-10,24,24,2971.29
split_static_aci,0.8,2025-06-11,24,24,2937.85
split_static_aci,0.8,2025-06-12,24,24,2899.8
split_static_aci,0.8,2025-06-13,24,24,2856.03
split_static_aci,0.8,2025-06-14,23,24,2821.38
split_static_aci,0.8,2025-06-15,24,24,2788.98
split_static_aci,0.8,2025-06-16,24,24,2766.68
split_static_aci,0.8,2025-06-17,24,24,2732
split_static_aci,0.8,2025-06-18,23,24,2697.5
split_static_aci,0.8,2025-06-19,23,24,2669.67
split_static_aci,0.8,2025-06-20,24,24,2643.75
split_static_aci,0.8,2025-06-21,24,24,2616.06
split_static_aci,0.8,2025-06-22,24,24,2588.15
split_static_aci,0.8,2025-06-23,24,24,2556.19
split_static_aci,0.8,2025-06-24,24,24,2530.23
split_static_aci,0.8,2025-06-25,24,24,2497.34
split_static_aci,0.8,2025-06-26,24,24,2471.2
split_static_aci,0.8,2025-06-27,23,24,2447.38
split_static_aci,0.8,2025-06-28,24,24,2426.83
split_static_aci,0.8,2025-06-29,20,24,2409.21
split_static_aci,0.8,2025-06-30,11,24,2380.26
split_static_aci,0.8,2025-07-01,20,24,2376.49
split_static_aci,0.8,2025-07-02,17,24,2418.99
split_static_aci,0.8,2025-07-03,21,24,2417.62
split_static_aci,0.8,2025-07-04,24,24,2427.81
split_static_aci,0.8,2025-07-05,18,24,2418.03
split_static_aci,0.8,2025-07-06,19,24,2393.55
split_static_aci,0.8,2025-07-07,5,24,2400.13
split_static_aci,0.8,2025-07-08,15,24,2401.26
split_static_aci,0.8,2025-07-09,24,24,2467.4
split_static_aci,0.8,2025-07-10,24,24,2491.95
split_static_aci,0.8,2025-07-11,24,24,2465.26
split_static_aci,0.8,2025-07-12,18,24,2441.64
split_static_aci,0.8,2025-07-13,24,24,2420.7
split_static_aci,0.8,2025-07-14,14,24,2427.81
split_static_aci,0.8,2025-07-15,20,24,2406.28
split_static_aci,0.8,2025-07-16,24,24,2428.89
split_static_aci,0.8,2025-07-17,24,24,2425.43
split_static_aci,0.8,2025-07-18,24,24,2401.26
split_static_aci,0.8,2025-07-19,21,24,2375.95
split_static_aci,0.8,2025-07-20,24,24,2348.59
split_static_aci,0.8,2025-07-21,24,24,2343.24
split_static_aci,0.8,2025-07-22,14,24,2320.19
split_static_aci,0.8,2025-07-23,12,24,2300.48
split_static_aci,0.8,2025-07-24,24,24,2321.17
split_static_aci,0.8,2025-07-25,24,24,2355.56
split_static_aci,0.8,2025-07-26,22,24,2334.25
split_static_aci,0.8,2025-07-27,23,24,2310.37
split_static_aci,0.8,2025-07-28,24,24,2300.48
split_static_aci,0.8,2025-07-29,20,24,2273.29
split_static_aci,0.8,2025-07-30,24,24,2245.06
split_static_aci,0.8,2025-07-31,24,24,2242.92
split_static_aci,0.8,2025-08-01,24,24,2211.64
split_static_aci,0.8,2025-08-02,24,24,2189.52
split_static_aci,0.8,2025-08-03,24,24,2165.5
split_static_aci,0.8,2025-08-04,22,24,2135.02
split_static_aci,0.8,2025-08-05,24,24,2113.5
split_static_aci,0.8,2025-08-06,21,24,2101.9
split_static_aci,0.8,2025-08-07,15,24,2082.89
split_static_aci,0.8,2025-08-08,24,24,2072.39
split_static_aci,0.8,2025-08-09,16,24,2091.11
split_static_aci,0.8,2025-08-10,17,24,2068.94
split_static_aci,0.8,2025-08-11,24,24,2086.27
split_static_aci,0.8,2025-08-12,17,24,2095.21
split_static_aci,0.8,2025-08-13,23,24,2072.39
split_static_aci,0.8,2025-08-14,9,24,2083.87
split_static_aci,0.8,2025-08-15,23,24,2063.42
split_static_aci,0.8,2025-08-16,17,24,2110.81
split_static_aci,0.8,2025-08-17,23,24,2095.21
split_static_aci,0.8,2025-08-18,15,24,2104.92
split_static_aci,0.8,2025-08-19,13,24,2088.06
split_static_aci,0.8,2025-08-20,17,24,2106.8
split_static_aci,0.8,2025-08-21,24,24,2134.08
split_static_aci,0.8,2025-08-22,13,24,2144.43
split_static_aci,0.8,2025-08-23,5,24,2122.32
split_static_aci,0.8,2025-08-24,23,24,2156.1
split_static_aci,0.8,2025-08-25,24,24,2231.93
split_static_aci,0.8,2025-08-26,24,24,2208.75
split_static_aci,0.8,2025-08-27,17,24,2185.63
split_static_aci,0.8,2025-08-28,24,24,2160.07
split_static_aci,0.8,2025-08-29,24,24,2169.97
split_static_aci,0.8,2025-08-30,24,24,2138.79
split_static_aci,0.8,2025-08-31,24,24,2120.58
split_static_aci,0.8,2025-09-01,22,24,2096.32
split_static_aci,0.8,2025-09-02,21,24,2078.02
split_static_aci,0.8,2025-09-03,11,24,2063.14
split_static_aci,0.8,2025-09-04,24,24,2052.13
split_static_aci,0.8,2025-09-05,23,24,2093.94
split_static_aci,0.8,2025-09-06,20,24,2070.96
split_static_aci,0.8,2025-09-07,23,24,2050.61
split_static_aci,0.8,2025-09-08,24,24,2048.87
split_static_aci,0.8,2025-09-09,24,24,2029.24
split_static_aci,0.8,2025-09-10,10,24,2007.36
split_static_aci,0.8,2025-09-11,19,24,1982.85
split_static_aci,0.8,2025-09-12,23,24,2027.07
split_static_aci,0.8,2025-09-13,24,24,2029.06
split_static_aci,0.8,2025-09-14,16,24,2009.79
split_static_aci,0.8,2025-09-15,7,24,1988.23
split_static_aci,0.8,2025-09-16,24,24,2004.47
split_static_aci,0.8,2025-09-17,23,24,2062.45
split_static_aci,0.8,2025-09-18,6,24,2039.78
split_static_aci,0.8,2025-09-19,24,24,2017.84
split_static_aci,0.8,2025-09-20,19,24,2086.27
split_static_aci,0.8,2025-09-21,19,24,2061.79
split_static_aci,0.8,2025-09-22,3,24,2062.45
split_static_aci,0.8,2025-09-23,5,24,2063.14
split_static_aci,0.8,2025-09-24,21,24,2135.73
split_static_aci,0.8,2025-09-25,19,24,2211.64
split_static_aci,0.8,2025-09-26,12,24,2206.33
split_static_aci,0.8,2025-09-27,17,24,2206.73
split_static_aci,0.8,2025-09-28,23,24,2245.06
split_static_aci,0.8,2025-09-29,19,24,2259.69
split_static_aci,0.8,2025-09-30,17,24,2239.45
split_static_aci,0.8,2025-10-01,21,24,2239.84
split_static_aci,0.8,2025-10-02,15,24,2254.25
split_static_aci,0.8,2025-10-03,21,24,2241.87
split_static_aci,0.8,2025-10-04,22,24,2265.83
split_static_aci,0.8,2025-10-05,23,24,2256.4
split_static_aci,0.8,2025-10-06,15,24,2239.84
split_static_aci,0.8,2025-10-07,24,24,2214.09
split_static_aci,0.8,2025-10-08,24,24,2241.87
split_static_aci,0.8,2025-10-09,19,24,2210.45
split_static_aci,0.8,2025-10-10,22,24,2189.18
split_static_aci,0.8,2025-10-11,21,24,2189.52
split_static_aci,0.8,2025-10-12,23,24,2173.68
split_static_aci,0.8,2025-10-13,22,24,2167.94
split_static_aci,0.8,2025-10-14,19,24,2138.79
split_static_aci,0.8,2025-10-15,13,24,2127.14
split_static_aci,0.8,2025-10-16,17,24,2127.28
split_static_aci,0.8,2025-10-17,24,24,2165.5
split_static_aci,0.8,2025-10-18,24,24,2174.6
split_static_aci,0.8,2025-10-19,21,24,2147.01
split_static_aci,0.8,2025-10-20,20,24,2124.81
split_static_aci,0.8,2025-10-21,21,24,2116.06
split_static_aci,0.8,2025-10-22,21,24,2111.36
split_static_aci,0.8,2025-10-23,9,24,2105.16
split_static_aci,0.8,2025-10-24,19,24,2095.72
split_static_aci,0.8,2025-10-25,21,24,2143.65
split_static_aci,0.8,2025-10-26,14,24,2144.43
split_static_aci,0.8,2025-10-27,18,24,2134.98
split_static_aci,0.8,2025-10-28,18,24,2167.94
split_static_aci,0.8,2025-10-29,24,24,2170.62
split_static_aci,0.8,2025-10-30,14,24,2176.36
split_static_aci,0.8,2025-10-31,18,24,2151.13
split_static_aci,0.8,2025-11-01,16,24,2181.5
split_static_aci,0.8,2025-11-02,21,24,2187.89
split_static_aci,0.8,2025-11-03,17,24,2203.43
split_static_aci,0.8,2025-11-04,15,24,2193.37
split_static_aci,0.8,2025-11-05,17,24,2206.33
split_static_aci,0.8,2025-11-06,21,24,2228.55
split_static_aci,0.8,2025-11-07,19,24,2241.87
split_static_aci,0.8,2025-11-08,19,24,2231.93
split_static_aci,0.8,2025-11-09,23,24,2232.17
split_static_aci,0.8,2025-11-10,22,24,2233.78
split_static_aci,0.8,2025-11-11,12,24,2209.19
split_static_aci,0.8,2025-11-12,16,24,2198.74
split_static_aci,0.8,2025-11-13,16,24,2237.93
split_static_aci,0.8,2025-11-14,12,24,2256.4
split_static_aci,0.8,2025-11-15,18,24,2272.98
split_static_aci,0.8,2025-11-16,21,24,2311.26
split_static_aci,0.8,2025-11-17,11,24,2315.46
split_static_aci,0.8,2025-11-18,10,24,2309.68
split_static_aci,0.8,2025-11-19,3,24,2346.21
split_static_aci,0.8,2025-11-20,14,24,2394.57
split_static_aci,0.8,2025-11-21,0,24,2475
split_static_aci,0.8,2025-11-22,5,24,2500.04
split_static_aci,0.8,2025-11-23,11,24,2620.17
split_static_aci,0.8,2025-11-24,0,24,2716.02
split_static_aci,0.8,2025-11-25,9,24,2775.98
split_static_aci,0.8,2025-11-26,21,24,2917.87
split_static_aci,0.8,2025-11-27,12,24,3005.41
split_static_aci,0.8,2025-11-28,18,24,2993.67
split_static_aci,0.8,2025-11-29,8,24,3040.85
split_static_aci,0.8,2025-11-30,8,24,3046.02
split_static_aci,0.8,2025-12-01,6,24,3114.24
split_static_aci,0.8,2025-12-02,13,24,3187.37
split_static_aci,0.8,2025-12-03,3,24,3299.5
split_static_aci,0.8,2025-12-04,17,24,3347.88
split_static_aci,0.8,2025-12-05,10,24,3489.02
split_static_aci,0.8,2025-12-06,24,24,3503.09
split_static_aci,0.8,2025-12-07,22,24,3596.29
split_static_aci,0.8,2025-12-08,8,24,3558.37
split_static_aci,0.8,2025-12-09,20,24,3517.05
split_static_aci,0.8,2025-12-10,24,24,3626.4
split_static_aci,0.8,2025-12-11,24,24,3622.43
split_static_aci,0.8,2025-12-12,24,24,3581.05
split_static_aci,0.8,2025-12-13,24,24,3528.09
split_static_aci,0.8,2025-12-14,8,24,3487.74
split_static_aci,0.8,2025-12-15,16,24,3442.25
split_static_aci,0.8,2025-12-16,22,24,3551.13
split_static_aci,0.8,2025-12-17,23,24,3581.05
split_static_aci,0.8,2025-12-18,12,24,3558.37
split_static_aci,0.8,2025-12-19,21,24,3506.7
split_static_aci,0.8,2025-12-20,21,24,3584.77
split_static_aci,0.8,2025-12-21,24,24,3568.14
split_static_aci,0.8,2025-12-22,21,24,3555.19
split_static_aci,0.8,2025-12-23,12,24,3499.03
split_static_aci,0.8,2025-12-24,18,24,3487.74
split_static_aci,0.8,2025-12-25,13,24,3561.99
split_static_aci,0.8,2025-12-26,21,24,3568.14
split_static_aci,0.8,2025-12-27,1,24,3623.49
split_static_aci,0.8,2025-12-28,17,24,3609.24
split_static_aci,0.8,2025-12-29,20,24,3784.66
split_static_aci,0.8,2025-12-30,13,24,3807.06
split_static_aci,0.8,2025-12-31,9,24,3799.42
split_static_aci,0.8,2026-01-01,2,24,3871.8
split_static_aci,0.8,2026-01-02,19,24,4017.81
split_static_aci,0.8,2026-01-03,23,24,4212.24
split_static_aci,0.8,2026-01-04,22,24,4212.55
split_static_aci,0.8,2026-01-05,10,24,4165.98
split_static_aci,0.8,2026-01-06,23,24,4126.2
split_static_aci,0.8,2026-01-07,18,24,4234.53
split_static_aci,0.8,2026-01-08,11,24,4198.63
split_static_aci,0.8,2026-01-09,13,24,4212.55
split_static_aci,0.8,2026-01-10,24,24,4312.41
split_static_aci,0.8,2026-01-11,19,24,4404.95
split_static_aci,0.8,2026-01-12,22,24,4335.22
split_static_aci,0.8,2026-01-13,4,24,4340.11
split_static_aci,0.8,2026-01-14,0,24,4288.46
split_static_aci,0.8,2026-01-15,23,24,4537.25
split_static_aci,0.8,2026-01-16,12,24,4832.71
split_static_aci,0.8,2026-01-17,17,24,4760.11
split_static_aci,0.8,2026-01-18,23,24,4889.81
split_static_aci,0.8,2026-01-19,20,24,4930.69
split_static_aci,0.8,2026-01-20,7,24,4854.9
split_static_aci,0.8,2026-01-21,24,24,4839.13
split_static_aci,0.8,2026-01-22,23,24,5036.37
split_static_aci,0.8,2026-01-23,21,24,4962.32
split_static_aci,0.8,2026-01-24,24,24,4916.96
split_static_aci,0.8,2026-01-25,24,24,4883.48
split_static_aci,0.8,2026-01-26,24,24,4797.1
split_static_aci,0.8,2026-01-27,22,24,4714.64
split_static_aci,0.8,2026-01-28,15,24,4649.24
split_static_aci,0.8,2026-01-29,24,24,4610.68
split_static_aci,0.8,2026-01-30,24,24,4660.37
split_static_aci,0.8,2026-01-31,24,24,4597.82
split_static_aci,0.8,2026-02-01,24,24,4522.1
split_static_aci,0.8,2026-02-02,24,24,4451.16
split_static_aci,0.8,2026-02-03,21,24,4373.48
split_static_aci,0.8,2026-02-04,23,24,4288.8
split_static_aci,0.8,2026-02-05,20,24,4271.23
split_static_aci,0.8,2026-02-06,23,24,4230.38
split_static_aci,0.8,2026-02-07,24,24,4223.03
split_static_aci,0.8,2026-02-08,24,24,4173.24
split_static_aci,0.8,2026-02-09,24,24,4117.95
split_static_aci,0.8,2026-02-10,24,24,4059.16
split_static_aci,0.8,2026-02-11,24,24,4017.81
split_static_aci,0.8,2026-02-12,24,24,3939.85
split_static_aci,0.8,2026-02-13,16,24,3879.2
split_static_aci,0.8,2026-02-14,12,24,3819.8
split_static_aci,0.8,2026-02-15,0,24,3858.93
split_static_aci,0.8,2026-02-16,17,24,3943.79
split_static_aci,0.8,2026-02-17,14,24,4182.42
split_static_aci,0.8,2026-02-18,23,24,4212.55
split_static_aci,0.8,2026-02-19,20,24,4271.15
split_static_aci,0.8,2026-02-20,22,24,4227.46
split_static_aci,0.8,2026-02-21,12,24,4219.74
split_static_aci,0.8,2026-02-22,11,24,4182.42
split_static_aci,0.8,2026-02-23,21,24,4267.1
split_static_aci,0.8,2026-02-24,18,24,4386.73
split_static_aci,0.8,2026-02-25,21,24,4363.68
split_static_aci,0.8,2026-02-26,24,24,4382.78
split_static_aci,0.8,2026-02-27,24,24,4359.78
split_static_aci,0.8,2026-02-28,24,24,4278.99
split_static_aci,0.8,2026-03-01,21,24,4226.11
split_static_aci,0.8,2026-03-02,19,24,4170.44
split_static_aci,0.8,2026-03-03,24,24,4142.67
split_static_aci,0.8,2026-03-04,23,24,4144.02
split_static_aci,0.8,2026-03-05,16,24,4090.11
split_static_aci,0.8,2026-03-06,13,24,4048.46
split_static_aci,0.8,2026-03-07,21,24,4076.98
split_static_aci,0.8,2026-03-08,15,24,4157.2
split_static_aci,0.8,2026-03-09,23,24,4131.2
split_static_aci,0.8,2026-03-10,19,24,4183.07
split_static_aci,0.8,2026-03-11,19,24,4135.28
split_static_aci,0.8,2026-03-12,22,24,4140.68
split_static_aci,0.8,2026-03-13,24,24,4142.67
split_static_aci,0.8,2026-03-14,22,24,4113.64
split_static_aci,0.8,2026-03-15,9,24,4054.89
split_static_aci,0.8,2026-03-16,24,24,4037.08
split_static_aci,0.8,2026-03-17,23,24,4140.68
split_static_aci,0.8,2026-03-18,22,24,4077.79
split_static_aci,0.8,2026-03-19,24,24,4045.62
split_static_aci,0.8,2026-03-20,20,24,4021.8
split_static_aci,0.8,2026-03-21,23,24,3942.71
split_static_aci,0.8,2026-03-22,14,24,3937.25
split_static_aci,0.8,2026-03-23,17,24,3882.57
split_static_aci,0.8,2026-03-24,24,24,3944.01
split_static_aci,0.8,2026-03-25,16,24,3988.54
split_static_aci,0.8,2026-03-26,12,24,3925.8
split_static_aci,0.8,2026-03-27,16,24,3955.09
split_static_aci,0.8,2026-03-28,21,24,4050.7
split_static_aci,0.8,2026-03-29,17,23,4087.89
split_static_aci,0.8,2026-03-30,18,24,4063.42
split_static_aci,0.8,2026-03-31,17,24,4076.98
split_static_aci,0.8,2026-04-01,23,24,4096.49
split_static_aci,0.8,2026-04-02,24,24,4122.4
split_static_aci,0.8,2026-04-03,24,24,4075.61
split_static_aci,0.8,2026-04-04,11,24,4037.08
split_static_aci,0.8,2026-04-05,1,24,3955.09
split_static_aci,0.8,2026-04-06,18,24,4059.55
split_static_aci,0.8,2026-04-07,11,24,4277.19
split_static_aci,0.8,2026-04-08,12,24,4288.55
split_static_aci,0.8,2026-04-09,24,24,4417.77
split_static_aci,0.8,2026-04-10,24,24,4540.37
split_static_aci,0.8,2026-04-11,21,24,4458.79
split_static_aci,0.8,2026-04-12,13,24,4385.29
split_static_aci,0.8,2026-04-13,20,24,4360.97
split_static_aci,0.8,2026-04-14,23,24,4455.86
split_static_aci,0.8,2026-04-15,24,24,4437
split_static_aci,0.8,2026-04-16,23,24,4382.78
split_static_aci,0.8,2026-04-17,24,24,4305.82
split_static_aci,0.8,2026-04-18,23,24,4253.85
split_static_aci,0.8,2026-04-19,24,24,4202.67
split_static_aci,0.8,2026-04-20,20,24,4156.45
split_static_aci,0.8,2026-04-21,18,24,4096.49
split_static_aci,0.8,2026-04-22,24,24,4087.89
split_static_aci,0.8,2026-04-23,24,24,4101.73
split_static_aci,0.8,2026-04-24,24,24,4049.46
split_static_aci,0.8,2026-04-25,24,24,3993.62
split_static_aci,0.8,2026-04-26,24,24,3929.26
split_static_aci,0.8,2026-04-27,24,24,3866.53
split_static_aci,0.8,2026-04-28,24,24,3808.84
split_static_aci,0.8,2026-04-29,24,24,3761.85
split_static_aci,0.8,2026-04-30,24,24,3714.64
split_static_aci,0.8,2026-05-01,12,24,3657.72
split_static_aci,0.8,2026-05-02,23,24,3617.94
split_static_aci,0.8,2026-05-03,19,24,3692.42
split_static_aci,0.8,2026-05-04,23,24,3644.72
split_static_aci,0.8,2026-05-05,24,24,3647.27
split_static_aci,0.8,2026-05-06,23,24,3617.18
split_static_aci,0.8,2026-05-07,24,24,3578.89
split_static_aci,0.8,2026-05-08,22,24,3531.43
split_static_aci,0.8,2026-05-09,24,24,3491.08
split_static_aci,0.8,2026-05-10,24,24,3459.78
split_static_aci,0.8,2026-05-11,24,24,3429.72
split_static_aci,0.8,2026-05-12,21,24,3377.82
split_static_aci,0.8,2026-05-13,24,24,3336.53
split_static_aci,0.8,2026-05-14,21,24,3321.21
split_static_aci,0.8,2026-05-15,22,24,3291.23
split_static_aci,0.8,2026-05-16,24,24,3280.42
split_static_aci,0.8,2026-05-17,24,24,3260.54
split_static_aci,0.8,2026-05-18,12,24,3207.43
split_static_aci,0.8,2026-05-19,24,24,3172.29
split_static_aci,0.8,2026-05-20,24,24,3236.69
split_static_aci,0.8,2026-05-21,22,24,3187.78
split_static_aci,0.8,2026-05-22,6,24,3156.35
split_static_aci,0.8,2026-05-23,21,24,3133.56
split_static_aci,0.8,2026-05-24,19,24,3245.01
split_static_aci,0.8,2026-05-25,17,24,3223.81
split_static_aci,0.8,2026-05-26,22,24,3227.43
split_static_aci,0.8,2026-05-27,20,24,3252.22
split_static_aci,0.8,2026-05-28,22,24,3215.59
split_static_aci,0.8,2026-05-29,22,24,3207.55
split_static_aci,0.8,2026-05-30,24,24,3187.44
split_static_aci,0.8,2026-05-31,21,24,3168.76
split_static_aci,0.8,2026-06-01,16,24,3131.9
split_static_aci,0.8,2026-06-02,21,24,3119.48
split_static_aci,0.8,2026-06-03,24,24,3140.79
split_static_aci,0.8,2026-06-04,16,24,3129.89
split_static_aci,0.8,2026-06-05,24,24,3105.5
split_static_aci,0.8,2026-06-06,24,24,3118.47
split_static_aci,0.8,2026-06-07,24,24,3100.83
split_static_aci,0.8,2026-06-08,24,24,3070.46
split_static_aci,0.8,2026-06-09,23,24,3039.69
split_static_aci,0.8,2026-06-10,24,24,3007.98
split_static_aci,0.8,2026-06-11,24,24,2975.16
split_static_aci,0.8,2026-06-12,22,24,2932.75
split_static_aci,0.8,2026-06-13,24,24,2893.88
split_static_aci,0.8,2026-06-14,24,24,2863.59
split_static_aci,0.8,2026-06-15,24,24,2829.15
split_static_aci,0.8,2026-06-16,24,24,2800.85
split_static_aci,0.8,2026-06-17,21,24,2769.68
split_static_aci,0.8,2026-06-18,24,24,2735.86
split_static_aci,0.8,2026-06-19,21,24,2720.16
split_static_aci,0.8,2026-06-20,24,24,2689.7
split_static_aci,0.8,2026-06-21,13,24,2678.82
split_static_aci,0.8,2026-06-22,21,24,2648.13
split_static_aci,0.8,2026-06-23,24,24,2687.26
split_static_aci,0.8,2026-06-24,22,24,2676.96
split_static_aci,0.8,2026-06-25,19,24,2644.9
split_static_aci,0.8,2026-06-26,24,24,2620.17
split_static_aci,0.8,2026-06-27,24,24,2621.28
split_static_aci,0.8,2026-06-28,10,24,2598.62
split_static_aci,0.8,2026-06-29,6,24,2565.68
split_static_aci,0.8,2026-06-30,18,24,2620.17
split_static_aci,0.8,2026-07-01,11,24,2710.6
split_static_aci,0.8,2026-07-02,13,24,2716.47
split_static_aci,0.8,2026-07-03,19,24,2776.96
split_static_aci,0.8,2026-07-04,13,24,2811.99
split_static_aci,0.8,2026-07-05,18,24,2818.06
split_static_aci,0.8,2026-07-06,22,24,2861.49
split_static_aci,0.8,2026-07-07,23,24,2869.97
split_static_aci,0.8,2026-07-08,24,24,2848.44
split_static_aci,0.8,2026-07-09,22,24,2822.26
split_static_aci,0.8,2026-07-10,20,24,2789.92
split_static_aci,0.8,2026-07-11,24,24,2773.34
split_static_aci,0.8,2026-07-12,24,24,2769.68
split_static_aci,0.8,2026-07-13,19,24,2735.86
split_static_aci,0.8,2026-07-14,6,24,2699.48
split_static_aci,0.8,2026-07-15,18,24,2700.47
split_static_aci,0.8,2026-07-16,21,24,2792.43
split_static_aci,0.8,2026-07-17,18,24,2801.75
split_static_aci,0.8,2026-07-18,23,24,2788.97
split_static_aci,0.8,2026-07-19,24,24,2797.15
split_static_aci,0.8,2026-07-20,23,24,2772.61
split_static_aci,0.8,2026-07-21,15,24,2739.99
split_static_aci,0.8,2026-07-22,4,24,2712
split_static_aci,0.8,2026-07-23,24,24,2741.33
split_static_aci,0.8,2026-07-24,24,24,2840.84
split_static_aci,0.8,2026-07-25,18,24,2807.22
split_static_aci,0.8,2026-07-26,22,24,2784.22
split_static_aci,0.8,2026-07-27,21,24,2788.75
split_static_aci,0.8,2026-07-28,24,24,2770.62
split_static_aci,0.8,2026-07-29,8,24,2758.74
split_static_aci,0.8,2026-07-30,20,24,2720.78
split_static_aci,0.8,2026-07-31,19,24,2800.85
split_static_aci,0.8,2026-08-01,18,24,2793.11
split_static_aci,0.8,2026-08-02,19,24,2795.02
split_static_aci,0.8,2026-08-03,23,24,2804.69
split_static_aci,0.8,2026-08-04,24,24,2805.38
split_static_aci,0.8,2026-08-05,24,24,2784.22
split_static_aci,0.8,2026-08-06,24,24,2749
split_static_aci,0.8,2026-08-07,23,24,2712.68
split_static_aci,0.8,2026-08-08,20,24,2681.17
split_static_aci,0.8,2026-08-09,23,24,2658.41
split_static_aci,0.8,2026-08-10,23,24,2653.57
split_static_aci,0.8,2026-08-11,24,24,2621.28
split_static_aci,0.8,2026-08-12,21,24,2601.89
split_static_aci,0.8,2026-08-13,13,24,2571.44
split_static_aci,0.8,2026-08-14,16,24,2563.11
split_static_aci,0.8,2026-08-15,21,24,2599.77
split_static_aci,0.8,2026-08-16,24,24,2618.79
split_static_aci,0.8,2026-08-17,23,24,2608.01
split_static_aci,0.8,2026-08-18,24,24,2577.95
split_static_aci,0.8,2026-08-19,14,24,2555.57
split_static_aci,0.8,2026-08-20,18,24,2527.36
split_static_aci,0.8,2026-08-21,14,24,2557.25
split_static_aci,0.8,2026-08-22,12,24,2565.53
split_static_aci,0.8,2026-08-23,17,24,2599.21
split_static_aci,0.8,2026-08-24,16,24,2644.9
split_static_aci,0.8,2026-08-25,24,24,2660.16
split_static_aci,0.8,2026-08-26,24,24,2679.34
split_static_aci,0.8,2026-08-27,18,24,2648.44
split_static_aci,0.8,2026-08-28,14,24,2615.94
split_static_aci,0.8,2026-08-29,18,24,2620.17
split_static_aci,0.8,2026-08-30,21,24,2660.16
split_static_aci,0.8,2026-08-31,16,24,2669.28
split_static_aci,0.95,2022-04-01,10,24,8677.28
split_static_aci,0.95,2022-04-02,15,24,8532.2
split_static_aci,0.95,2022-04-03,24,24,11290.4
split_static_aci,0.95,2022-04-04,24,24,14883.9
split_static_aci,0.95,2022-04-05,24,24,13718.7
split_static_aci,0.95,2022-04-06,24,24,13114.9
split_static_aci,0.95,2022-04-07,24,24,12616.9
split_static_aci,0.95,2022-04-08,24,24,12082.3
split_static_aci,0.95,2022-04-09,24,24,11725.4
split_static_aci,0.95,2022-04-10,24,24,11367
split_static_aci,0.95,2022-04-11,24,24,11146
split_static_aci,0.95,2022-04-12,24,24,10809.3
split_static_aci,0.95,2022-04-13,24,24,10323.7
split_static_aci,0.95,2022-04-14,24,24,10105.5
split_static_aci,0.95,2022-04-15,24,24,9795.05
split_static_aci,0.95,2022-04-16,24,24,9584
split_static_aci,0.95,2022-04-17,24,24,9419.25
split_static_aci,0.95,2022-04-18,24,24,9153.14
split_static_aci,0.95,2022-04-19,24,24,8861.87
split_static_aci,0.95,2022-04-20,24,24,8698.07
split_static_aci,0.95,2022-04-21,24,24,8571.95
split_static_aci,0.95,2022-04-22,24,24,8478.95
split_static_aci,0.95,2022-04-23,24,24,8321.2
split_static_aci,0.95,2022-04-24,24,24,8216.69
split_static_aci,0.95,2022-04-25,19,24,8133.96
split_static_aci,0.95,2022-04-26,24,24,8020.07
split_static_aci,0.95,2022-04-27,24,24,8340.12
split_static_aci,0.95,2022-04-28,24,24,8245.97
split_static_aci,0.95,2022-04-29,24,24,8138.16
split_static_aci,0.95,2022-04-30,24,24,8027.82
split_static_aci,0.95,2022-05-01,24,24,7970.63
split_static_aci,0.95,2022-05-02,24,24,7850.19
split_static_aci,0.95,2022-05-03,24,24,7724.7
split_static_aci,0.95,2022-05-04,24,24,7625.97
split_static_aci,0.95,2022-05-05,24,24,7572.25
split_static_aci,0.95,2022-05-06,24,24,7539.11
split_static_aci,0.95,2022-05-07,24,24,7435.29
split_static_aci,0.95,2022-05-08,24,24,7324.75
split_static_aci,0.95,2022-05-09,24,24,7258.34
split_static_aci,0.95,2022-05-10,24,24,7153.97
split_static_aci,0.95,2022-05-11,24,24,7089.38
split_static_aci,0.95,2022-05-12,24,24,7071.53
split_static_aci,0.95,2022-05-13,24,24,6995.48
split_static_aci,0.95,2022-05-14,24,24,6945.92
split_static_aci,0.95,2022-05-15,24,24,6863.17
split_static_aci,0.95,2022-05-16,24,24,6785.41
split_static_aci,0.95,2022-05-17,24,24,6749.01
split_static_aci,0.95,2022-05-18,24,24,6700.3
split_static_aci,0.95,2022-05-19,24,24,6609.29
split_static_aci,0.95,2022-05-20,24,24,6563.24
split_static_aci,0.95,2022-05-21,24,24,6513.97
split_static_aci,0.95,2022-05-22,24,24,6497.33
split_static_aci,0.95,2022-05-23,24,24,6428.31
split_static_aci,0.95,2022-05-24,24,24,6371.5
split_static_aci,0.95,2022-05-25,24,24,6332.5
split_static_aci,0.95,2022-05-26,24,24,6271.45
split_static_aci,0.95,2022-05-27,24,24,6241.98
split_static_aci,0.95,2022-05-28,24,24,6201.64
split_static_aci,0.95,2022-05-29,24,24,6151.27
split_static_aci,0.95,2022-05-30,24,24,6109.37
split_static_aci,0.95,2022-05-31,24,24,6065.08
split_static_aci,0.95,2022-06-01,24,24,6025.53
split_static_aci,0.95,2022-06-02,24,24,5987.03
split_static_aci,0.95,2022-06-03,24,24,5965.21
split_static_aci,0.95,2022-06-04,24,24,5916.23
split_static_aci,0.95,2022-06-05,24,24,5883.36
split_static_aci,0.95,2022-06-06,24,24,5869.13
split_static_aci,0.95,2022-06-07,24,24,5828.87
split_static_aci,0.95,2022-06-08,24,24,5797.21
split_static_aci,0.95,2022-06-09,24,24,5775.35
split_static_aci,0.95,2022-06-10,24,24,5725.54
split_static_aci,0.95,2022-06-11,24,24,5709.72
split_static_aci,0.95,2022-06-12,24,24,5681.57
split_static_aci,0.95,2022-06-13,24,24,5634.8
split_static_aci,0.95,2022-06-14,24,24,5606.32
split_static_aci,0.95,2022-06-15,24,24,5584.2
split_static_aci,0.95,2022-06-16,24,24,5538.64
split_static_aci,0.95,2022-06-17,24,24,5511.38
split_static_aci,0.95,2022-06-18,24,24,5488.26
split_static_aci,0.95,2022-06-19,24,24,5455.93
split_static_aci,0.95,2022-06-20,24,24,5424.03
split_static_aci,0.95,2022-06-21,24,24,5407.34
split_static_aci,0.95,2022-06-22,24,24,5378.95
split_static_aci,0.95,2022-06-23,24,24,5342.82
split_static_aci,0.95,2022-06-24,24,24,5313.36
split_static_aci,0.95,2022-06-25,24,24,5296.41
split_static_aci,0.95,2022-06-26,24,24,5270.61
split_static_aci,0.95,2022-06-27,24,24,5240.6
split_static_aci,0.95,2022-06-28,24,24,5223.57
split_static_aci,0.95,2022-06-29,24,24,5204.73
split_static_aci,0.95,2022-06-30,24,24,5176.44
split_static_aci,0.95,2022-07-01,24,24,5153.54
split_static_aci,0.95,2022-07-02,24,24,5138.64
split_static_aci,0.95,2022-07-03,24,24,5115.39
split_static_aci,0.95,2022-07-04,24,24,5096.6
split_static_aci,0.95,2022-07-05,24,24,5070.73
split_static_aci,0.95,2022-07-06,24,24,5053.95
split_static_aci,0.95,2022-07-07,24,24,5025.7
split_static_aci,0.95,2022-07-08,24,24,5009.32
split_static_aci,0.95,2022-07-09,24,24,4990.91
split_static_aci,0.95,2022-07-10,24,24,4976.08
split_static_aci,0.95,2022-07-11,24,24,4957.11
split_static_aci,0.95,2022-07-12,24,24,4938.67
split_static_aci,0.95,2022-07-13,24,24,4930.39
split_static_aci,0.95,2022-07-14,24,24,4899.93
split_static_aci,0.95,2022-07-15,24,24,4886.56
split_static_aci,0.95,2022-07-16,24,24,4855.54
split_static_aci,0.95,2022-07-17,24,24,4837.06
split_static_aci,0.95,2022-07-18,24,24,4825.99
split_static_aci,0.95,2022-07-19,24,24,4806.15
split_static_aci,0.95,2022-07-20,24,24,4776.72
split_static_aci,0.95,2022-07-21,24,24,4754.61
split_static_aci,0.95,2022-07-22,24,24,4734.84
split_static_aci,0.95,2022-07-23,24,24,4721.04
split_static_aci,0.95,2022-07-24,24,24,4700.65
split_static_aci,0.95,2022-07-25,24,24,4679.53
split_static_aci,0.95,2022-07-26,24,24,4660.37
split_static_aci,0.95,2022-07-27,24,24,4650.91
split_static_aci,0.95,2022-07-28,24,24,4634.09
split_static_aci,0.95,2022-07-29,24,24,4620.67
split_static_aci,0.95,2022-07-30,24,24,4597.82
split_static_aci,0.95,2022-07-31,24,24,4583.61
split_static_aci,0.95,2022-08-01,24,24,4568.76
split_static_aci,0.95,2022-08-02,24,24,4543.26
split_static_aci,0.95,2022-08-03,24,24,4522.1
split_static_aci,0.95,2022-08-04,24,24,4500.57
split_static_aci,0.95,2022-08-05,24,24,4475.5
split_static_aci,0.95,2022-08-06,24,24,4460.91
split_static_aci,0.95,2022-08-07,24,24,4451.16
split_static_aci,0.95,2022-08-08,24,24,4423.77
split_static_aci,0.95,2022-08-09,24,24,4406.56
split_static_aci,0.95,2022-08-10,24,24,4387.36
split_static_aci,0.95,2022-08-11,24,24,4373.48
split_static_aci,0.95,2022-08-12,24,24,4359.78
split_static_aci,0.95,2022-08-13,24,24,4337.85
split_static_aci,0.95,2022-08-14,15,24,4316.68
split_static_aci,0.95,2022-08-15,24,24,4288.8
split_static_aci,0.95,2022-08-16,24,24,4417.34
split_static_aci,0.95,2022-08-17,24,24,4392.61
split_static_aci,0.95,2022-08-18,24,24,4384.96
split_static_aci,0.95,2022-08-19,24,24,4367.11
split_static_aci,0.95,2022-08-20,24,24,4346.68
split_static_aci,0.95,2022-08-21,24,24,4331.8
split_static_aci,0.95,2022-08-22,24,24,4307.62
split_static_aci,0.95,2022-08-23,24,24,4283.1
split_static_aci,0.95,2022-08-24,24,24,4274.79
split_static_aci,0.95,2022-08-25,24,24,4260.79
split_static_aci,0.95,2022-08-26,24,24,4242.36
split_static_aci,0.95,2022-08-27,24,24,4231.08
split_static_aci,0.95,2022-08-28,24,24,4219.88
split_static_aci,0.95,2022-08-29,24,24,4205.3
split_static_aci,0.95,2022-08-30,24,24,4188.13
split_static_aci,0.95,2022-08-31,24,24,4174.36
split_static_aci,0.95,2022-09-01,24,24,4163.07
split_static_aci,0.95,2022-09-02,24,24,4142.67
split_static_aci,0.95,2022-09-03,24,24,4126.2
split_static_aci,0.95,2022-09-04,24,24,4119.08
split_static_aci,0.95,2022-09-05,24,24,4101.73
split_static_aci,0.95,2022-09-06,24,24,4087.89
split_static_aci,0.95,2022-09-07,24,24,4069.78
split_static_aci,0.95,2022-09-08,24,24,4059.22
split_static_aci,0.95,2022-09-09,24,24,4049.46
split_static_aci,0.95,2022-09-10,24,24,4041.35
split_static_aci,0.95,2022-09-11,24,24,4032.09
split_static_aci,0.95,2022-09-12,24,24,4020.1
split_static_aci,0.95,2022-09-13,24,24,3993.62
split_static_aci,0.95,2022-09-14,24,24,3972.39
split_static_aci,0.95,2022-09-15,24,24,3949.38
split_static_aci,0.95,2022-09-16,24,24,3941.45
split_static_aci,0.95,2022-09-17,24,24,3929.26
split_static_aci,0.95,2022-09-18,24,24,3921.51
split_static_aci,0.95,2022-09-19,24,24,3900.44
split_static_aci,0.95,2022-09-20,24,24,3879.2
split_static_aci,0.95,2022-09-21,24,24,3866.53
split_static_aci,0.95,2022-09-22,24,24,3849.28
split_static_aci,0.95,2022-09-23,24,24,3832.19
split_static_aci,0.95,2022-09-24,24,24,3819.8
split_static_aci,0.95,2022-09-25,24,24,3808.84
split_static_aci,0.95,2022-09-26,24,24,3791.13
split_static_aci,0.95,2022-09-27,23,24,3784.17
split_static_aci,0.95,2022-09-28,24,24,3771.73
split_static_aci,0.95,2022-09-29,24,24,3770.62
split_static_aci,0.95,2022-09-30,24,24,3759.95
split_static_aci,0.95,2022-10-01,24,24,3749.45
split_static_aci,0.95,2022-10-02,23,24,3740.78
split_static_aci,0.95,2022-10-03,23,24,3729.21
split_static_aci,0.95,2022-10-04,24,24,3728
split_static_aci,0.95,2022-10-05,24,24,3726.71
split_static_aci,0.95,2022-10-06,24,24,3711.52
split_static_aci,0.95,2022-10-07,24,24,3698.69
split_static_aci,0.95,2022-10-08,24,24,3680.1
split_static_aci,0.95,2022-10-09,24,24,3664.28
split_static_aci,0.95,2022-10-10,24,24,3652.62
split_static_aci,0.95,2022-10-11,24,24,3644.02
split_static_aci,0.95,2022-10-12,24,24,3632.05
split_static_aci,0.95,2022-10-13,22,24,3624.73
split_static_aci,0.95,2022-10-14,24,24,3615.66
split_static_aci,0.95,2022-10-15,24,24,3620.92
split_static_aci,0.95,2022-10-16,24,24,3609.66
split_static_aci,0.95,2022-10-17,24,24,3600.11
split_static_aci,0.95,2022-10-18,24,24,3586.9
split_static_aci,0.95,2022-10-19,24,24,3580.04
split_static_aci,0.95,2022-10-20,24,24,3567.81
split_static_aci,0.95,2022-10-21,24,24,3561.48
split_static_aci,0.95,2022-10-22,24,24,3543.06
split_static_aci,0.95,2022-10-23,24,24,3527.53
split_static_aci,0.95,2022-10-24,24,24,3510.98
split_static_aci,0.95,2022-10-25,24,24,3502.84
split_static_aci,0.95,2022-10-26,24,24,3494.02
split_static_aci,0.95,2022-10-27,24,24,3487.08
split_static_aci,0.95,2022-10-28,24,24,3475.29
split_static_aci,0.95,2022-10-29,24,24,3459.55
split_static_aci,0.95,2022-10-30,22,24,3452.57
split_static_aci,0.95,2022-10-31,8,24,3440.28
split_static_aci,0.95,2022-11-01,23,24,3448.68
split_static_aci,0.95,2022-11-02,24,24,3586.9
split_static_aci,0.95,2022-11-03,17,24,3586.36
split_static_aci,0.95,2022-11-04,24,24,3579.19
split_static_aci,0.95,2022-11-05,21,24,3626.04
split_static_aci,0.95,2022-11-06,23,24,3617.18
split_static_aci,0.95,2022-11-07,23,24,3629.48
split_static_aci,0.95,2022-11-08,22,24,3627.63
split_static_aci,0.95,2022-11-09,14,24,3626.4
split_static_aci,0.95,2022-11-10,19,24,3634.62
split_static_aci,0.95,2022-11-11,24,24,3731.11
split_static_aci,0.95,2022-11-12,22,24,3761.94
split_static_aci,0.95,2022-11-13,24,24,3752.5
split_static_aci,0.95,2022-11-14,24,24,3759.95
split_static_aci,0.95,2022-11-15,22,24,3749.45
split_static_aci,0.95,2022-11-16,24,24,3740.78
split_static_aci,0.95,2022-11-17,24,24,3747.98
split_static_aci,0.95,2022-11-18,17,24,3738.41
split_static_aci,0.95,2022-11-19,16,24,3726.71
split_static_aci,0.95,2022-11-20,24,24,3779.99
split_static_aci,0.95,2022-11-21,23,24,3849.28
split_static_aci,0.95,2022-11-22,17,24,3832.19
split_static_aci,0.95,2022-11-23,21,24,3828.94
split_static_aci,0.95,2022-11-24,14,24,3918.64
split_static_aci,0.95,2022-11-25,21,24,3929.92
split_static_aci,0.95,2022-11-26,24,24,4045.31
split_static_aci,0.95,2022-11-27,24,24,4059.22
split_static_aci,0.95,2022-11-28,8,24,4049.46
split_static_aci,0.95,2022-11-29,18,24,4041.35
split_static_aci,0.95,2022-11-30,24,24,4212.24
split_static_aci,0.95,2022-12-01,22,24,4265.58
split_static_aci,0.95,2022-12-02,22,24,4246.36
split_static_aci,0.95,2022-12-03,22,24,4260.79
split_static_aci,0.95,2022-12-04,21,24,4267.1
split_static_aci,0.95,2022-12-05,20,24,4277.19
split_static_aci,0.95,2022-12-06,18,24,4302.85
split_static_aci,0.95,2022-12-07,21,24,4355.66
split_static_aci,0.95,2022-12-08,24,24,4422.58
split_static_aci,0.95,2022-12-09,9,24,4454.49
split_static_aci,0.95,2022-12-10,24,24,4428.46
split_static_aci,0.95,2022-12-11,19,24,4645.74
split_static_aci,0.95,2022-12-12,22,24,4628.99
split_static_aci,0.95,2022-12-13,23,24,4675.76
split_static_aci,0.95,2022-12-14,3,24,4685.68
split_static_aci,0.95,2022-12-15,1,24,4685.5
split_static_aci,0.95,2022-12-16,18,24,5005.66
split_static_aci,0.95,2022-12-17,24,24,5424.03
split_static_aci,0.95,2022-12-18,18,24,5538.64
split_static_aci,0.95,2022-12-19,2,24,5511.38
split_static_aci,0.95,2022-12-20,6,24,5634.8
split_static_aci,0.95,2022-12-21,24,24,6249.9
split_static_aci,0.95,2022-12-22,24,24,7023.73
split_static_aci,0.95,2022-12-23,22,24,6949.56
split_static_aci,0.95,2022-12-24,22,24,6879.74
split_static_aci,0.95,2022-12-25,24,24,6945.92
split_static_aci,0.95,2022-12-26,10,24,6974.04
split_static_aci,0.95,2022-12-27,5,24,6907.62
split_static_aci,0.95,2022-12-28,24,24,7658.02
split_static_aci,0.95,2022-12-29,24,24,9867.91
split_static_aci,0.95,2022-12-30,24,24,9636.73
split_static_aci,0.95,2022-12-31,24,24,9532.28
split_static_aci,0.95,2023-01-01,24,24,9305.78
split_static_aci,0.95,2023-01-02,24,24,8998.52
split_static_aci,0.95,2023-01-03,23,24,8752.83
split_static_aci,0.95,2023-01-04,24,24,8590.4
split_static_aci,0.95,2023-01-05,24,24,8579.1
split_static_aci,0.95,2023-01-06,24,24,8481.86
split_static_aci,0.95,2023-01-07,24,24,8340.12
split_static_aci,0.95,2023-01-08,20,24,8245.97
split_static_aci,0.95,2023-01-09,22,24,8138.16
split_static_aci,0.95,2023-01-10,24,24,8383.62
split_static_aci,0.95,2023-01-11,24,24,8481.86
split_static_aci,0.95,2023-01-12,24,24,8340.12
split_static_aci,0.95,2023-01-13,24,24,8245.97
split_static_aci,0.95,2023-01-14,24,24,8138.16
split_static_aci,0.95,2023-01-15,24,24,8027.82
split_static_aci,0.95,2023-01-16,24,24,7970.63
split_static_aci,0.95,2023-01-17,24,24,7850.19
split_static_aci,0.95,2023-01-18,24,24,7724.7
split_static_aci,0.95,2023-01-19,24,24,7625.97
split_static_aci,0.95,2023-01-20,24,24,7572.25
split_static_aci,0.95,2023-01-21,24,24,7539.11
split_static_aci,0.95,2023-01-22,17,24,7435.29
split_static_aci,0.95,2023-01-23,24,24,7324.75
split_static_aci,0.95,2023-01-24,23,24,7715.79
split_static_aci,0.95,2023-01-25,24,24,7618.27
split_static_aci,0.95,2023-01-26,24,24,7599.25
split_static_aci,0.95,2023-01-27,24,24,7556.62
split_static_aci,0.95,2023-01-28,24,24,7489.06
split_static_aci,0.95,2023-01-29,24,24,7411.63
split_static_aci,0.95,2023-01-30,22,24,7289.78
split_static_aci,0.95,2023-01-31,9,24,7221.15
split_static_aci,0.95,2023-02-01,11,24,7269.67
split_static_aci,0.95,2023-02-02,24,24,8321.2
split_static_aci,0.95,2023-02-03,24,24,10244.5
split_static_aci,0.95,2023-02-04,24,24,10078.3
split_static_aci,0.95,2023-02-05,24,24,9774.94
split_static_aci,0.95,2023-02-06,24,24,9565.5
split_static_aci,0.95,2023-02-07,24,24,9396.88
split_static_aci,0.95,2023-02-08,24,24,9144.65
split_static_aci,0.95,2023-02-09,24,24,8833.49
split_static_aci,0.95,2023-02-10,24,24,8661.87
split_static_aci,0.95,2023-02-11,24,24,8532.2
split_static_aci,0.95,2023-02-12,24,24,8441.75
split_static_aci,0.95,2023-02-13,24,24,8306.57
split_static_aci,0.95,2023-02-14,24,24,8197.96
split_static_aci,0.95,2023-02-15,24,24,8102.02
split_static_aci,0.95,2023-02-16,24,24,7993.38
split_static_aci,0.95,2023-02-17,24,24,7920.8
split_static_aci,0.95,2023-02-18,24,24,7790.79
split_static_aci,0.95,2023-02-19,24,24,7703.74
split_static_aci,0.95,2023-02-20,24,24,7599.25
split_static_aci,0.95,2023-02-21,22,24,7556.62
split_static_aci,0.95,2023-02-22,20,24,7489.06
split_static_aci,0.95,2023-02-23,15,24,7552.52
split_static_aci,0.95,2023-02-24,24,24,7703.74
split_static_aci,0.95,2023-02-25,24,24,8353.18
split_static_aci,0.95,2023-02-26,22,24,8258.97
split_static_aci,0.95,2023-02-27,15,24,8145.85
split_static_aci,0.95,2023-02-28,21,24,8216.69
split_static_aci,0.95,2023-03-01,24,24,9331.18
split_static_aci,0.95,2023-03-02,24,24,9584
split_static_aci,0.95,2023-03-03,24,24,9419.25
split_static_aci,0.95,2023-03-04,24,24,9153.14
split_static_aci,0.95,2023-03-05,24,24,8861.87
split_static_aci,0.95,2023-03-06,24,24,8698.07
split_static_aci,0.95,2023-03-07,21,24,8571.95
split_static_aci,0.95,2023-03-08,24,24,8478.95
split_static_aci,0.95,2023-03-09,24,24,8635.67
split_static_aci,0.95,2023-03-10,24,24,8500.16
split_static_aci,0.95,2023-03-11,24,24,8383.62
split_static_aci,0.95,2023-03-12,24,24,8279.44
split_static_aci,0.95,2023-03-13,24,24,8159.51
split_static_aci,0.95,2023-03-14,24,24,8078.41
split_static_aci,0.95,2023-03-15,24,24,7988.17
split_static_aci,0.95,2023-03-16,24,24,7898.19
split_static_aci,0.95,2023-03-17,20,24,7750.66
split_static_aci,0.95,2023-03-18,24,24,7658.02
split_static_aci,0.95,2023-03-19,24,24,7920.8
split_static_aci,0.95,2023-03-20,24,24,7790.79
split_static_aci,0.95,2023-03-21,22,24,7703.74
split_static_aci,0.95,2023-03-22,24,24,7599.25
split_static_aci,0.95,2023-03-23,24,24,7658.02
split_static_aci,0.95,2023-03-24,24,24,7576.05
split_static_aci,0.95,2023-03-25,24,24,7552.52
split_static_aci,0.95,2023-03-26,22,23,7476.19
split_static_aci,0.95,2023-03-27,24,24,7397
split_static_aci,0.95,2023-03-28,24,24,7345.75
split_static_aci,0.95,2023-03-29,24,24,7263.25
split_static_aci,0.95,2023-03-30,24,24,7166.06
split_static_aci,0.95,2023-03-31,24,24,7096.53
split_static_aci,0.95,2023-04-01,24,24,7076.17
split_static_aci,0.95,2023-04-02,24,24,7018.96
split_static_aci,0.95,2023-04-03,24,24,6947.26
split_static_aci,0.95,2023-04-04,24,24,6878.02
split_static_aci,0.95,2023-04-05,24,24,6801.19
split_static_aci,0.95,2023-04-06,24,24,6751.01
split_static_aci,0.95,2023-04-07,24,24,6725.55
split_static_aci,0.95,2023-04-08,24,24,6611.79
split_static_aci,0.95,2023-04-09,21,24,6567.7
split_static_aci,0.95,2023-04-10,22,24,6522.27
split_static_aci,0.95,2023-04-11,23,24,6580.71
split_static_aci,0.95,2023-04-12,15,24,6640.05
split_static_aci,0.95,2023-04-13,22,24,6611.79
split_static_aci,0.95,2023-04-14,24,24,7041.51
split_static_aci,0.95,2023-04-15,24,24,7079.23
split_static_aci,0.95,2023-04-16,22,24,7023.73
split_static_aci,0.95,2023-04-17,22,24,6949.56
split_static_aci,0.95,2023-04-18,24,24,6995.48
split_static_aci,0.95,2023-04-19,24,24,7041.51
split_static_aci,0.95,2023-04-20,24,24,6974.04
split_static_aci,0.95,2023-04-21,24,24,6907.62
split_static_aci,0.95,2023-04-22,24,24,6823.87
split_static_aci,0.95,2023-04-23,24,24,6768.6
split_static_aci,0.95,2023-04-24,24,24,6738.89
split_static_aci,0.95,2023-04-25,24,24,6668.33
split_static_aci,0.95,2023-04-26,24,24,6580.71
split_static_aci,0.95,2023-04-27,24,24,6555.52
split_static_aci,0.95,2023-04-28,24,24,6511.45
split_static_aci,0.95,2023-04-29,24,24,6472.23
split_static_aci,0.95,2023-04-30,24,24,6413.81
split_static_aci,0.95,2023-05-01,24,24,6353.13
split_static_aci,0.95,2023-05-02,24,24,6319.97
split_static_aci,0.95,2023-05-03,24,24,6260.92
split_static_aci,0.95,2023-05-04,24,24,6231.34
split_static_aci,0.95,2023-05-05,24,24,6187.6
split_static_aci,0.95,2023-05-06,24,24,6137.71
split_static_aci,0.95,2023-05-07,24,24,6098.91
split_static_aci,0.95,2023-05-08,20,24,6051.78
split_static_aci,0.95,2023-05-09,24,24,6019.96
split_static_aci,0.95,2023-05-10,24,24,6109.37
split_static_aci,0.95,2023-05-11,24,24,6065.08
split_static_aci,0.95,2023-05-12,24,24,6025.53
split_static_aci,0.95,2023-05-13,24,24,5997.71
split_static_aci,0.95,2023-05-14,24,24,5965.21
split_static_aci,0.95,2023-05-15,20,24,5916.23
split_static_aci,0.95,2023-05-16,24,24,5883.36
split_static_aci,0.95,2023-05-17,24,24,5971.61
split_static_aci,0.95,2023-05-18,23,24,5924.36
split_static_aci,0.95,2023-05-19,24,24,5894.08
split_static_aci,0.95,2023-05-20,24,24,5888.41
split_static_aci,0.95,2023-05-21,24,24,5870.57
split_static_aci,0.95,2023-05-22,24,24,5832
split_static_aci,0.95,2023-05-23,24,24,5809.84
split_static_aci,0.95,2023-05-24,24,24,5779.58
split_static_aci,0.95,2023-05-25,24,24,5756.18
split_static_aci,0.95,2023-05-26,24,24,5711.31
split_static_aci,0.95,2023-05-27,24,24,5690.23
split_static_aci,0.95,2023-05-28,24,24,5641.81
split_static_aci,0.95,2023-05-29,24,24,5612.51
split_static_aci,0.95,2023-05-30,24,24,5589.95
split_static_aci,0.95,2023-05-31,24,24,5546.11
split_static_aci,0.95,2023-06-01,24,24,5521.37
split_static_aci,0.95,2023-06-02,24,24,5489.42
split_static_aci,0.95,2023-06-03,24,24,5472.51
split_static_aci,0.95,2023-06-04,24,24,5427.62
split_static_aci,0.95,2023-06-05,24,24,5412.33
split_static_aci,0.95,2023-06-06,24,24,5384.58
split_static_aci,0.95,2023-06-07,24,24,5347.48
split_static_aci,0.95,2023-06-08,24,24,5323.85
split_static_aci,0.95,2023-06-09,24,24,5299.03
split_static_aci,0.95,2023-06-10,24,24,5272.5
split_static_aci,0.95,2023-06-11,24,24,5249.98
split_static_aci,0.95,2023-06-12,24,24,5223.97
split_static_aci,0.95,2023-06-13,24,24,5209.05
split_static_aci,0.95,2023-06-14,24,24,5182.13
split_static_aci,0.95,2023-06-15,24,24,5159.7
split_static_aci,0.95,2023-06-16,24,24,5141.8
split_static_aci,0.95,2023-06-17,24,24,5117.68
split_static_aci,0.95,2023-06-18,24,24,5099.23
split_static_aci,0.95,2023-06-19,24,24,5076.94
split_static_aci,0.95,2023-06-20,24,24,5054.99
split_static_aci,0.95,2023-06-21,24,24,5028.37
split_static_aci,0.95,2023-06-22,24,24,5016.13
split_static_aci,0.95,2023-06-23,24,24,4995.97
split_static_aci,0.95,2023-06-24,24,24,4976.44
split_static_aci,0.95,2023-06-25,24,24,4958.98
split_static_aci,0.95,2023-06-26,24,24,4941.4
split_static_aci,0.95,2023-06-27,24,24,4931.6
split_static_aci,0.95,2023-06-28,24,24,4914.59
split_static_aci,0.95,2023-06-29,24,24,4888.96
split_static_aci,0.95,2023-06-30,24,24,4865.21
split_static_aci,0.95,2023-07-01,24,24,4839
split_static_aci,0.95,2023-07-02,24,24,4831.32
split_static_aci,0.95,2023-07-03,24,24,4806.17
split_static_aci,0.95,2023-07-04,24,24,4779.2
split_static_aci,0.95,2023-07-05,24,24,4759.69
split_static_aci,0.95,2023-07-06,24,24,4738.82
split_static_aci,0.95,2023-07-07,24,24,4723.57
split_static_aci,0.95,2023-07-08,24,24,4702.32
split_static_aci,0.95,2023-07-09,24,24,4685.2
split_static_aci,0.95,2023-07-10,24,24,4662.07
split_static_aci,0.95,2023-07-11,24,24,4651.27
split_static_aci,0.95,2023-07-12,24,24,4639.45
split_static_aci,0.95,2023-07-13,20,24,4625.81
split_static_aci,0.95,2023-07-14,24,24,4607.77
split_static_aci,0.95,2023-07-15,24,24,4644.32
split_static_aci,0.95,2023-07-16,24,24,4628.69
split_static_aci,0.95,2023-07-17,24,24,4611.43
split_static_aci,0.95,2023-07-18,24,24,4591.49
split_static_aci,0.95,2023-07-19,24,24,4572.76
split_static_aci,0.95,2023-07-20,24,24,4562.98
split_static_aci,0.95,2023-07-21,24,24,4537.28
split_static_aci,0.95,2023-07-22,24,24,4514.58
split_static_aci,0.95,2023-07-23,24,24,4482.72
split_static_aci,0.95,2023-07-24,24,24,4473.23
split_static_aci,0.95,2023-07-25,22,24,4458.78
split_static_aci,0.95,2023-07-26,24,24,4436.71
split_static_aci,0.95,2023-07-27,24,24,4454.49
split_static_aci,0.95,2023-07-28,24,24,4428.46
split_static_aci,0.95,2023-07-29,24,24,4408.81
split_static_aci,0.95,2023-07-30,24,24,4389.65
split_static_aci,0.95,2023-07-31,24,24,4381
split_static_aci,0.95,2023-08-01,24,24,4360.97
split_static_aci,0.95,2023-08-02,23,24,4340.11
split_static_aci,0.95,2023-08-03,24,24,4320.95
split_static_aci,0.95,2023-08-04,24,24,4316.68
split_static_aci,0.95,2023-08-05,24,24,4288.8
split_static_aci,0.95,2023-08-06,24,24,4280.24
split_static_aci,0.95,2023-08-07,24,24,4267.09
split_static_aci,0.95,2023-08-08,24,24,4249.02
split_static_aci,0.95,2023-08-09,24,24,4234.18
split_static_aci,0.95,2023-08-10,24,24,4227.46
split_static_aci,0.95,2023-08-11,24,24,4213.43
split_static_aci,0.95,2023-08-12,24,24,4199.67
split_static_aci,0.95,2023-08-13,24,24,4181.21
split_static_aci,0.95,2023-08-14,24,24,4171.2
split_static_aci,0.95,2023-08-15,24,24,4153.7
split_static_aci,0.95,2023-08-16,24,24,4134.5
split_static_aci,0.95,2023-08-17,24,24,4122.4
split_static_aci,0.95,2023-08-18,24,24,4113.64
split_static_aci,0.95,2023-08-19,24,24,4095.28
split_static_aci,0.95,2023-08-20,24,24,4076.41
split_static_aci,0.95,2023-08-21,15,24,4063.49
split_static_aci,0.95,2023-08-22,11,24,4054.89
split_static_aci,0.95,2023-08-23,0,24,4142.67
split_static_aci,0.95,2023-08-24,24,24,4282.91
split_static_aci,0.95,2023-08-25,18,24,4640.1
split_static_aci,0.95,2023-08-26,19,24,4628.4
split_static_aci,0.95,2023-08-27,24,24,4685.5
split_static_aci,0.95,2023-08-28,20,24,4746.04
split_static_aci,0.95,2023-08-29,22,24,4730.46
split_static_aci,0.95,2023-08-30,24,24,4775.99
split_static_aci,0.95,2023-08-31,24,24,4790.94
split_static_aci,0.95,2023-09-01,24,24,4770.79
split_static_aci,0.95,2023-09-02,24,24,4746.04
split_static_aci,0.95,2023-09-03,24,24,4730.46
split_static_aci,0.95,2023-09-04,24,24,4711.21
split_static_aci,0.95,2023-09-05,24,24,4687
split_static_aci,0.95,2023-09-06,24,24,4669.82
split_static_aci,0.95,2023-09-07,24,24,4657.98
split_static_aci,0.95,2023-09-08,24,24,4644.32
split_static_aci,0.95,2023-09-09,24,24,4628.69
split_static_aci,0.95,2023-09-10,24,24,4611.43
split_static_aci,0.95,2023-09-11,24,24,4591.49
split_static_aci,0.95,2023-09-12,24,24,4572.76
split_static_aci,0.95,2023-09-13,24,24,4562.98
split_static_aci,0.95,2023-09-14,24,24,4537.28
split_static_aci,0.95,2023-09-15,24,24,4514.58
split_static_aci,0.95,2023-09-16,24,24,4482.72
split_static_aci,0.95,2023-09-17,24,24,4473.23
split_static_aci,0.95,2023-09-18,24,24,4458.78
split_static_aci,0.95,2023-09-19,24,24,4436.71
split_static_aci,0.95,2023-09-20,24,24,4417.34
split_static_aci,0.95,2023-09-21,24,24,4396.1
split_static_aci,0.95,2023-09-22,24,24,4384.96
split_static_aci,0.95,2023-09-23,24,24,4367.11
split_static_aci,0.95,2023-09-24,24,24,4346.68
split_static_aci,0.95,2023-09-25,24,24,4333.18
split_static_aci,0.95,2023-09-26,24,24,4307.62
split_static_aci,0.95,2023-09-27,24,24,4283.1
split_static_aci,0.95,2023-09-28,24,24,4274.79
split_static_aci,0.95,2023-09-29,24,24,4264.34
split_static_aci,0.95,2023-09-30,24,24,4242.51
split_static_aci,0.95,2023-10-01,24,24,4231.08
split_static_aci,0.95,2023-10-02,24,24,4219.88
split_static_aci,0.95,2023-10-03,24,24,4205.91
split_static_aci,0.95,2023-10-04,24,24,4192.41
split_static_aci,0.95,2023-10-05,24,24,4174.36
split_static_aci,0.95,2023-10-06,24,24,4163.07
split_static_aci,0.95,2023-10-07,24,24,4142.67
split_static_aci,0.95,2023-10-08,24,24,4128.09
split_static_aci,0.95,2023-10-09,24,24,4119.08
split_static_aci,0.95,2023-10-10,24,24,4101.73
split_static_aci,0.95,2023-10-11,24,24,4087.89
split_static_aci,0.95,2023-10-12,24,24,4070.9
split_static_aci,0.95,2023-10-13,24,24,4059.22
split_static_aci,0.95,2023-10-14,24,24,4049.46
split_static_aci,0.95,2023-10-15,24,24,4041.35
split_static_aci,0.95,2023-10-16,24,24,4036.35
split_static_aci,0.95,2023-10-17,24,24,4020.1
split_static_aci,0.95,2023-10-18,24,24,3993.62
split_static_aci,0.95,2023-10-19,24,24,3972.39
split_static_aci,0.95,2023-10-20,24,24,3952.32
split_static_aci,0.95,2023-10-21,24,24,3941.45
split_static_aci,0.95,2023-10-22,24,24,3929.26
split_static_aci,0.95,2023-10-23,24,24,3921.51
split_static_aci,0.95,2023-10-24,18,24,3903.15
split_static_aci,0.95,2023-10-25,20,24,3880.56
split_static_aci,0.95,2023-10-26,22,24,3941.45
split_static_aci,0.95,2023-10-27,24,24,3981.7
split_static_aci,0.95,2023-10-28,24,24,3993.62
split_static_aci,0.95,2023-10-29,23,24,3972.39
split_static_aci,0.95,2023-10-30,21,24,3952.32
split_static_aci,0.95,2023-10-31,21,24,3945.48
split_static_aci,0.95,2023-11-01,23,24,3981.7
split_static_aci,0.95,2023-11-02,23,24,4014.4
split_static_aci,0.95,2023-11-03,24,24,4011.87
split_static_aci,0.95,2023-11-04,24,24,4011.17
split_static_aci,0.95,2023-11-05,24,24,3988.54
split_static_aci,0.95,2023-11-06,22,24,3960.86
split_static_aci,0.95,2023-11-07,21,24,3943.27
split_static_aci,0.95,2023-11-08,8,24,3953.09
split_static_aci,0.95,2023-11-09,23,24,3989.07
split_static_aci,0.95,2023-11-10,24,24,4163.07
split_static_aci,0.95,2023-11-11,10,24,4162.18
split_static_aci,0.95,2023-11-12,23,24,4142.59
split_static_aci,0.95,2023-11-13,21,24,4288.8
split_static_aci,0.95,2023-11-14,24,24,4288.55
split_static_aci,0.95,2023-11-15,22,24,4327.09
split_static_aci,0.95,2023-11-16,24,24,4302.85
split_static_aci,0.95,2023-11-17,15,24,4316.68
split_static_aci,0.95,2023-11-18,24,24,4288.8
split_static_aci,0.95,2023-11-19,19,24,4417.34
split_static_aci,0.95,2023-11-20,24,24,4396.1
split_static_aci,0.95,2023-11-21,24,24,4458.79
split_static_aci,0.95,2023-11-22,24,24,4439.74
split_static_aci,0.95,2023-11-23,20,24,4422.58
split_static_aci,0.95,2023-11-24,24,24,4402.36
split_static_aci,0.95,2023-11-25,23,24,4453.67
split_static_aci,0.95,2023-11-26,18,24,4425.86
split_static_aci,0.95,2023-11-27,23,24,4422.81
split_static_aci,0.95,2023-11-28,20,24,4491.24
split_static_aci,0.95,2023-11-29,22,24,4486.78
split_static_aci,0.95,2023-11-30,13,24,4543.26
split_static_aci,0.95,2023-12-01,16,24,4566.1
split_static_aci,0.95,2023-12-02,18,24,4695.05
split_static_aci,0.95,2023-12-03,19,24,4815.63
split_static_aci,0.95,2023-12-04,24,24,4892.12
split_static_aci,0.95,2023-12-05,24,24,4949.75
split_static_aci,0.95,2023-12-06,22,24,4935.32
split_static_aci,0.95,2023-12-07,5,24,4926.64
split_static_aci,0.95,2023-12-08,21,24,4931.63
split_static_aci,0.95,2023-12-09,23,24,5223.97
split_static_aci,0.95,2023-12-10,24,24,5259.04
split_static_aci,0.95,2023-12-11,24,24,5257.4
split_static_aci,0.95,2023-12-12,24,24,5235.25
split_static_aci,0.95,2023-12-13,20,24,5214.53
split_static_aci,0.95,2023-12-14,24,24,5194.54
split_static_aci,0.95,2023-12-15,24,24,5239.32
split_static_aci,0.95,2023-12-16,19,24,5219.11
split_static_aci,0.95,2023-12-17,5,24,5203.29
split_static_aci,0.95,2023-12-18,1,24,5270.61
split_static_aci,0.95,2023-12-19,20,24,5707.2
split_static_aci,0.95,2023-12-20,24,24,6390.12
split_static_aci,0.95,2023-12-21,24,24,6506.04
split_static_aci,0.95,2023-12-22,21,24,6458.47
split_static_aci,0.95,2023-12-23,24,24,6403.99
split_static_aci,0.95,2023-12-24,21,24,6492.54
split_static_aci,0.95,2023-12-25,24,24,6425.04
split_static_aci,0.95,2023-12-26,21,24,6506.04
split_static_aci,0.95,2023-12-27,24,24,6458.47
split_static_aci,0.95,2023-12-28,24,24,6512.47
split_static_aci,0.95,2023-12-29,24,24,6492.54
split_static_aci,0.95,2023-12-30,24,24,6425.04
split_static_aci,0.95,2023-12-31,24,24,6360.61
split_static_aci,0.95,2024-01-01,22,24,6324.95
split_static_aci,0.95,2024-01-02,19,24,6270.65
split_static_aci,0.95,2024-01-03,24,24,6311.39
split_static_aci,0.95,2024-01-04,24,24,6472.23
split_static_aci,0.95,2024-01-05,24,24,6413.81
split_static_aci,0.95,2024-01-06,22,24,6353.13
split_static_aci,0.95,2024-01-07,23,24,6319.97
split_static_aci,0.95,2024-01-08,7,24,6348.55
split_static_aci,0.95,2024-01-09,0,24,6339.52
split_static_aci,0.95,2024-01-10,24,24,7079.23
split_static_aci,0.95,2024-01-11,24,24,9082.27
split_static_aci,0.95,2024-01-12,24,24,8781.16
split_static_aci,0.95,2024-01-13,24,24,8637.26
split_static_aci,0.95,2024-01-14,24,24,8509.25
split_static_aci,0.95,2024-01-15,15,24,8383.62
split_static_aci,0.95,2024-01-16,17,24,8279.44
split_static_aci,0.95,2024-01-17,12,24,9419.25
split_static_aci,0.95,2024-01-18,24,24,10785.9
split_static_aci,0.95,2024-01-19,24,24,17467.5
split_static_aci,0.95,2024-01-20,24,24,14702.7
split_static_aci,0.95,2024-01-21,24,24,13716.8
split_static_aci,0.95,2024-01-22,24,24,12957
split_static_aci,0.95,2024-01-23,24,24,12398.2
split_static_aci,0.95,2024-01-24,24,24,12076.3
split_static_aci,0.95,2024-01-25,24,24,11664.7
split_static_aci,0.95,2024-01-26,24,24,11341.2
split_static_aci,0.95,2024-01-27,24,24,11102.2
split_static_aci,0.95,2024-01-28,24,24,10785.9
split_static_aci,0.95,2024-01-29,24,24,10282
split_static_aci,0.95,2024-01-30,24,24,10078.3
split_static_aci,0.95,2024-01-31,24,24,9774.94
split_static_aci,0.95,2024-02-01,24,24,9565.5
split_static_aci,0.95,2024-02-02,24,24,9417.18
split_static_aci,0.95,2024-02-03,24,24,9144.65
split_static_aci,0.95,2024-02-04,24,24,8833.49
split_static_aci,0.95,2024-02-05,14,24,8661.87
split_static_aci,0.95,2024-02-06,24,24,8547.98
split_static_aci,0.95,2024-02-07,24,24,10133.5
split_static_aci,0.95,2024-02-08,24,24,9856.05
split_static_aci,0.95,2024-02-09,24,24,9606.27
split_static_aci,0.95,2024-02-10,24,24,9495.59
split_static_aci,0.95,2024-02-11,24,24,9269.76
split_static_aci,0.95,2024-02-12,24,24,8972.6
split_static_aci,0.95,2024-02-13,24,24,8729.84
split_static_aci,0.95,2024-02-14,24,24,8579.29
split_static_aci,0.95,2024-02-15,24,24,8481.86
split_static_aci,0.95,2024-02-16,24,24,8340.12
split_static_aci,0.95,2024-02-17,24,24,8245.97
split_static_aci,0.95,2024-02-18,24,24,8143.82
split_static_aci,0.95,2024-02-19,24,24,8073.69
split_static_aci,0.95,2024-02-20,24,24,7970.63
split_static_aci,0.95,2024-02-21,24,24,7850.19
split_static_aci,0.95,2024-02-22,22,24,7738
split_static_aci,0.95,2024-02-23,24,24,7629.48
split_static_aci,0.95,2024-02-24,24,24,7714.26
split_static_aci,0.95,2024-02-25,24,24,7599.25
split_static_aci,0.95,2024-02-26,24,24,7556.62
split_static_aci,0.95,2024-02-27,24,24,7489.06
split_static_aci,0.95,2024-02-28,24,24,7420.32
split_static_aci,0.95,2024-02-29,18,24,7321.51
split_static_aci,0.95,2024-03-01,24,24,7221.15
split_static_aci,0.95,2024-03-02,24,24,7556.62
split_static_aci,0.95,2024-03-03,24,24,7489.06
split_static_aci,0.95,2024-03-04,24,24,7420.32
split_static_aci,0.95,2024-03-05,19,24,7321.51
split_static_aci,0.95,2024-03-06,24,24,7221.15
split_static_aci,0.95,2024-03-07,24,24,7503.71
split_static_aci,0.95,2024-03-08,24,24,7434.64
split_static_aci,0.95,2024-03-09,24,24,7323.53
split_static_aci,0.95,2024-03-10,24,24,7221.21
split_static_aci,0.95,2024-03-11,24,24,7150.84
split_static_aci,0.95,2024-03-12,24,24,7088.86
split_static_aci,0.95,2024-03-13,24,24,7053.37
split_static_aci,0.95,2024-03-14,24,24,6985.44
split_static_aci,0.95,2024-03-15,24,24,6933.73
split_static_aci,0.95,2024-03-16,24,24,6849.95
split_static_aci,0.95,2024-03-17,24,24,6769.49
split_static_aci,0.95,2024-03-18,24,24,6743.78
split_static_aci,0.95,2024-03-19,20,24,6696.07
split_static_aci,0.95,2024-03-20,24,24,6599.16
split_static_aci,0.95,2024-03-21,24,24,6751.01
split_static_aci,0.95,2024-03-22,24,24,6725.55
split_static_aci,0.95,2024-03-23,24,24,6611.79
split_static_aci,0.95,2024-03-24,24,24,6567.7
split_static_aci,0.95,2024-03-25,24,24,6522.27
split_static_aci,0.95,2024-03-26,16,24,6502.73
split_static_aci,0.95,2024-03-27,12,24,6444.26
split_static_aci,0.95,2024-03-28,18,24,6743.78
split_static_aci,0.95,2024-03-29,24,24,7323.53
split_static_aci,0.95,2024-03-30,24,24,7618.27
split_static_aci,0.95,2024-03-31,23,23,7565.61
split_static_aci,0.95,2024-04-01,24,24,7503.71
split_static_aci,0.95,2024-04-02,24,24,7434.64
split_static_aci,0.95,2024-04-03,24,24,7323.53
split_static_aci,0.95,2024-04-04,24,24,7221.21
split_static_aci,0.95,2024-04-05,24,24,7150.84
split_static_aci,0.95,2024-04-06,24,24,7088.86
split_static_aci,0.95,2024-04-07,24,24,7053.37
split_static_aci,0.95,2024-04-08,24,24,6985.44
split_static_aci,0.95,2024-04-09,15,24,6933.73
split_static_aci,0.95,2024-04-10,24,24,6849.95
split_static_aci,0.95,2024-04-11,24,24,7269.67
split_static_aci,0.95,2024-04-12,24,24,7181.47
split_static_aci,0.95,2024-04-13,24,24,7099.86
split_static_aci,0.95,2024-04-14,24,24,7079.23
split_static_aci,0.95,2024-04-15,24,24,7023.73
split_static_aci,0.95,2024-04-16,24,24,6949.56
split_static_aci,0.95,2024-04-17,21,24,6879.74
split_static_aci,0.95,2024-04-18,24,24,6816.47
split_static_aci,0.95,2024-04-19,24,24,6933.73
split_static_aci,0.95,2024-04-20,24,24,6849.95
split_static_aci,0.95,2024-04-21,24,24,6769.49
split_static_aci,0.95,2024-04-22,24,24,6743.78
split_static_aci,0.95,2024-04-23,24,24,6696.07
split_static_aci,0.95,2024-04-24,24,24,6599.16
split_static_aci,0.95,2024-04-25,24,24,6556.25
split_static_aci,0.95,2024-04-26,24,24,6512.47
split_static_aci,0.95,2024-04-27,19,24,6492.54
split_static_aci,0.95,2024-04-28,14,24,6425.04
split_static_aci,0.95,2024-04-29,24,24,6567.62
split_static_aci,0.95,2024-04-30,24,24,7023.73
split_static_aci,0.95,2024-05-01,24,24,6949.56
split_static_aci,0.95,2024-05-02,24,24,6879.74
split_static_aci,0.95,2024-05-03,23,24,6816.47
split_static_aci,0.95,2024-05-04,24,24,6753.74
split_static_aci,0.95,2024-05-05,24,24,6751.01
split_static_aci,0.95,2024-05-06,24,24,6725.55
split_static_aci,0.95,2024-05-07,24,24,6611.79
split_static_aci,0.95,2024-05-08,24,24,6567.7
split_static_aci,0.95,2024-05-09,24,24,6522.27
split_static_aci,0.95,2024-05-10,23,24,6502.73
split_static_aci,0.95,2024-05-11,24,24,6444.26
split_static_aci,0.95,2024-05-12,24,24,6428.31
split_static_aci,0.95,2024-05-13,24,24,6390.12
split_static_aci,0.95,2024-05-14,24,24,6336.23
split_static_aci,0.95,2024-05-15,17,24,6271.45
split_static_aci,0.95,2024-05-16,24,24,6241.98
split_static_aci,0.95,2024-05-17,24,24,6492.54
split_static_aci,0.95,2024-05-18,24,24,6425.04
split_static_aci,0.95,2024-05-19,24,24,6360.61
split_static_aci,0.95,2024-05-20,24,24,6324.95
split_static_aci,0.95,2024-05-21,24,24,6270.65
split_static_aci,0.95,2024-05-22,24,24,6241.93
split_static_aci,0.95,2024-05-23,24,24,6197.06
split_static_aci,0.95,2024-05-24,24,24,6148.21
split_static_aci,0.95,2024-05-25,24,24,6107.03
split_static_aci,0.95,2024-05-26,24,24,6062.06
split_static_aci,0.95,2024-05-27,24,24,6024.58
split_static_aci,0.95,2024-05-28,24,24,5985.4
split_static_aci,0.95,2024-05-29,24,24,5958.01
split_static_aci,0.95,2024-05-30,24,24,5912.19
split_static_aci,0.95,2024-05-31,24,24,5882.66
split_static_aci,0.95,2024-06-01,24,24,5868.25
split_static_aci,0.95,2024-06-02,24,24,5821.22
split_static_aci,0.95,2024-06-03,24,24,5796.03
split_static_aci,0.95,2024-06-04,24,24,5773.62
split_static_aci,0.95,2024-06-05,24,24,5724.74
split_static_aci,0.95,2024-06-06,24,24,5707.2
split_static_aci,0.95,2024-06-07,24,24,5676.39
split_static_aci,0.95,2024-06-08,24,24,5633.16
split_static_aci,0.95,2024-06-09,24,24,5604.9
split_static_aci,0.95,2024-06-10,24,24,5573.97
split_static_aci,0.95,2024-06-11,24,24,5538.25
split_static_aci,0.95,2024-06-12,24,24,5508.05
split_static_aci,0.95,2024-06-13,24,24,5487.39
split_static_aci,0.95,2024-06-14,24,24,5450.14
split_static_aci,0.95,2024-06-15,24,24,5421.26
split_static_aci,0.95,2024-06-16,24,24,5404.63
split_static_aci,0.95,2024-06-17,24,24,5378.09
split_static_aci,0.95,2024-06-18,24,24,5340.56
split_static_aci,0.95,2024-06-19,24,24,5311.89
split_static_aci,0.95,2024-06-20,24,24,5294.8
split_static_aci,0.95,2024-06-21,24,24,5263.92
split_static_aci,0.95,2024-06-22,24,24,5239.32
split_static_aci,0.95,2024-06-23,24,24,5219.11
split_static_aci,0.95,2024-06-24,24,24,5203.29
split_static_aci,0.95,2024-06-25,24,24,5175.06
split_static_aci,0.95,2024-06-26,24,24,5153.1
split_static_aci,0.95,2024-06-27,24,24,5135.79
split_static_aci,0.95,2024-06-28,24,24,5111.67
split_static_aci,0.95,2024-06-29,24,24,5092.45
split_static_aci,0.95,2024-06-30,24,24,5065.95
split_static_aci,0.95,2024-07-01,24,24,5043.88
split_static_aci,0.95,2024-07-02,24,24,5025.25
split_static_aci,0.95,2024-07-03,24,24,5005.66
split_static_aci,0.95,2024-07-04,24,24,4986.82
split_static_aci,0.95,2024-07-05,24,24,4969.67
split_static_aci,0.95,2024-07-06,24,24,4949.97
split_static_aci,0.95,2024-07-07,24,24,4936.15
split_static_aci,0.95,2024-07-08,24,24,4926.91
split_static_aci,0.95,2024-07-09,24,24,4897.9
split_static_aci,0.95,2024-07-10,24,24,4886.41
split_static_aci,0.95,2024-07-11,24,24,4854.9
split_static_aci,0.95,2024-07-12,24,24,4836.41
split_static_aci,0.95,2024-07-13,24,24,4825.22
split_static_aci,0.95,2024-07-14,24,24,4803.22
split_static_aci,0.95,2024-07-15,24,24,4775.99
split_static_aci,0.95,2024-07-16,24,24,4753.98
split_static_aci,0.95,2024-07-17,24,24,4734.37
split_static_aci,0.95,2024-07-18,24,24,4714.64
split_static_aci,0.95,2024-07-19,24,24,4695.05
split_static_aci,0.95,2024-07-20,24,24,4675.76
split_static_aci,0.95,2024-07-21,24,24,4659.67
split_static_aci,0.95,2024-07-22,24,24,4649.24
split_static_aci,0.95,2024-07-23,24,24,4632.64
split_static_aci,0.95,2024-07-24,24,24,4619.26
split_static_aci,0.95,2024-07-25,24,24,4596.35
split_static_aci,0.95,2024-07-26,24,24,4575.73
split_static_aci,0.95,2024-07-27,24,24,4566.76
split_static_aci,0.95,2024-07-28,24,24,4541.32
split_static_aci,0.95,2024-07-29,24,24,4522.02
split_static_aci,0.95,2024-07-30,24,24,4491.24
split_static_aci,0.95,2024-07-31,24,24,4475.38
split_static_aci,0.95,2024-08-01,24,24,4460.22
split_static_aci,0.95,2024-08-02,24,24,4445.56
split_static_aci,0.95,2024-08-03,24,24,4422.81
split_static_aci,0.95,2024-08-04,24,24,4404.95
split_static_aci,0.95,2024-08-05,24,24,4386.73
split_static_aci,0.95,2024-08-06,24,24,4371.58
split_static_aci,0.95,2024-08-07,24,24,4358.69
split_static_aci,0.95,2024-08-08,24,24,4335.22
split_static_aci,0.95,2024-08-09,24,24,4316.44
split_static_aci,0.95,2024-08-10,24,24,4288.55
split_static_aci,0.95,2024-08-11,24,24,4277.19
split_static_aci,0.95,2024-08-12,24,24,4265.58
split_static_aci,0.95,2024-08-13,24,24,4248.06
split_static_aci,0.95,2024-08-14,23,24,4233.75
split_static_aci,0.95,2024-08-15,24,24,4225.24
split_static_aci,0.95,2024-08-16,24,24,4225.22
split_static_aci,0.95,2024-08-17,22,24,4208.95
split_static_aci,0.95,2024-08-18,21,24,4192.53
split_static_aci,0.95,2024-08-19,23,24,4202.67
split_static_aci,0.95,2024-08-20,24,24,4225.24
split_static_aci,0.95,2024-08-21,24,24,4225.22
split_static_aci,0.95,2024-08-22,24,24,4208.95
split_static_aci,0.95,2024-08-23,24,24,4192.53
split_static_aci,0.95,2024-08-24,24,24,4178.19
split_static_aci,0.95,2024-08-25,24,24,4165.98
split_static_aci,0.95,2024-08-26,24,24,4144.31
split_static_aci,0.95,2024-08-27,24,24,4128.45
split_static_aci,0.95,2024-08-28,24,24,4119.3
split_static_aci,0.95,2024-08-29,24,24,4106.69
split_static_aci,0.95,2024-08-30,24,24,4091.01
split_static_aci,0.95,2024-08-31,24,24,4073.31
split_static_aci,0.95,2024-09-01,22,24,4059.55
split_static_aci,0.95,2024-09-02,24,24,4050.7
split_static_aci,0.95,2024-09-03,24,24,4056.88
split_static_aci,0.95,2024-09-04,24,24,4048.46
split_static_aci,0.95,2024-09-05,24,24,4040.54
split_static_aci,0.95,2024-09-06,24,24,4031.11
split_static_aci,0.95,2024-09-07,24,24,4014.4
split_static_aci,0.95,2024-09-08,24,24,3992.36
split_static_aci,0.95,2024-09-09,24,24,3972.28
split_static_aci,0.95,2024-09-10,24,24,3945.48
split_static_aci,0.95,2024-09-11,24,24,3939.36
split_static_aci,0.95,2024-09-12,24,24,3928.82
split_static_aci,0.95,2024-09-13,24,24,3921.02
split_static_aci,0.95,2024-09-14,24,24,3898.64
split_static_aci,0.95,2024-09-15,24,24,3875.07
split_static_aci,0.95,2024-09-16,24,24,3865.86
split_static_aci,0.95,2024-09-17,24,24,3848.95
split_static_aci,0.95,2024-09-18,24,24,3828.94
split_static_aci,0.95,2024-09-19,24,24,3819.79
split_static_aci,0.95,2024-09-20,24,24,3807.06
split_static_aci,0.95,2024-09-21,24,24,3791.01
split_static_aci,0.95,2024-09-22,22,24,3781.43
split_static_aci,0.95,2024-09-23,24,24,3770.62
split_static_aci,0.95,2024-09-24,24,24,3780.91
split_static_aci,0.95,2024-09-25,24,24,3765.47
split_static_aci,0.95,2024-09-26,21,24,3757.74
split_static_aci,0.95,2024-09-27,24,24,3747.98
split_static_aci,0.95,2024-09-28,24,24,3761.85
split_static_aci,0.95,2024-09-29,24,24,3750.29
split_static_aci,0.95,2024-09-30,24,24,3741.36
split_static_aci,0.95,2024-10-01,22,24,3733.56
split_static_aci,0.95,2024-10-02,24,24,3720.28
split_static_aci,0.95,2024-10-03,24,24,3728.62
split_static_aci,0.95,2024-10-04,22,24,3713.1
split_static_aci,0.95,2024-10-05,24,24,3699.26
split_static_aci,0.95,2024-10-06,24,24,3710.47
split_static_aci,0.95,2024-10-07,24,24,3694.66
split_static_aci,0.95,2024-10-08,24,24,3678.61
split_static_aci,0.95,2024-10-09,24,24,3663.51
split_static_aci,0.95,2024-10-10,24,24,3649.8
split_static_aci,0.95,2024-10-11,24,24,3643.87
split_static_aci,0.95,2024-10-12,21,24,3631.46
split_static_aci,0.95,2024-10-13,24,24,3623.49
split_static_aci,0.95,2024-10-14,24,24,3637.49
split_static_aci,0.95,2024-10-15,24,24,3626.04
split_static_aci,0.95,2024-10-16,24,24,3617.18
split_static_aci,0.95,2024-10-17,24,24,3609.24
split_static_aci,0.95,2024-10-18,24,24,3596.29
split_static_aci,0.95,2024-10-19,23,24,3585.68
split_static_aci,0.95,2024-10-20,24,24,3578.89
split_static_aci,0.95,2024-10-21,21,24,3577.51
split_static_aci,0.95,2024-10-22,24,24,3566.3
split_static_aci,0.95,2024-10-23,20,24,3580.04
split_static_aci,0.95,2024-10-24,24,24,3568.14
split_static_aci,0.95,2024-10-25,21,24,3590.26
split_static_aci,0.95,2024-10-26,24,24,3582.39
split_static_aci,0.95,2024-10-27,22,24,3599.72
split_static_aci,0.95,2024-10-28,22,24,3586.63
split_static_aci,0.95,2024-10-29,21,24,3591.8
split_static_aci,0.95,2024-10-30,23,24,3603.49
split_static_aci,0.95,2024-10-31,21,24,3617.18
split_static_aci,0.95,2024-11-01,20,24,3616.69
split_static_aci,0.95,2024-11-02,23,24,3627.63
split_static_aci,0.95,2024-11-03,16,24,3653.29
split_static_aci,0.95,2024-11-04,16,24,3649.8
split_static_aci,0.95,2024-11-05,24,24,3733.56
split_static_aci,0.95,2024-11-06,23,24,3790.65
split_static_aci,0.95,2024-11-07,22,24,3781.14
split_static_aci,0.95,2024-11-08,14,24,3780.91
split_static_aci,0.95,2024-11-09,23,24,3785.87
split_static_aci,0.95,2024-11-10,19,24,3892.76
split_static_aci,0.95,2024-11-11,16,24,3882.57
split_static_aci,0.95,2024-11-12,24,24,3933.84
split_static_aci,0.95,2024-11-13,24,24,4036.71
split_static_aci,0.95,2024-11-14,24,24,4021.59
split_static_aci,0.95,2024-11-15,22,24,4000.09
split_static_aci,0.95,2024-11-16,23,24,3980.35
split_static_aci,0.95,2024-11-17,24,24,3992.36
split_static_aci,0.95,2024-11-18,23,24,3989.07
split_static_aci,0.95,2024-11-19,20,24,3964.64
split_static_aci,0.95,2024-11-20,14,24,3960.86
split_static_aci,0.95,2024-11-21,16,24,4014.4
split_static_aci,0.95,2024-11-22,17,24,4106.69
split_static_aci,0.95,2024-11-23,16,24,4186.08
split_static_aci,0.95,2024-11-24,2,24,4251.25
split_static_aci,0.95,2024-11-25,1,24,4358.69
split_static_aci,0.95,2024-11-26,20,24,4662.07
split_static_aci,0.95,2024-11-27,24,24,5017.81
split_static_aci,0.95,2024-11-28,11,24,5063.97
split_static_aci,0.95,2024-11-29,23,24,5042.69
split_static_aci,0.95,2024-11-30,24,24,5257.4
split_static_aci,0.95,2024-12-01,21,24,5256.92
split_static_aci,0.95,2024-12-02,24,24,5232.65
split_static_aci,0.95,2024-12-03,24,24,5263.92
split_static_aci,0.95,2024-12-04,24,24,5239.32
split_static_aci,0.95,2024-12-05,13,24,5219.11
split_static_aci,0.95,2024-12-06,19,24,5203.29
split_static_aci,0.95,2024-12-07,20,24,5407.34
split_static_aci,0.95,2024-12-08,11,24,5489.42
split_static_aci,0.95,2024-12-09,23,24,5567.7
split_static_aci,0.95,2024-12-10,24,24,5872.52
split_static_aci,0.95,2024-12-11,24,24,5870.57
split_static_aci,0.95,2024-12-12,24,24,5832
split_static_aci,0.95,2024-12-13,23,24,5809.84
split_static_aci,0.95,2024-12-14,24,24,5779.58
split_static_aci,0.95,2024-12-15,16,24,5775.35
split_static_aci,0.95,2024-12-16,20,24,5742.46
split_static_aci,0.95,2024-12-17,18,24,5907.53
split_static_aci,0.95,2024-12-18,21,24,5997.71
split_static_aci,0.95,2024-12-19,21,24,6170.6
split_static_aci,0.95,2024-12-20,21,24,6222.29
split_static_aci,0.95,2024-12-21,24,24,6271.45
split_static_aci,0.95,2024-12-22,24,24,6348.82
split_static_aci,0.95,2024-12-23,19,24,6311.39
split_static_aci,0.95,2024-12-24,13,24,6260.49
split_static_aci,0.95,2024-12-25,15,24,6413.81
split_static_aci,0.95,2024-12-26,21,24,6849.95
split_static_aci,0.95,2024-12-27,24,24,7269.67
split_static_aci,0.95,2024-12-28,20,24,7434.64
split_static_aci,0.95,2024-12-29,24,24,7323.53
split_static_aci,0.95,2024-12-30,24,24,7542.34
split_static_aci,0.95,2024-12-31,24,24,7444.4
split_static_aci,0.95,2025-01-01,24,24,7345.75
split_static_aci,0.95,2025-01-02,24,24,7263.25
split_static_aci,0.95,2025-01-03,20,24,7166.06
split_static_aci,0.95,2025-01-04,24,24,7096.53
split_static_aci,0.95,2025-01-05,24,24,7288.19
split_static_aci,0.95,2025-01-06,24,24,7203.43
split_static_aci,0.95,2025-01-07,22,24,7144.41
split_static_aci,0.95,2025-01-08,24,24,7081.03
split_static_aci,0.95,2025-01-09,24,24,7096.53
split_static_aci,0.95,2025-01-10,22,24,7076.17
split_static_aci,0.95,2025-01-11,23,24,7018.96
split_static_aci,0.95,2025-01-12,7,24,7053.37
split_static_aci,0.95,2025-01-13,15,24,7041.51
split_static_aci,0.95,2025-01-14,19,24,8133.96
split_static_aci,0.95,2025-01-15,24,24,9082.27
split_static_aci,0.95,2025-01-16,24,24,9764.68
split_static_aci,0.95,2025-01-17,24,24,9556.25
split_static_aci,0.95,2025-01-18,21,24,9348.46
split_static_aci,0.95,2025-01-19,24,24,9095.29
split_static_aci,0.95,2025-01-20,19,24,9495.59
split_static_aci,0.95,2025-01-21,24,24,9269.76
split_static_aci,0.95,2025-01-22,24,24,9882.95
split_static_aci,0.95,2025-01-23,24,24,9636.73
split_static_aci,0.95,2025-01-24,24,24,9532.28
split_static_aci,0.95,2025-01-25,24,24,9305.78
split_static_aci,0.95,2025-01-26,24,24,9024.73
split_static_aci,0.95,2025-01-27,24,24,8767.98
split_static_aci,0.95,2025-01-28,24,24,8590.4
split_static_aci,0.95,2025-01-29,24,24,8491.78
split_static_aci,0.95,2025-01-30,24,24,8370.79
split_static_aci,0.95,2025-01-31,24,24,8277.72
split_static_aci,0.95,2025-02-01,24,24,8145.85
split_static_aci,0.95,2025-02-02,24,24,8075.48
split_static_aci,0.95,2025-02-03,24,24,7972.07
split_static_aci,0.95,2025-02-04,24,24,7897.67
split_static_aci,0.95,2025-02-05,24,24,7742.02
split_static_aci,0.95,2025-02-06,24,24,7639.98
split_static_aci,0.95,2025-02-07,24,24,7573.29
split_static_aci,0.95,2025-02-08,24,24,7542.34
split_static_aci,0.95,2025-02-09,24,24,7444.4
split_static_aci,0.95,2025-02-10,24,24,7345.75
split_static_aci,0.95,2025-02-11,24,24,7263.25
split_static_aci,0.95,2025-02-12,24,24,7166.06
split_static_aci,0.95,2025-02-13,24,24,7096.53
split_static_aci,0.95,2025-02-14,22,24,7076.17
split_static_aci,0.95,2025-02-15,24,24,7018.96
split_static_aci,0.95,2025-02-16,24,24,7053.37
split_static_aci,0.95,2025-02-17,17,24,6985.44
split_static_aci,0.95,2025-02-18,21,24,6933.73
split_static_aci,0.95,2025-02-19,24,24,7221.15
split_static_aci,0.95,2025-02-20,24,24,7345.75
split_static_aci,0.95,2025-02-21,24,24,7263.25
split_static_aci,0.95,2025-02-22,24,24,7166.06
split_static_aci,0.95,2025-02-23,23,24,7096.53
split_static_aci,0.95,2025-02-24,24,24,7076.17
split_static_aci,0.95,2025-02-25,24,24,7074.45
split_static_aci,0.95,2025-02-26,23,24,6995.48
split_static_aci,0.95,2025-02-27,24,24,6945.92
split_static_aci,0.95,2025-02-28,24,24,6933.73
split_static_aci,0.95,2025-03-01,24,24,6849.95
split_static_aci,0.95,2025-03-02,24,24,6769.49
split_static_aci,0.95,2025-03-03,23,24,6743.78
split_static_aci,0.95,2025-03-04,22,24,6696.07
split_static_aci,0.95,2025-03-05,24,24,6668.33
split_static_aci,0.95,2025-03-06,24,24,6728.1
split_static_aci,0.95,2025-03-07,24,24,6640.05
split_static_aci,0.95,2025-03-08,24,24,6574.51
split_static_aci,0.95,2025-03-09,17,24,6543.15
split_static_aci,0.95,2025-03-10,23,24,6506.04
split_static_aci,0.95,2025-03-11,23,24,6751.01
split_static_aci,0.95,2025-03-12,21,24,6749.01
split_static_aci,0.95,2025-03-13,18,24,6743.78
split_static_aci,0.95,2025-03-14,24,24,6816.47
split_static_aci,0.95,2025-03-15,23,24,7079.23
split_static_aci,0.95,2025-03-16,24,24,7023.73
split_static_aci,0.95,2025-03-17,24,24,7018.96
split_static_aci,0.95,2025-03-18,24,24,6947.26
split_static_aci,0.95,2025-03-19,24,24,6878.02
split_static_aci,0.95,2025-03-20,24,24,6801.19
split_static_aci,0.95,2025-03-21,24,24,6751.01
split_static_aci,0.95,2025-03-22,24,24,6725.55
split_static_aci,0.95,2025-03-23,23,24,6611.79
split_static_aci,0.95,2025-03-24,22,24,6567.7
split_static_aci,0.95,2025-03-25,21,24,6567.62
split_static_aci,0.95,2025-03-26,24,24,6580.71
split_static_aci,0.95,2025-03-27,24,24,6725.55
split_static_aci,0.95,2025-03-28,24,24,6611.79
split_static_aci,0.95,2025-03-29,23,24,6567.7
split_static_aci,0.95,2025-03-30,20,23,6522.27
split_static_aci,0.95,2025-03-31,20,24,6513.97
split_static_aci,0.95,2025-04-01,22,24,6580.71
split_static_aci,0.95,2025-04-02,24,24,6744.25
split_static_aci,0.95,2025-04-03,24,24,6765.99
split_static_aci,0.95,2025-04-04,24,24,6734.46
split_static_aci,0.95,2025-04-05,24,24,6668.33
split_static_aci,0.95,2025-04-06,24,24,6580.71
split_static_aci,0.95,2025-04-07,24,24,6546.11
split_static_aci,0.95,2025-04-08,24,24,6509.64
split_static_aci,0.95,2025-04-09,24,24,6472.23
split_static_aci,0.95,2025-04-10,24,24,6413.81
split_static_aci,0.95,2025-04-11,24,24,6350.43
split_static_aci,0.95,2025-04-12,24,24,6314.91
split_static_aci,0.95,2025-04-13,24,24,6260.92
split_static_aci,0.95,2025-04-14,15,24,6231.34
split_static_aci,0.95,2025-04-15,15,24,6186.68
split_static_aci,0.95,2025-04-16,24,24,6500.55
split_static_aci,0.95,2025-04-17,21,24,6823.87
split_static_aci,0.95,2025-04-18,24,24,6765.99
split_static_aci,0.95,2025-04-19,24,24,6868.06
split_static_aci,0.95,2025-04-20,24,24,6801.19
split_static_aci,0.95,2025-04-21,24,24,6751.01
split_static_aci,0.95,2025-04-22,24,24,6709.66
split_static_aci,0.95,2025-04-23,24,24,6610.25
split_static_aci,0.95,2025-04-24,24,24,6567.7
split_static_aci,0.95,2025-04-25,24,24,6522.27
split_static_aci,0.95,2025-04-26,24,24,6500.55
split_static_aci,0.95,2025-04-27,24,24,6440.23
split_static_aci,0.95,2025-04-28,24,24,6400.65
split_static_aci,0.95,2025-04-29,24,24,6339.52
split_static_aci,0.95,2025-04-30,24,24,6288.06
split_static_aci,0.95,2025-05-01,22,24,6242.72
split_static_aci,0.95,2025-05-02,21,24,6210.83
split_static_aci,0.95,2025-05-03,24,24,6238.08
split_static_aci,0.95,2025-05-04,24,24,6291.64
split_static_aci,0.95,2025-05-05,24,24,6249.9
split_static_aci,0.95,2025-05-06,24,24,6220.48
split_static_aci,0.95,2025-05-07,24,24,6179.24
split_static_aci,0.95,2025-05-08,23,24,6120.36
split_static_aci,0.95,2025-05-09,24,24,6083.62
split_static_aci,0.95,2025-05-10,24,24,6075.48
split_static_aci,0.95,2025-05-11,24,24,6029.06
split_static_aci,0.95,2025-05-12,24,24,6003.01
split_static_aci,0.95,2025-05-13,24,24,5965.91
split_static_aci,0.95,2025-05-14,24,24,5916.46
split_static_aci,0.95,2025-05-15,22,24,5885.53
split_static_aci,0.95,2025-05-16,24,24,5870.57
split_static_aci,0.95,2025-05-17,24,24,5878.57
split_static_aci,0.95,2025-05-18,24,24,5868.25
split_static_aci,0.95,2025-05-19,24,24,5821.22
split_static_aci,0.95,2025-05-20,24,24,5792.62
split_static_aci,0.95,2025-05-21,24,24,5771.61
split_static_aci,0.95,2025-05-22,24,24,5724.74
split_static_aci,0.95,2025-05-23,24,24,5707.2
split_static_aci,0.95,2025-05-24,24,24,5673.97
split_static_aci,0.95,2025-05-25,24,24,5627.28
split_static_aci,0.95,2025-05-26,24,24,5604.9
split_static_aci,0.95,2025-05-27,24,24,5573.97
split_static_aci,0.95,2025-05-28,24,24,5537.34
split_static_aci,0.95,2025-05-29,24,24,5507.74
split_static_aci,0.95,2025-05-30,24,24,5487.39
split_static_aci,0.95,2025-05-31,24,24,5450.14
split_static_aci,0.95,2025-06-01,24,24,5419.56
split_static_aci,0.95,2025-06-02,24,24,5404.21
split_static_aci,0.95,2025-06-03,24,24,5378.09
split_static_aci,0.95,2025-06-04,24,24,5340.56
split_static_aci,0.95,2025-06-05,24,24,5311.23
split_static_aci,0.95,2025-06-06,24,24,5292.53
split_static_aci,0.95,2025-06-07,24,24,5263.92
split_static_aci,0.95,2025-06-08,24,24,5239.32
split_static_aci,0.95,2025-06-09,24,24,5219.11
split_static_aci,0.95,2025-06-10,24,24,5201.75
split_static_aci,0.95,2025-06-11,24,24,5174.26
split_static_aci,0.95,2025-06-12,24,24,5153.1
split_static_aci,0.95,2025-06-13,24,24,5135.79
split_static_aci,0.95,2025-06-14,24,24,5109.85
split_static_aci,0.95,2025-06-15,24,24,5091.39
split_static_aci,0.95,2025-06-16,24,24,5065.95
split_static_aci,0.95,2025-06-17,24,24,5043.88
split_static_aci,0.95,2025-06-18,24,24,5022.43
split_static_aci,0.95,2025-06-19,24,24,5005.61
split_static_aci,0.95,2025-06-20,24,24,4986.82
split_static_aci,0.95,2025-06-21,24,24,4969.67
split_static_aci,0.95,2025-06-22,24,24,4949.78
split_static_aci,0.95,2025-06-23,24,24,4936.02
split_static_aci,0.95,2025-06-24,24,24,4926.91
split_static_aci,0.95,2025-06-25,24,24,4897.9
split_static_aci,0.95,2025-06-26,24,24,4883.48
split_static_aci,0.95,2025-06-27,24,24,4852.9
split_static_aci,0.95,2025-06-28,24,24,4836.41
split_static_aci,0.95,2025-06-29,24,24,4825.22
split_static_aci,0.95,2025-06-30,16,24,4797.1
split_static_aci,0.95,2025-07-01,24,24,4775.65
split_static_aci,0.95,2025-07-02,24,24,4892.12
split_static_aci,0.95,2025-07-03,24,24,4874.74
split_static_aci,0.95,2025-07-04,24,24,4841.98
split_static_aci,0.95,2025-07-05,24,24,4833.44
split_static_aci,0.95,2025-07-06,24,24,4815.63
split_static_aci,0.95,2025-07-07,10,24,4788.89
split_static_aci,0.95,2025-07-08,24,24,4765.49
split_static_aci,0.95,2025-07-09,24,24,4976.44
split_static_aci,0.95,2025-07-10,24,24,4958.01
split_static_aci,0.95,2025-07-11,24,24,4939.87
split_static_aci,0.95,2025-07-12,24,24,4931.6
split_static_aci,0.95,2025-07-13,24,24,4914.59
split_static_aci,0.95,2025-07-14,22,24,4888.96
split_static_aci,0.95,2025-07-15,24,24,4859.36
split_static_aci,0.95,2025-07-16,24,24,4883.48
split_static_aci,0.95,2025-07-17,24,24,4852.9
split_static_aci,0.95,2025-07-18,24,24,4836.41
split_static_aci,0.95,2025-07-19,24,24,4825.22
split_static_aci,0.95,2025-07-20,24,24,4797.1
split_static_aci,0.95,2025-07-21,24,24,4775.65
split_static_aci,0.95,2025-07-22,24,24,4753.98
split_static_aci,0.95,2025-07-23,24,24,4734.37
split_static_aci,0.95,2025-07-24,24,24,4714.64
split_static_aci,0.95,2025-07-25,24,24,4691.39
split_static_aci,0.95,2025-07-26,24,24,4671.87
split_static_aci,0.95,2025-07-27,24,24,4659.67
split_static_aci,0.95,2025-07-28,24,24,4649.24
split_static_aci,0.95,2025-07-29,24,24,4629.03
split_static_aci,0.95,2025-07-30,24,24,4618.69
split_static_aci,0.95,2025-07-31,24,24,4596.35
split_static_aci,0.95,2025-08-01,24,24,4575.73
split_static_aci,0.95,2025-08-02,24,24,4566.65
split_static_aci,0.95,2025-08-03,24,24,4540.45
split_static_aci,0.95,2025-08-04,24,24,4522.02
split_static_aci,0.95,2025-08-05,24,24,4491.24
split_static_aci,0.95,2025-08-06,24,24,4474.96
split_static_aci,0.95,2025-08-07,24,24,4459.37
split_static_aci,0.95,2025-08-08,24,24,4445.56
split_static_aci,0.95,2025-08-09,24,24,4422.81
split_static_aci,0.95,2025-08-10,24,24,4403.43
split_static_aci,0.95,2025-08-11,24,24,4385.96
split_static_aci,0.95,2025-08-12,24,24,4371.58
split_static_aci,0.95,2025-08-13,24,24,4358.69
split_static_aci,0.95,2025-08-14,22,24,4334.06
split_static_aci,0.95,2025-08-15,24,24,4312.41
split_static_aci,0.95,2025-08-16,24,24,4331.8
split_static_aci,0.95,2025-08-17,24,24,4305.82
split_static_aci,0.95,2025-08-18,24,24,4283.1
split_static_aci,0.95,2025-08-19,20,24,4274.79
split_static_aci,0.95,2025-08-20,24,24,4260.79
split_static_aci,0.95,2025-08-21,24,24,4288.55
split_static_aci,0.95,2025-08-22,24,24,4277.19
split_static_aci,0.95,2025-08-23,20,24,4265.58
split_static_aci,0.95,2025-08-24,24,24,4246.36
split_static_aci,0.95,2025-08-25,24,24,4281.32
split_static_aci,0.95,2025-08-26,24,24,4267.1
split_static_aci,0.95,2025-08-27,24,24,4250.59
split_static_aci,0.95,2025-08-28,24,24,4234.53
split_static_aci,0.95,2025-08-29,24,24,4230.04
split_static_aci,0.95,2025-08-30,24,24,4213.74
split_static_aci,0.95,2025-08-31,24,24,4200.7
split_static_aci,0.95,2025-09-01,24,24,4182.42
split_static_aci,0.95,2025-09-02,24,24,4172.66
split_static_aci,0.95,2025-09-03,23,24,4156.45
split_static_aci,0.95,2025-09-04,24,24,4135.28
split_static_aci,0.95,2025-09-05,24,24,4134.5
split_static_aci,0.95,2025-09-06,24,24,4122.4
split_static_aci,0.95,2025-09-07,24,24,4113.05
split_static_aci,0.95,2025-09-08,24,24,4093.27
split_static_aci,0.95,2025-09-09,24,24,4076.41
split_static_aci,0.95,2025-09-10,22,24,4063.49
split_static_aci,0.95,2025-09-11,24,24,4053.29
split_static_aci,0.95,2025-09-12,24,24,4059.55
split_static_aci,0.95,2025-09-13,24,24,4049.62
split_static_aci,0.95,2025-09-14,24,24,4042.07
split_static_aci,0.95,2025-09-15,24,24,4036.71
split_static_aci,0.95,2025-09-16,24,24,4021.59
split_static_aci,0.95,2025-09-17,24,24,3994.96
split_static_aci,0.95,2025-09-18,24,24,3978.61
split_static_aci,0.95,2025-09-19,24,24,3953.09
split_static_aci,0.95,2025-09-20,24,24,3941.7
split_static_aci,0.95,2025-09-21,24,24,3929.92
split_static_aci,0.95,2025-09-22,24,24,3922.05
split_static_aci,0.95,2025-09-23,20,24,3903.27
split_static_aci,0.95,2025-09-24,24,24,3881.56
split_static_aci,0.95,2025-09-25,24,24,3925.16
split_static_aci,0.95,2025-09-26,22,24,3910.89
split_static_aci,0.95,2025-09-27,24,24,3892.76
split_static_aci,0.95,2025-09-28,24,24,3903.27
split_static_aci,0.95,2025-09-29,24,24,3881.56
split_static_aci,0.95,2025-09-30,24,24,3867.36
split_static_aci,0.95,2025-10-01,24,24,3853.4
split_static_aci,0.95,2025-10-02,23,24,3833.88
split_static_aci,0.95,2025-10-03,24,24,3820.28
split_static_aci,0.95,2025-10-04,24,24,3819.8
split_static_aci,0.95,2025-10-05,24,24,3808.84
split_static_aci,0.95,2025-10-06,21,24,3791.13
split_static_aci,0.95,2025-10-07,24,24,3784.17
split_static_aci,0.95,2025-10-08,24,24,3802.32
split_static_aci,0.95,2025-10-09,22,24,3789.57
split_static_aci,0.95,2025-10-10,24,24,3780.91
split_static_aci,0.95,2025-10-11,24,24,3784.66
split_static_aci,0.95,2025-10-12,24,24,3779.03
split_static_aci,0.95,2025-10-13,24,24,3761.94
split_static_aci,0.95,2025-10-14,24,24,3752.5
split_static_aci,0.95,2025-10-15,23,24,3741.82
split_static_aci,0.95,2025-10-16,24,24,3735.92
split_static_aci,0.95,2025-10-17,24,24,3731.11
split_static_aci,0.95,2025-10-18,24,24,3714.64
split_static_aci,0.95,2025-10-19,24,24,3705.75
split_static_aci,0.95,2025-10-20,22,24,3692.42
split_static_aci,0.95,2025-10-21,24,24,3674.63
split_static_aci,0.95,2025-10-22,24,24,3682.56
split_static_aci,0.95,2025-10-23,20,24,3665.9
split_static_aci,0.95,2025-10-24,24,24,3653.29
split_static_aci,0.95,2025-10-25,24,24,3692.42
split_static_aci,0.95,2025-10-26,19,24,3674.63
split_static_aci,0.95,2025-10-27,20,24,3657.72
split_static_aci,0.95,2025-10-28,24,24,3708.2
split_static_aci,0.95,2025-10-29,24,24,3738.41
split_static_aci,0.95,2025-10-30,23,24,3726.71
split_static_aci,0.95,2025-10-31,24,24,3711.52
split_static_aci,0.95,2025-11-01,20,24,3710.47
split_static_aci,0.95,2025-11-02,23,24,3694.66
split_static_aci,0.95,2025-11-03,22,24,3728
split_static_aci,0.95,2025-11-04,19,24,3726.71
split_static_aci,0.95,2025-11-05,20,24,3735.92
split_static_aci,0.95,2025-11-06,24,24,3763.62
split_static_aci,0.95,2025-11-07,24,24,3790.65
split_static_aci,0.95,2025-11-08,22,24,3781.1
split_static_aci,0.95,2025-11-09,24,24,3769.16
split_static_aci,0.95,2025-11-10,24,24,3779.99
split_static_aci,0.95,2025-11-11,20,24,3763.62
split_static_aci,0.95,2025-11-12,24,24,3754.57
split_static_aci,0.95,2025-11-13,24,24,3781.1
split_static_aci,0.95,2025-11-14,24,24,3769.16
split_static_aci,0.95,2025-11-15,24,24,3757.79
split_static_aci,0.95,2025-11-16,24,24,3748.21
split_static_aci,0.95,2025-11-17,15,24,3738.51
split_static_aci,0.95,2025-11-18,14,24,3728
split_static_aci,0.95,2025-11-19,9,24,3796.49
split_static_aci,0.95,2025-11-20,18,24,3910.89
split_static_aci,0.95,2025-11-21,1,24,4069.78
split_static_aci,0.95,2025-11-22,12,24,4126.2
split_static_aci,0.95,2025-11-23,18,24,4417.77
split_static_aci,0.95,2025-11-24,0,24,4594.86
split_static_aci,0.95,2025-11-25,13,24,4658.15
split_static_aci,0.95,2025-11-26,24,24,5022.09
split_static_aci,0.95,2025-11-27,23,24,5201.75
split_static_aci,0.95,2025-11-28,22,24,5174.26
split_static_aci,0.95,2025-11-29,19,24,5168.94
split_static_aci,0.95,2025-11-30,21,24,5185.96
split_static_aci,0.95,2025-12-01,11,24,5257.4
split_static_aci,0.95,2025-12-02,22,24,5296.41
split_static_aci,0.95,2025-12-03,10,24,5573.97
split_static_aci,0.95,2025-12-04,23,24,5593.72
split_static_aci,0.95,2025-12-05,22,24,5916.46
split_static_aci,0.95,2025-12-06,24,24,5916.23
split_static_aci,0.95,2025-12-07,24,24,5955.85
split_static_aci,0.95,2025-12-08,13,24,5907.53
split_static_aci,0.95,2025-12-09,23,24,5878.31
split_static_aci,0.95,2025-12-10,24,24,6197.06
split_static_aci,0.95,2025-12-11,24,24,6186.68
split_static_aci,0.95,2025-12-12,24,24,6127.36
split_static_aci,0.95,2025-12-13,24,24,6098.91
split_static_aci,0.95,2025-12-14,22,24,6051.78
split_static_aci,0.95,2025-12-15,24,24,6016.39
split_static_aci,0.95,2025-12-16,24,24,6035.07
split_static_aci,0.95,2025-12-17,24,24,6005.27
split_static_aci,0.95,2025-12-18,23,24,5970.73
split_static_aci,0.95,2025-12-19,24,24,5924.36
split_static_aci,0.95,2025-12-20,24,24,5916.46
split_static_aci,0.95,2025-12-21,24,24,5885.53
split_static_aci,0.95,2025-12-22,21,24,5870.57
split_static_aci,0.95,2025-12-23,18,24,5832
split_static_aci,0.95,2025-12-24,23,24,5878.31
split_static_aci,0.95,2025-12-25,18,24,6016.39
split_static_aci,0.95,2025-12-26,23,24,6014
split_static_aci,0.95,2025-12-27,4,24,6181.11
split_static_aci,0.95,2025-12-28,23,24,6179.24
split_static_aci,0.95,2025-12-29,24,24,6986.66
split_static_aci,0.95,2025-12-30,24,24,6985.44
split_static_aci,0.95,2025-12-31,21,24,6926.02
split_static_aci,0.95,2026-01-01,12,24,6845.42
split_static_aci,0.95,2026-01-02,24,24,6949.56
split_static_aci,0.95,2026-01-03,24,24,7576.02
split_static_aci,0.95,2026-01-04,24,24,7552.52
split_static_aci,0.95,2026-01-05,24,24,7476.19
split_static_aci,0.95,2026-01-06,24,24,7397
split_static_aci,0.95,2026-01-07,23,24,7269.63
split_static_aci,0.95,2026-01-08,18,24,7181.47
split_static_aci,0.95,2026-01-09,18,24,7160.23
split_static_aci,0.95,2026-01-10,24,24,7541.28
split_static_aci,0.95,2026-01-11,24,24,7866.91
split_static_aci,0.95,2026-01-12,24,24,7738
split_static_aci,0.95,2026-01-13,16,24,7639.98
split_static_aci,0.95,2026-01-14,16,24,7573.29
split_static_aci,0.95,2026-01-15,24,24,8133.96
split_static_aci,0.95,2026-01-16,24,24,8785.45
split_static_aci,0.95,2026-01-17,24,24,8637.26
split_static_aci,0.95,2026-01-18,24,24,8527.44
split_static_aci,0.95,2026-01-19,24,24,8387.89
split_static_aci,0.95,2026-01-20,21,24,8281.08
split_static_aci,0.95,2026-01-21,24,24,8186.76
split_static_aci,0.95,2026-01-22,24,24,8340.12
split_static_aci,0.95,2026-01-23,24,24,8245.97
split_static_aci,0.95,2026-01-24,24,24,8138.16
split_static_aci,0.95,2026-01-25,24,24,8027.82
split_static_aci,0.95,2026-01-26,24,24,7970.63
split_static_aci,0.95,2026-01-27,24,24,7850.19
split_static_aci,0.95,2026-01-28,22,24,7724.7
split_static_aci,0.95,2026-01-29,24,24,7625.97
split_static_aci,0.95,2026-01-30,24,24,7703.74
split_static_aci,0.95,2026-01-31,24,24,7593.36
split_static_aci,0.95,2026-02-01,24,24,7556.62
split_static_aci,0.95,2026-02-02,24,24,7489.06
split_static_aci,0.95,2026-02-03,24,24,7411.63
split_static_aci,0.95,2026-02-04,24,24,7289.78
split_static_aci,0.95,2026-02-05,24,24,7221.15
split_static_aci,0.95,2026-02-06,24,24,7147.89
split_static_aci,0.95,2026-02-07,24,24,7083.96
split_static_aci,0.95,2026-02-08,24,24,7034.45
split_static_aci,0.95,2026-02-09,24,24,6973.18
split_static_aci,0.95,2026-02-10,24,24,6907.62
split_static_aci,0.95,2026-02-11,24,24,6823.87
split_static_aci,0.95,2026-02-12,24,24,6765.99
split_static_aci,0.95,2026-02-13,21,24,6734.46
split_static_aci,0.95,2026-02-14,16,24,6668.33
split_static_aci,0.95,2026-02-15,8,24,6751.01
split_static_aci,0.95,2026-02-16,24,24,7085.4
split_static_aci,0.95,2026-02-17,22,24,8145.85
split_static_aci,0.95,2026-02-18,24,24,8075.48
split_static_aci,0.95,2026-02-19,24,24,8133.96
split_static_aci,0.95,2026-02-20,24,24,8020.07
split_static_aci,0.95,2026-02-21,22,24,7937.46
split_static_aci,0.95,2026-02-22,21,24,7798.24
split_static_aci,0.95,2026-02-23,24,24,7913.62
split_static_aci,0.95,2026-02-24,24,24,8027.82
split_static_aci,0.95,2026-02-25,24,24,7970.63
split_static_aci,0.95,2026-02-26,24,24,7850.19
split_static_aci,0.95,2026-02-27,24,24,7724.7
split_static_aci,0.95,2026-02-28,24,24,7625.97
split_static_aci,0.95,2026-03-01,24,24,7565.61
split_static_aci,0.95,2026-03-02,24,24,7539.11
split_static_aci,0.95,2026-03-03,24,24,7435.29
split_static_aci,0.95,2026-03-04,24,24,7324.75
split_static_aci,0.95,2026-03-05,20,24,7248.33
split_static_aci,0.95,2026-03-06,23,24,7153.97
split_static_aci,0.95,2026-03-07,24,24,7397
split_static_aci,0.95,2026-03-08,24,24,7345.75
split_static_aci,0.95,2026-03-09,24,24,7263.25
split_static_aci,0.95,2026-03-10,24,24,7160.23
split_static_aci,0.95,2026-03-11,22,24,7089.39
split_static_aci,0.95,2026-03-12,24,24,7076.17
split_static_aci,0.95,2026-03-13,24,24,7085.4
split_static_aci,0.95,2026-03-14,24,24,7053.37
split_static_aci,0.95,2026-03-15,23,24,6985.44
split_static_aci,0.95,2026-03-16,24,24,6926.02
split_static_aci,0.95,2026-03-17,24,24,6907.62
split_static_aci,0.95,2026-03-18,24,24,6823.87
split_static_aci,0.95,2026-03-19,24,24,6765.99
split_static_aci,0.95,2026-03-20,24,24,6734.46
split_static_aci,0.95,2026-03-21,24,24,6668.33
split_static_aci,0.95,2026-03-22,20,24,6580.71
split_static_aci,0.95,2026-03-23,21,24,6546.11
split_static_aci,0.95,2026-03-24,24,24,6700.3
split_static_aci,0.95,2026-03-25,24,24,6765.87
split_static_aci,0.95,2026-03-26,18,24,6733.54
split_static_aci,0.95,2026-03-27,24,24,6643.44
split_static_aci,0.95,2026-03-28,24,24,6888.39
split_static_aci,0.95,2026-03-29,22,23,6818.78
split_static_aci,0.95,2026-03-30,21,24,6765.87
split_static_aci,0.95,2026-03-31,24,24,6753.74
split_static_aci,0.95,2026-04-01,24,24,6849.95
split_static_aci,0.95,2026-04-02,24,24,6769.49
split_static_aci,0.95,2026-04-03,24,24,6743.78
split_static_aci,0.95,2026-04-04,19,24,6693.35
split_static_aci,0.95,2026-04-05,17,24,6599.16
split_static_aci,0.95,2026-04-06,24,24,6785.41
split_static_aci,0.95,2026-04-07,24,24,7088.86
split_static_aci,0.95,2026-04-08,24,24,7053.37
split_static_aci,0.95,2026-04-09,24,24,6985.44
split_static_aci,0.95,2026-04-10,24,24,6933.73
split_static_aci,0.95,2026-04-11,24,24,6849.95
split_static_aci,0.95,2026-04-12,19,24,6769.49
split_static_aci,0.95,2026-04-13,24,24,6743.78
split_static_aci,0.95,2026-04-14,24,24,6945.92
split_static_aci,0.95,2026-04-15,24,24,6863.17
split_static_aci,0.95,2026-04-16,24,24,6785.41
split_static_aci,0.95,2026-04-17,24,24,6749.01
split_static_aci,0.95,2026-04-18,24,24,6700.3
split_static_aci,0.95,2026-04-19,24,24,6609.29
split_static_aci,0.95,2026-04-20,24,24,6563.24
split_static_aci,0.95,2026-04-21,24,24,6513.97
split_static_aci,0.95,2026-04-22,24,24,6497.33
split_static_aci,0.95,2026-04-23,24,24,6428.31
split_static_aci,0.95,2026-04-24,24,24,6371.5
split_static_aci,0.95,2026-04-25,24,24,6336.23
split_static_aci,0.95,2026-04-26,24,24,6271.45
split_static_aci,0.95,2026-04-27,24,24,6241.98
split_static_aci,0.95,2026-04-28,24,24,6201.64
split_static_aci,0.95,2026-04-29,24,24,6170.6
split_static_aci,0.95,2026-04-30,24,24,6109.37
split_static_aci,0.95,2026-05-01,23,24,6065.08
split_static_aci,0.95,2026-05-02,24,24,6025.53
split_static_aci,0.95,2026-05-03,24,24,6024.58
split_static_aci,0.95,2026-05-04,24,24,5985.4
split_static_aci,0.95,2026-05-05,24,24,5958.01
split_static_aci,0.95,2026-05-06,24,24,5912.19
split_static_aci,0.95,2026-05-07,24,24,5882.66
split_static_aci,0.95,2026-05-08,24,24,5868.25
split_static_aci,0.95,2026-05-09,24,24,5821.22
split_static_aci,0.95,2026-05-10,24,24,5796.03
split_static_aci,0.95,2026-05-11,24,24,5773.62
split_static_aci,0.95,2026-05-12,24,24,5724.74
split_static_aci,0.95,2026-05-13,24,24,5707.2
split_static_aci,0.95,2026-05-14,24,24,5673.97
split_static_aci,0.95,2026-05-15,24,24,5633.16
split_static_aci,0.95,2026-05-16,24,24,5604.9
split_static_aci,0.95,2026-05-17,24,24,5573.97
split_static_aci,0.95,2026-05-18,24,24,5537.34
split_static_aci,0.95,2026-05-19,24,24,5508.05
split_static_aci,0.95,2026-05-20,24,24,5487.39
split_static_aci,0.95,2026-05-21,24,24,5450.14
split_static_aci,0.95,2026-05-22,19,24,5419.56
split_static_aci,0.95,2026-05-23,24,24,5404.63
split_static_aci,0.95,2026-05-24,24,24,5488.26
split_static_aci,0.95,2026-05-25,21,24,5461.89
split_static_aci,0.95,2026-05-26,24,24,5424.03
split_static_aci,0.95,2026-05-27,24,24,5482.84
split_static_aci,0.95,2026-05-28,24,24,5433.93
split_static_aci,0.95,2026-05-29,24,24,5415.81
split_static_aci,0.95,2026-05-30,24,24,5394.65
split_static_aci,0.95,2026-05-31,24,24,5368.69
split_static_aci,0.95,2026-06-01,24,24,5330.59
split_static_aci,0.95,2026-06-02,24,24,5304.01
split_static_aci,0.95,2026-06-03,24,24,5278.81
split_static_aci,0.95,2026-06-04,24,24,5257.4
split_static_aci,0.95,2026-06-05,24,24,5235.25
split_static_aci,0.95,2026-06-06,24,24,5212.92
split_static_aci,0.95,2026-06-07,24,24,5194.54
split_static_aci,0.95,2026-06-08,24,24,5166.21
split_static_aci,0.95,2026-06-09,24,24,5146.26
split_static_aci,0.95,2026-06-10,24,24,5125.87
split_static_aci,0.95,2026-06-11,24,24,5106.98
split_static_aci,0.95,2026-06-12,24,24,5085.14
split_static_aci,0.95,2026-06-13,24,24,5059.59
split_static_aci,0.95,2026-06-14,24,24,5036.37
split_static_aci,0.95,2026-06-15,24,24,5020.83
split_static_aci,0.95,2026-06-16,24,24,5003.01
split_static_aci,0.95,2026-06-17,24,24,4979.36
split_static_aci,0.95,2026-06-18,24,24,4962.32
split_static_aci,0.95,2026-06-19,24,24,4944.67
split_static_aci,0.95,2026-06-20,24,24,4933.96
split_static_aci,0.95,2026-06-21,23,24,4919.36
split_static_aci,0.95,2026-06-22,24,24,4892.12
split_static_aci,0.95,2026-06-23,24,24,4889.88
split_static_aci,0.95,2026-06-24,24,24,4870.95
split_static_aci,0.95,2026-06-25,24,24,4839.13
split_static_aci,0.95,2026-06-26,24,24,4831.81
split_static_aci,0.95,2026-06-27,24,24,4813.2
split_static_aci,0.95,2026-06-28,19,24,4782.52
split_static_aci,0.95,2026-06-29,20,24,4760.11
split_static_aci,0.95,2026-06-30,24,24,4833.44
split_static_aci,0.95,2026-07-01,17,24,4883.48
split_static_aci,0.95,2026-07-02,18,24,4854.9
split_static_aci,0.95,2026-07-03,24,24,4949.75
split_static_aci,0.95,2026-07-04,17,24,5022.09
split_static_aci,0.95,2026-07-05,19,24,5005.31
split_static_aci,0.95,2026-07-06,24,24,5106.98
split_static_aci,0.95,2026-07-07,24,24,5168.94
split_static_aci,0.95,2026-07-08,24,24,5151.08
split_static_aci,0.95,2026-07-09,24,24,5128.97
split_static_aci,0.95,2026-07-10,24,24,5108.61
split_static_aci,0.95,2026-07-11,24,24,5089.97
split_static_aci,0.95,2026-07-12,24,24,5063.97
split_static_aci,0.95,2026-07-13,24,24,5042.69
split_static_aci,0.95,2026-07-14,15,24,5022.09
split_static_aci,0.95,2026-07-15,24,24,5005.31
split_static_aci,0.95,2026-07-16,24,24,5141.8
split_static_aci,0.95,2026-07-17,24,24,5117.6
split_static_aci,0.95,2026-07-18,24,24,5099.23
split_static_aci,0.95,2026-07-19,24,24,5076.94
split_static_aci,0.95,2026-07-20,24,24,5054.99
split_static_aci,0.95,2026-07-21,22,24,5028.13
split_static_aci,0.95,2026-07-22,12,24,5016.13
split_static_aci,0.95,2026-07-23,24,24,5022.43
split_static_aci,0.95,2026-07-24,24,24,5219.11
split_static_aci,0.95,2026-07-25,24,24,5203.29
split_static_aci,0.95,2026-07-26,24,24,5175.06
split_static_aci,0.95,2026-07-27,24,24,5153.1
split_static_aci,0.95,2026-07-28,24,24,5135.79
split_static_aci,0.95,2026-07-29,15,24,5111.67
split_static_aci,0.95,2026-07-30,24,24,5092.45
split_static_aci,0.95,2026-07-31,24,24,5232.65
split_static_aci,0.95,2026-08-01,24,24,5211.75
split_static_aci,0.95,2026-08-02,24,24,5185.96
split_static_aci,0.95,2026-08-03,24,24,5159.88
split_static_aci,0.95,2026-08-04,24,24,5145.52
split_static_aci,0.95,2026-08-05,24,24,5118.22
split_static_aci,0.95,2026-08-06,24,24,5101.15
split_static_aci,0.95,2026-08-07,24,24,5077.61
split_static_aci,0.95,2026-08-08,24,24,5055.8
split_static_aci,0.95,2026-08-09,24,24,5030.65
split_static_aci,0.95,2026-08-10,24,24,5017.81
split_static_aci,0.95,2026-08-11,24,24,4996.23
split_static_aci,0.95,2026-08-12,24,24,4979.18
split_static_aci,0.95,2026-08-13,19,24,4962.05
split_static_aci,0.95,2026-08-14,23,24,4942.61
split_static_aci,0.95,2026-08-15,24,24,5003.01
split_static_aci,0.95,2026-08-16,24,24,4996.23
split_static_aci,0.95,2026-08-17,24,24,4979.18
split_static_aci,0.95,2026-08-18,24,24,4962.05
split_static_aci,0.95,2026-08-19,24,24,4942.61
split_static_aci,0.95,2026-08-20,24,24,4931.63
split_static_aci,0.95,2026-08-21,19,24,4919.13
split_static_aci,0.95,2026-08-22,23,24,4889.88
split_static_aci,0.95,2026-08-23,24,24,4944.67
split_static_aci,0.95,2026-08-24,21,24,4942.61
split_static_aci,0.95,2026-08-25,24,24,4931.63
split_static_aci,0.95,2026-08-26,24,24,4949.78
split_static_aci,0.95,2026-08-27,23,24,4936.15
split_static_aci,0.95,2026-08-28,24,24,4926.91
split_static_aci,0.95,2026-08-29,24,24,4923.12
split_static_aci,0.95,2026-08-30,24,24,4895.75
split_static_aci,0.95,2026-08-31,22,24,4880.32
